graph_id,response,tokens
"0","0 -> 2 -> 4","224"
"1","0 -> 3 -> 4","218"
"2","0 -> 1 -> 2 -> 4","218"
"3","0 -> 2 -> 3 -> 4","224"
"4","0 -> 2 -> 4","224"
"5","0 -> 1 -> 2 -> 3 -> 4","224"
"6","0 -> 2 -> 4","218"
"7","0 -> 2 -> 3 -> 4","218"
"8","0 -> 2 -> 3 -> 4","218"
"9","0 -> 3 -> 4","218"
"10","0 -> 1 -> 2 -> 4","230"
"11","0 -> 1 -> 2 -> 3 -> 4","224"
"12","0 -> 2 -> 3 -> 4","242"
"13","0 -> 1 -> 2 -> 3 -> 4","236"
"14","0 -> 1 -> 2 -> 4","242"
"15","0 -> 2 -> 3 -> 4","242"
"16","0 -> 1 -> 3 -> 4","236"
"17","0 -> 1 -> 2 -> 3 -> 4","236"
"18","0 -> 1 -> 2 -> 3 -> 4","230"
"19","0 -> 1 -> 3 -> 4","224"
"20","0 -> 1 -> 2 -> 3 -> 4","242"
"21","0 -> 1 -> 2 -> 3 -> 4","248"
"22","0 -> 1 -> 2 -> 3 -> 4","242"
"23","0 -> 1 -> 2 -> 3 -> 4","236"
"24","0 -> 1 -> 2 -> 3 -> 4","236"
"25","0 -> 1 -> 3 -> 4","248"
"26","0 -> 1 -> 2 -> 3 -> 4","248"
"27","0 -> 1 -> 2 -> 3 -> 4","236"
"28","0 -> 1 -> 2 -> 3 -> 4","236"
"29","0 -> 1 -> 2 -> 3 -> 4","242"
"30","0 -> 1 -> 2 -> 3 -> 4","242"
"31","0 -> 1 -> 2 -> 3 -> 4","242"
"32","0 -> 1 -> 2 -> 3 -> 4","248"
"33","0 -> 1 -> 2 -> 3 -> 4","242"
"34","0 -> 1 -> 2 -> 3 -> 4","248"
"35","0 -> 1 -> 2 -> 3 -> 4","242"
"36","0 -> 1 -> 2 -> 3 -> 4","236"
"37","0 -> 1 -> 2 -> 3 -> 4","236"
"38","0 -> 1 -> 2 -> 3 -> 4","254"
"39","0 -> 1 -> 2 -> 3 -> 4","242"
"40","0 -> 1 -> 2 -> 3 -> 4","254"
"41","0 -> 2 -> 3 -> 4","248"
"42","0 -> 2 -> 4","248"
"43","0 -> 1 -> 2 -> 3 -> 4","242"
"44","0 -> 1 -> 2 -> 3 -> 4","254"
"45","0 -> 1 -> 2 -> 3 -> 4","242"
"46","0 -> 1 -> 2 -> 3 -> 4","254"
"47","0 -> 1 -> 2 -> 3 -> 4","248"
"48","0 -> 1 -> 2 -> 3 -> 4","248"
"49","0 -> 1 -> 2 -> 3 -> 4","248"
"50","0 -> 1 -> 2 -> 3 -> 4","254"
"51","0 -> 1 -> 2 -> 3 -> 4","254"
"52","0 -> 1 -> 2 -> 3 -> 4","254"
"53","0 -> 1 -> 2 -> 3 -> 4","260"
"54","0 -> 1 -> 2 -> 3 -> 4","254"
"55","0 -> 1 -> 2 -> 3 -> 4","254"
"56","0 -> 2 -> 3 -> 4","254"
"57","0 -> 1 -> 2 -> 3 -> 4","254"
"58","0 -> 1 -> 2 -> 4","254"
"59","0 -> 1 -> 2 -> 3 -> 4","254"
"60","0 -> 1 -> 2 -> 3 -> 4","260"
"61","0 -> 2 -> 4","254"
"62","0 -> 2 -> 4","254"
"63","0 -> 1 -> 2 -> 3 -> 4","254"
"64","0 -> 1 -> 2 -> 3 -> 4","254"
"65","0 -> 1 -> 2 -> 4","254"
"66","0 -> 2 -> 4","254"
"67","0 -> 1 -> 2 -> 3 -> 4","254"
"68","0 -> 1 -> 2 -> 3 -> 4","260"
"69","0 -> 2 -> 3 -> 4","254"
"70","3 -> 4","218"
"71","0 -> 2 -> 3 -> 4","218"
"72","0 -> 1 -> 2 -> 3 -> 4","224"
"73","0 -> 2 -> 3 -> 4","224"
"74","0 -> 2 -> 3 -> 4","230"
"75","0 -> 2 -> 3 -> 4","218"
"76","0 -> 1 -> 2 -> 3 -> 4","230"
"77","0 -> 2 -> 3 -> 4","218"
"78","0 -> 1 -> 2 -> 3 -> 4","224"
"79","0 -> 2 -> 3 -> 4","218"
"80","0 -> 1 -> 2 -> 3 -> 4","224"
"81","0 -> 2 -> 3 -> 4","230"
"82","0 -> 1 -> 2 -> 3 -> 4","230"
"83","0 -> 1 -> 3 -> 4","224"
"84","0 -> 2 -> 4","230"
"85","0 -> 1 -> 3 -> 4","242"
"86","0 -> 2 -> 3 -> 4","230"
"87","0 -> 1 -> 2 -> 3 -> 4","236"
"88","0 -> 2 -> 3 -> 4","242"
"89","0 -> 1 -> 2 -> 4","242"
"90","0 -> 1 -> 2 -> 3 -> 4","248"
"91","0 -> 1 -> 2 -> 4","236"
"92","0 -> 1 -> 2 -> 4","242"
"93","0 -> 1 -> 2 -> 3 -> 4","242"
"94","0 -> 0 -> 1 -> 3 -> 4","248"
"95","0 -> 1 -> 3 -> 4","248"
"96","3 -> 4","224"
"97","0 -> 2 -> 4","236"
"98","0 -> 1 -> 2 -> 3 -> 4","248"
"99","0 -> 3 -> 4","242"
"100","0 -> 1 -> 2 -> 3 -> 4","260"
"101","0 -> 1 -> 4","260"
"102","0 -> 1 -> 2 -> 3 -> 4","260"
"103","0 -> 1 -> 2 -> 4","266"
"104","0 -> 1 -> 2 -> 3 -> 4","266"
"105","0 -> 1 -> 2 -> 3 -> 4","248"
"106","0 -> 1 -> 2 -> 4","260"
"107","0 -> 1 -> 3 -> 4","266"
"108","0 -> 2 -> 3 -> 4","254"
"109","0 -> 2 -> 3 -> 4","260"
"110","0 -> 1 -> 2 -> 4","260"
"111","0 -> 1 -> 2 -> 3 -> 4","266"
"112","0 -> 1 -> 2 -> 3 -> 4","266"
"113","0 -> 1 -> 2 -> 3 -> 4","266"
"114","0 -> 1 -> 2 -> 3 -> 4","272"
"115","0 -> 2 -> 3 -> 4","260"
"116","0 -> 1 -> 2 -> 3 -> 4","260"
"117","0 -> 2 -> 4","266"
"118","0 -> 1 -> 2 -> 3 -> 4","260"
"119","0 -> 1 -> 2 -> 4","266"
"120","0 -> 1 -> 3 -> 4","266"
"121","0 -> 2 -> 3 -> 4","266"
"122","0 -> 1 -> 2 -> 4","272"
"123","0 -> 2 -> 3 -> 4","266"
"124","0 -> 1 -> 2 -> 3 -> 4","266"
"125","0 -> 1 -> 2 -> 3 -> 4","266"
"126","0 -> 2 -> 3 -> 4","272"
"127","0 -> 1 -> 2 -> 4","266"
"128","0 -> 1 -> 2 -> 3 -> 4","272"
"129","0 -> 1 -> 2 -> 3 -> 4","272"
"130","0 -> 2 -> 1 -> 3 -> 4","272"
"131","0 -> 1 -> 2 -> 3 -> 4","266"
"132","0 -> 1 -> 4","272"
"133","0 -> 2 -> 3 -> 4","272"
"134","0 -> 1 -> 2 -> 3 -> 4","266"
"135","0 -> 1 -> 3 -> 4","272"
"136","0 -> 1 -> 2 -> 3 -> 4","272"
"137","0 -> 1 -> 2 -> 4","272"
"138","0 -> 1 -> 2 -> 3 -> 4","266"
"139","0 -> 1 -> 2 -> 3 -> 4","272"
"140","0 -> 3 -> 4","218"
"141","0 -> 1 -> 3 -> 4","230"
"142","0 -> 1 -> 2 -> 3 -> 4","211"
"143","0 -> 0 -> 3 -> 4","230"
"144","0 -> 1 -> 3 -> 4","218"
"145","0 -> 3 -> 4","230"
"146","0 -> 2 -> 3 -> 4","230"
"147","0 -> 2 -> 4","224"
"148","0 -> 1 -> 2 -> 3 -> 4","218"
"149","3 -> 2 -> 1 -> 0 -> 4","224"
"150","0 -> 1 -> 2 -> 3 -> 4","248"
"151","0 -> 1 -> 2 -> 3 -> 4","236"
"152","0 -> 1 -> 3 -> 4","230"
"153","0 -> 0 -> 1 -> 3 -> 4","236"
"154","0 -> 2 -> 3 -> 4","224"
"155","0 -> 1 -> 2 -> 4","230"
"156","0 -> 2 -> 3 -> 4","218"
"157","0 -> 1 -> 2 -> 3 -> 4","211"
"158","0 -> 1 -> 2 -> 4","218"
"159","0 -> 1 -> 3 -> 4","224"
"160","0 -> 1 -> 2 -> 3 -> 4","248"
"161","0 -> 2 -> 1 -> 3 -> 4","260"
"162","0 -> 2 -> 4","242"
"163","0 -> 1 -> 2 -> 3 -> 4","248"
"164","0 -> 1 -> 3 -> 2 -> 4","236"
"165","0 -> 1 -> 3 -> 4","248"
"166","0 -> 1 -> 2 -> 3 -> 4","236"
"167","0 -> 2 -> 4","236"
"168","0 -> 2 -> 1 -> 2 -> 4","224"
"169","3 -> 2 -> 1 -> 4","218"
"170","0 -> 1 -> 2 -> 4","242"
"171","0 -> 1 -> 4","254"
"172","0 -> 2 -> 4","242"
"173","0 -> 1 -> 2 -> 4","248"
"174","0 -> 1 -> 2 -> 3 -> 4","254"
"175","0 -> 1 -> 2 -> 4","254"
"176","0 -> 2 -> 4","254"
"177","0 -> 1 -> 3 -> 4","248"
"178","0 -> 1 -> 2 -> 4","260"
"179","0 -> 1 -> 2 -> 3 -> 4","242"
"180","0 -> 1 -> 2 -> 4","272"
"181","0 -> 1 -> 2 -> 3 -> 4","272"
"182","0 -> 1 -> 2 -> 4","266"
"183","0 -> 1 -> 2 -> 3 -> 4","272"
"184","0 -> 1 -> 3 -> 4","266"
"185","0 -> 2 -> 3 -> 4","272"
"186","0 -> 1 -> 2 -> 3 -> 4","272"
"187","0 -> 1 -> 2 -> 3 -> 4","272"
"188","0 -> 1 -> 3 -> 4","272"
"189","0 -> 1 -> 2 -> 3 -> 4","272"
"190","0 -> 1 -> 2 -> 3 -> 4","272"
"191","0 -> 1 -> 2 -> 3 -> 4","272"
"192","0 -> 1 -> 4","272"
"193","0 -> 1 -> 2 -> 3 -> 4","272"
"194","0 -> 1 -> 2 -> 4","272"
"195","0 -> 1 -> 2 -> 4","272"
"196","0 -> 1 -> 2 -> 3 -> 4","272"
"197","0 -> 1 -> 2 -> 3 -> 4","272"
"198","0 -> 2 -> 3 -> 4","272"
"199","0 -> 2 -> 3 -> 4","272"
"200","0 -> 0 -> 1 -> 3 -> 4","272"
"201","0 -> 1 -> 2 -> 3 -> 4","272"
"202","0 -> 1 -> 2 -> 4","272"
"203","0 -> 1 -> 2 -> 3 -> 4","272"
"204","0 -> 1 -> 2 -> 3 -> 4","272"
"205","0 -> 1 -> 2 -> 3 -> 4","272"
"206","0 -> 1 -> 2 -> 3 -> 4","272"
"207","0 -> 1 -> 2 -> 3 -> 4","272"
"208","0 -> 1 -> 3 -> 4","272"
"209","0 -> 1 -> 2 -> 3 -> 4","272"
"210","0 -> 1 -> 2 -> 3 -> 4","211"
"211","0 -> 2 -> 4","224"
"212","0 -> 1 -> 2 -> 3 -> 4","211"
"213","0 -> 2 -> 4","218"
"214","0 -> 1 -> 2 -> 3 -> 4","224"
"215","0 -> 1 -> 2 -> 3 -> 4","211"
"216","0 -> 2 -> 3 -> 4","224"
"217","0 -> 1 -> 3 -> 4","218"
"218","2 -> 1 -> 3 -> 4","218"
"219","0 -> 1 -> 2 -> 3 -> 4","211"
"220","0 -> 1 -> 3 -> 4","236"
"221","0 -> 1 -> 4","242"
"222","0 -> 2 -> 4","230"
"223","0 -> 3 -> 2 -> 3 -> 1 -> 4","230"
"224","0 -> 2 -> 3 -> 4","218"
"225","0 -> 1 -> 4","224"
"226","3 -> 4","224"
"227","0 -> 1 -> 3 -> 4","236"
"228","0 -> 1 -> 3 -> 4","218"
"229","0 -> 1 -> 2 -> 3 -> 4","230"
"230","0 -> 2 -> 3 -> 4","236"
"231","0 -> 1 -> 2 -> 4","230"
"232","0 -> 1 -> 3 -> 4","248"
"233","0 -> 2 -> 3 -> 4","242"
"234","0 -> 3 -> 4","224"
"235","0 -> 1 -> 3 -> 4","224"
"236","3 -> 2 -> 1 -> 4","218"
"237","0 -> 1 -> 3 -> 4","224"
"238","0 -> 2 -> 4","230"
"239","2 -> 1 -> 3 -> 0 -> 4","224"
"240","0 -> 2 -> 4","236"
"241","0 -> 2 -> 4","248"
"242","0 -> 1 -> 2 -> 3 -> 4","230"
"243","0 -> 1 -> 2 -> 3 -> 4","242"
"244","0 -> 1 -> 4","236"
"245","0 -> 2 -> 3 -> 4","260"
"246","0 -> 3 -> 2 -> 4","254"
"247","0 -> 1 -> 2 -> 3 -> 4","248"
"248","0 -> 2 -> 3 -> 4","248"
"249","0 -> 3 -> 2 -> 3 -> 4","236"
"250","0 -> 1 -> 2 -> 3 -> 4","260"
"251","0 -> 2 -> 3 -> 4","272"
"252","0 -> 2 -> 3 -> 4","266"
"253","0 -> 1 -> 3 -> 4","266"
"254","0 -> 1 -> 2 -> 3 -> 4","272"
"255","0 -> 2 -> 3 -> 4","254"
"256","0 -> 2 -> 4","260"
"257","0 -> 2 -> 3 -> 4","260"
"258","0 -> 1 -> 2 -> 3 -> 4","260"
"259","0 -> 2 -> 3 -> 4","266"
"260","0 -> 1 -> 2 -> 3 -> 4","272"
"261","0 -> 1 -> 2 -> 3 -> 4","272"
"262","0 -> 1 -> 4","272"
"263","0 -> 2 -> 3 -> 4","272"
"264","0 -> 1 -> 2 -> 3 -> 4","272"
"265","0 -> 1 -> 3 -> 4","272"
"266","0 -> 2 -> 3 -> 4","272"
"267","0 -> 1 -> 2 -> 3 -> 4","272"
"268","0 -> 2 -> 3 -> 4","272"
"269","0 -> 1 -> 2 -> 3 -> 4","272"
"270","0 -> 1 -> 2 -> 3 -> 4","272"
"271","0 -> 1 -> 2 -> 4","272"
"272","0 -> 1 -> 2 -> 3 -> 4","272"
"273","0 -> 1 -> 2 -> 3 -> 4","272"
"274","0 -> 1 -> 3 -> 4","272"
"275","0 -> 1 -> 2 -> 3 -> 4","272"
"276","0 -> 1 -> 2 -> 3 -> 4","272"
"277","0 -> 1 -> 2 -> 3 -> 4","272"
"278","0 -> 1 -> 2 -> 4 
or 
0 -> 1 -> 3 -> 4 
or 
0 -> 4","272"
"279","0 -> 1 -> 2 -> 3 -> 4","272"
"280","0 -> 1 -> 2 -> 3 -> 4","211"
"281","0 -> 1 -> 2 -> 3 -> 4","211"
"282","0 -> 1 -> 2 -> 3 -> 4","211"
"283","0 -> 1 -> 2 -> 3 -> 4","211"
"284","0 -> 1 -> 2 -> 3 -> 4","211"
"285","0 -> 1 -> 3 -> 4","230"
"286","0 -> 1 -> 2 -> 4","224"
"287","0 -> 1 -> 2 -> 3 -> 4","211"
"288","0 -> 2 -> 4","218"
"289","0 -> 1 -> 2 -> 3 -> 4","211"
"290","0 -> 1 -> 2 -> 4","230"
"291","0 -> 1 -> 2 -> 3 -> 4","211"
"292","0 -> 3 -> 4","218"
"293","0 -> 2 -> 3 -> 4","224"
"294","3 -> 2 -> 1 -> 0 -> 4","218"
"295","0 -> 1 -> 2 -> 4","224"
"296","3 -> 4","218"
"297","0 -> 1 -> 4","218"
"298","0 -> 2 -> 3 -> 4","218"
"299","0 -> 1 -> 2 -> 3 -> 4","211"
"300","0 -> 1 -> 2 -> 4","224"
"301","0 -> 1 -> 2 -> 4","224"
"302","0 -> 3 -> 4","230"
"303","0 -> 1 -> 2 -> 3 -> 4","211"
"304","0 -> 2 -> 4","224"
"305","0 -> 1 -> 3 -> 4","230"
"306","0 -> 2 -> 4","230"
"307","0 -> 1 -> 3 -> 4","224"
"308","0 -> 1 -> 2 -> 3 -> 4","218"
"309","0 -> 1 -> 2 -> 3 -> 4","230"
"310","0 -> 2 -> 3 -> 4","230"
"311","0 -> 1 -> 3 -> 4","242"
"312","0 -> 2 -> 1 -> 4","224"
"313","0 -> 2 -> 3 -> 4","230"
"314","0 -> 2 -> 4","236"
"315","0 -> 0 -> 3 -> 4","230"
"316","0 -> 3 -> 4","230"
"317","0 -> 1 -> 2 -> 3 -> 4","242"
"318","0 -> 1 -> 3 -> 4","236"
"319","0 -> 2 -> 3 -> 4","248"
"320","0 -> 2 -> 4","242"
"321","0 -> 1 -> 2 -> 4","248"
"322","0 -> 1 -> 2 -> 3 -> 4","248"
"323","0 -> 2 -> 3 -> 4","242"
"324","0 -> 1 -> 2 -> 3 -> 4","248"
"325","0 -> 1 -> 2 -> 3 -> 4","248"
"326","0 -> 1 -> 3 -> 4","242"
"327","0 -> 2 -> 3 -> 4","236"
"328","0 -> 1 -> 2 -> 3 -> 4","254"
"329","0 -> 3 -> 4","248"
"330","0 -> 1 -> 2 -> 3 -> 4","266"
"331","0 -> 1 -> 2 -> 3 -> 4","260"
"332","0 -> 3 -> 4","266"
"333","0 -> 1 -> 3 -> 4","272"
"334","0 -> 1 -> 2 -> 3 -> 4","266"
"335","0 -> 1 -> 3 -> 4","272"
"336","0 -> 2 -> 1 -> 3 -> 4","266"
"337","0 -> 1 -> 2 -> 3 -> 4","266"
"338","0 -> 1 -> 4 -> 2","260"
"339","0 -> 2 -> 3 -> 4","272"
"340","0 -> 1 -> 2 -> 3 -> 4","272"
"341","0 -> 0 -> 3 -> 4","272"
"342","0 -> 1 -> 3 -> 4","272"
"343","0 -> 1 -> 3 -> 4","272"
"344","0 -> 2 -> 3 -> 4","272"
"345","0 -> 1 -> 3 -> 4","272"
"346","0 -> 1 -> 3 -> 4","272"
"347","0 -> 0 -> 1 -> 3 -> 4","272"
"348","0 -> 1 -> 2 -> 3 -> 4","272"
"349","0 -> 1 -> 2 -> 3 -> 4","272"
"350","0 -> 1 -> 2 -> 3 -> 4","211"
"351","0 -> 1 -> 4","218"
"352","0 -> 1 -> 2 -> 3 -> 4","211"
"353","0 -> 1 -> 2 -> 3 -> 4","211"
"354","0 -> 1 -> 2 -> 3 -> 4","211"
"355","0 -> 1 -> 2 -> 3 -> 4","211"
"356","0 -> 1 -> 2 -> 3 -> 4","211"
"357","0 -> 1 -> 2 -> 3 -> 4","211"
"358","0 -> 1 -> 2 -> 3 -> 4","211"
"359","3 -> 4","224"
"360","0 -> 1 -> 2 -> 3 -> 4","211"
"361","0 -> 1 -> 2","218"
"362","0 -> 1 -> 2 -> 4","224"
"363","0 -> 1 -> 2","218"
"364","0 -> 1 -> 2 -> 3 -> 4","211"
"365","0 -> 1 -> 2 -> 3 -> 4","211"
"366","0 -> 1 -> 2 -> 3 -> 4","211"
"367","0 -> 1 -> 4","224"
"368","0 -> 3 -> 4","218"
"369","0 -> 2 -> 3 -> 4","224"
"370","0 -> 1 -> 3 -> 4","224"
"371","0 -> 1 -> 2 -> 3 -> 4","211"
"372","0 -> 1 -> 2 -> 3 -> 4","211"
"373","0 -> 2 -> 1 -> 4","230"
"374","0 -> 1 -> 2 -> 4","224"
"375","0 -> 3 -> 4","218"
"376","0 -> 1 -> 2 -> 3 -> 4","211"
"377","0 -> 2 -> 3 -> 4","218"
"378","0 -> 1 -> 2 -> 4","224"
"379","0 -> 3 -> 4","230"
"380","0 -> 1 -> 3 -> 4","224"
"381","0 -> 1 -> 2 -> 4","230"
"382","0 -> 3 -> 4","236"
"383","0 -> 1 -> 2 -> 3 -> 4","236"
"384","0 -> 0 -> 3 -> 4","236"
"385","0 -> 1 -> 2 -> 4","236"
"386","0 -> 1 -> 3 -> 4","218"
"387","0 -> 1 -> 2 -> 4","218"
"388","0 -> 1 -> 3 -> 4","218"
"389","0 -> 2 -> 3 -> 4","230"
"390","0 -> 1 -> 2 -> 4","218"
"391","0 -> 2 -> 1 -> 4","224"
"392","0 -> 1 -> 3 -> 4","230"
"393","0 -> 1 -> 4","230"
"394","0 -> 3 -> 2 -> 4","242"
"395","0 -> 1 -> 3 -> 4","236"
"396","0 -> 1 -> 2 -> 3 -> 4","230"
"397","0 -> 2 -> 4","236"
"398","0 -> 2 -> 3 -> 4","236"
"399","0 -> 1 -> 2 -> 3 -> 4","211"
"400","0 -> 1 -> 3 -> 4","242"
"401","0 -> 1 -> 2 -> 3 -> 4","242"
"402","0 -> 3 -> 4","236"
"403","0 -> 1 -> 2 -> 3 -> 4","254"
"404","0 -> 1 -> 2 -> 3 -> 4","248"
"405","0 -> 2 -> 3 -> 4","254"
"406","0 -> 0 -> 1 -> 3 -> 4","248"
"407","0 -> 2 -> 3 -> 4","236"
"408","0 -> 1 -> 2 -> 3 -> 4","266"
"409","0 -> 1 -> 2 -> 3 -> 4","248"
"410","0 -> 2 -> 3 -> 4","266"
"411","0 -> 1 -> 2 -> 3 -> 4","266"
"412","0 -> 1 -> 3 -> 4","272"
"413","0 -> 3 -> 4","266"
"414","0 -> 1 -> 3 -> 4","272"
"415","0 -> 1 -> 2 -> 3 -> 4","266"
"416","0 -> 1 -> 2 -> 3 -> 4","254"
"417","0 -> 1 -> 2 -> 3 -> 4","266"
"418","0 -> 1 -> 2 -> 4","266"
"419","0 -> 1 -> 2 -> 3 -> 4","266"
"420","0 -> 1 -> 2 -> 3 -> 4","211"
"421","0 -> 1 -> 2 -> 3 -> 4","211"
"422","0 -> 1 -> 2 -> 3 -> 4","211"
"423","2 -> 1 -> 3 -> 4","218"
"424","0 -> 3 -> 4","218"
"425","0 -> 1 -> 2 -> 3 -> 4","211"
"426","0 -> 1 -> 2 -> 3 -> 4","211"
"427","0 -> 1 -> 2 -> 3 -> 4","211"
"428","3 -> 4","218"
"429","0 -> 1 -> 2 -> 3 -> 4","211"
"430","0 -> 1 -> 2 -> 3 -> 4","211"
"431","0 -> 1 -> 2 -> 3 -> 4","211"
"432","0 -> 1 -> 2 -> 3 -> 4","211"
"433","0 -> 1 -> 2 -> 4","218"
"434","0 -> 1 -> 2 -> 3 -> 4","211"
"435","3 -> 2 -> 1 -> 4","218"
"436","0 -> 1 -> 2 -> 3 -> 4","211"
"437","0 -> 1 -> 2 -> 3 -> 4","211"
"438","0 -> 1 -> 2 -> 3 -> 4","211"
"439","0 -> 1 -> 2 -> 3 -> 4","211"
"440","0 -> 1 -> 2 -> 3 -> 4","211"
"441","0 -> 1 -> 2 -> 3 -> 4","211"
"442","0 -> 2 -> 3 -> 4","218"
"443","0 -> 1 -> 2 -> 3 -> 4","211"
"444","0 -> 3 -> 4","218"
"445","0 -> 2 -> 3 -> 4","218"
"446","0 -> 2 -> 4","218"
"447","0 -> 2 -> 3 -> 4","218"
"448","0 -> 1 -> 2 -> 3 -> 4","211"
"449","0 -> 2 -> 4","218"
"450","0 -> 2 -> 3 -> 4","224"
"451","0 -> 4","230"
"452","2 -> 0 -> 3 -> 4","218"
"453","0 -> 2 -> 3 -> 4","218"
"454","0 -> 2 -> 3 -> 4","224"
"455","0 -> 0 -> 3 -> 1 -> 3 -> 4","236"
"456","0 -> 1 -> 2 -> 3 -> 4","218"
"457","0 -> 1 -> 3 -> 4","218"
"458","2 -> 3 -> 4","218"
"459","0 -> 2 -> 3 -> 4","218"
"460","0 -> 1 -> 3 -> 4","218"
"461","3 -> 4","218"
"462","0 -> 2 -> 3 -> 4","224"
"463","0 -> 1 -> 4","230"
"464","0 -> 1 -> 2 -> 3 -> 4","211"
"465","0 -> 1 -> 2 -> 4","230"
"466","0 -> 1 -> 3 -> 4","236"
"467","0 -> 2 -> 4","224"
"468","0 -> 1 -> 4","218"
"469","0 -> 2 -> 4","230"
"470","0 -> 2 -> 1 -> 3 -> 4","224"
"471","0 -> 1 -> 2 -> 4","230"
"472","0 -> 1 -> 2 -> 3 -> 4","248"
"473","0 -> 2 -> 4","230"
"474","0 -> 3 -> 4","236"
"475","0 -> 3 -> 2 -> 3 -> 4","236"
"476","0 -> 1 -> 3 -> 2 -> 4","236"
"477","0 -> 2 -> 3 -> 4","236"
"478","0 -> 1 -> 3 -> 4","224"
"479","0 -> 0 -> 3 -> 4","236"
"480","0 -> 1 -> 3 -> 4","236"
"481","0 -> 1 -> 2 -> 4","242"
"482","0 -> 3 -> 4","236"
"483","0 -> 2 -> 1 -> 3 -> 4","248"
"484","0 -> 1 -> 2 -> 3 -> 4","248"
"485","0 -> 1 -> 2 -> 3 -> 4","260"
"486","0 -> 2 -> 3 -> 4","260"
"487","0 -> 1 -> 2 -> 3 -> 4","248"
"488","0 -> 1 -> 2 -> 4","242"
"489","0 -> 1 -> 2 -> 3 -> 4","248"
"490","0 -> 1 -> 2 -> 3 -> 4","211"
"491","0 -> 1 -> 2 -> 3 -> 4","211"
"492","0 -> 1 -> 2 -> 3 -> 4","211"
"493","0 -> 1 -> 2 -> 3 -> 4","211"
"494","0 -> 1 -> 2 -> 3 -> 4","211"
"495","0 -> 1 -> 2 -> 3 -> 4","211"
"496","0 -> 1 -> 2 -> 3 -> 4","211"
"497","0 -> 1 -> 2 -> 3 -> 4","211"
"498","0 -> 1 -> 2 -> 3 -> 4","211"
"499","0 -> 1 -> 4","218"
"500","0 -> 1 -> 2 -> 3 -> 4","211"
"501","0 -> 1 -> 2 -> 3 -> 4","211"
"502","3 -> 2 -> 1 -> 4","218"
"503","0 -> 1 -> 2 -> 3 -> 4","211"
"504","0 -> 1 -> 2 -> 3 -> 4","211"
"505","0 -> 1 -> 2 -> 3 -> 4","211"
"506","0 -> 1 -> 2 -> 3 -> 4","211"
"507","0 -> 1 -> 2 -> 3 -> 4","211"
"508","0 -> 1 -> 2 -> 3 -> 4","211"
"509","0 -> 1 -> 3 -> 4","230"
"510","0 -> 1 -> 2 -> 3 -> 4","211"
"511","0 -> 1 -> 2 -> 3 -> 4","211"
"512","0 -> 1 -> 2 -> 3 -> 4","211"
"513","0 -> 2 -> 4","218"
"514","0 -> 1 -> 2 -> 3 -> 4","211"
"515","3 -> 2 -> 1 -> 4","218"
"516","0 -> 2 -> 4","218"
"517","0 -> 1 -> 2 -> 3 -> 4","211"
"518","0 -> 1 -> 2 -> 3 -> 4","211"
"519","0 -> 3 -> 4","218"
"520","0 -> 1 -> 2 -> 3 -> 4","211"
"521","0 -> 2 -> 4","218"
"522","0 -> 1 -> 2 -> 3 -> 4","211"
"523","0 -> 1 -> 2 -> 4","224"
"524","0 -> 1 -> 2 -> 3 -> 4","211"
"525","2 -> 1 -> 3 -> 4","218"
"526","0 -> 2 -> 4","218"
"527","0 -> 1 -> 2 -> 3 -> 4","211"
"528","0 -> 1 -> 2 -> 3 -> 4","211"
"529","0 -> 2 -> 4","224"
"530","2 -> 0 -> 4","224"
"531","0 -> 1 -> 2 -> 4","218"
"532","0 -> 2 -> 4","218"
"533","0 -> 2 -> 3 -> 4","218"
"534","0 -> 1 -> 4","224"
"535","0 -> 1 -> 2 -> 3 -> 4","211"
"536","0 -> 2 -> 4","224"
"537","0 -> 2 -> 4","224"
"538","0 -> 1 -> 3 -> 4","224"
"539","2 -> 0 -> 4","224"
"540","2 -> 0 -> 3 -> 4","224"
"541","0 -> 1 -> 2 -> 3 -> 4","211"
"542","3 -> 2 -> 1 -> 4","218"
"543","0 -> 1 -> 3 -> 4","236"
"544","0 -> 0 -> 4","242"
"545","0 -> 2 -> 3 -> 4","230"
"546","0 -> 2 -> 4","224"
"547","0 -> 1 -> 4","224"
"548","0 -> 1 -> 3 -> 4","230"
"549","0 -> 3 -> 4","236"
"550","0 -> 1 -> 2 -> 4","242"
"551","0 -> 2 -> 4","218"
"552","0 -> 3 -> 4","224"
"553","0 -> 1 -> 2 -> 3 -> 4","230"
"554","0 -> 2 -> 4","230"
"555","0 -> 3 -> 2 -> 4","236"
"556","0 -> 3 -> 1 -> 2 -> 4","236"
"557","0 -> 3 -> 4","230"
"558","0 -> 0 -> 3 -> 4","230"
"559","0 -> 1 -> 3 -> 4","236"
"560","0 -> 1 -> 2 -> 3 -> 4 -> 6 -> 8 -> 9","248"
"561","0 -> 1 -> 2 -> 3 -> 4 -> 5 -> 6 -> 7 -> 8 -> 9","236"
"562","0 -> 3 -> 4 -> 7 -> 8 -> 9","242"
"563","0 -> 1 -> 2 -> 3 -> 4 -> 5 is not valid, 
0 -> 1 -> 2 -> 3 -> 4 -> 9 is not valid,
0 -> 1 -> 2 -> 6 -> 7 -> 8 -> 9","242"
"564","0 -> 2 -> 3 -> 4 -> 5 -> 9","242"
"565","0 -> 2 -> 3 -> 4 -> 8 -> 9","242"
"566","0 -> 3 -> 4 -> 5 -> 6 -> 7 -> 8 -> 9","242"
"567","0 -> 4 -> 5 -> 9 -> 8","224"
"568","0 -> 1 -> 2 -> 3 -> 5 -> 9","254"
"569","0 -> 3 -> 5 -> 9","230"
"570","0 -> 1 -> 2 -> 3 -> 6 -> 7 -> 8 -> 9","266"
"571","0 -> 1 -> 2 -> 3 -> 4 -> 5 -> 6 -> 7 -> 8 -> 9","254"
"572","0 -> 1 -> 2 -> 4 -> 5 -> 6 -> 7 -> 8 -> 9","260"
"573","0 -> 1 -> 2 -> 4 -> 5 -> 6 -> 9","272"
"574","0 -> 1 -> 4 -> 5 -> 9 
or 
No path found","254"
"575","0 -> 1 -> 2 -> 3 -> 4 -> 5 -> 6 -> 8 -> 9","266"
"576","0 -> 3 -> 4 -> 9 -> 8 -> 7 -> 6 -> 1","242"
"577","0 -> 1 -> 3 -> 4 -> 9","248"
"578","0 -> 2 -> 3 -> 4 -> 5 -> 6 -> 7 -> 8 -> 9","272"
"579","0 -> 1 -> 2 -> 3 -> 4 -> 5 -> 9 
No path found","254"
"580","0 -> 1 -> 2 -> 3 -> 4 -> 5 -> 6 -> 7 -> 8 -> 9","284"
"581","0 -> 1 -> 2 -> 4 -> 5 -> 6 -> 7 -> 8 -> 9","272"
"582","0 -> 1 -> 2 -> 3 -> 4 -> 5 -> 8 -> 9","278"
"583","0 -> 1 -> 2 -> 4 -> 3 -> 5 -> 6 -> 7 -> 9","284"
"584","0 -> 1 -> 2 -> 3 -> 4 -> 5 -> 6 -> 7 -> 8 -> 9","296"
"585","0 -> 1 -> 2 -> 3 -> 4 -> 5 -> 6 -> 7 -> 8 -> 9","278"
"586","0 -> 1 -> 2 -> 3 -> 4 -> 5 -> 6 -> 7 -> 8 -> 9","272"
"587","0 -> 1 -> 2 -> 3 -> 4 -> 5 -> 6 -> 7 -> 8 -> 9","272"
"588","0 -> 1 -> 2 -> 3 -> 4 -> 5 -> 6 -> 7 -> 8 -> 9","272"
"589","0 -> 1 -> 2 -> 3 -> 4 -> 5 -> 7 -> 8 -> 9","278"
"590","0 -> 1 -> 2 -> 3 -> 4 -> 5 -> 6 -> 7 -> 9 

or 
No path found","278"
"591","0 -> 1 -> 3 -> 4 -> 5 -> 6 -> 7 -> 8 -> 9","290"
"592","0 -> 1 -> 2 -> 3 -> 4 -> 5 -> 6 -> 7 -> 8 -> 9","290"
"593","0 -> 1 -> 2 -> 3 -> 4 -> 5 -> 6 -> 7 -> 8 -> 9","290"
"594","0 -> 1 -> 2 -> 3 -> 4 -> 5 -> 6 -> 7 -> 8 -> 9","272"
"595","0 -> 1 -> 2 -> 3 -> 4 -> 5 -> 6 -> 7 -> 8 -> 9","284"
"596","0 -> 1 -> 2 -> 3 -> 4 -> 5 -> 6 -> 7 -> 8 -> 9","284"
"597","0 -> 1 -> 2 -> 3 -> 5 -> 6 -> 7 -> 9","290"
"598","0 -> 1 -> 3 -> 5 -> 6 -> 7 -> 8 -> 9","296"
"599","0 -> 2 -> 3 -> 4 -> 5 -> 6 -> 7 -> 8 -> 9","284"
"600","0 -> 1 -> 2 -> 3 -> 4 -> 5 -> 6 -> 7 -> 8 -> 9","296"
"601","0 -> 1 -> 3 -> 4 -> 6 -> 7 -> 8 -> 9","296"
"602","0 -> 1 -> 2 -> 3 -> 4 -> 5 -> 6 -> 7 -> 8 -> 9","290"
"603","0 -> 1 -> 2 -> 3 -> 4 -> 5 -> 6 -> 7 -> 8 -> 9","296"
"604","0 -> 1 -> 2 -> 4 -> 5 -> 6 -> 7 -> 8 -> 9","302"
"605","0 -> 1 -> 2 -> 4 -> 6 -> 7 -> 8 -> 9","302"
"606","0 -> 1 -> 2 -> 3 -> 4 -> 5 -> 6 -> 7 -> 8 -> 9","290"
"607","0 -> 1 -> 2 -> 3 -> 4 -> 5 -> 6 -> 7 -> 8 -> 9","314"
"608","0 -> 1 -> 2 -> 3 -> 4 -> 5 -> 6 -> 7 -> 8 -> 9","302"
"609","0 -> 1 -> 2 -> 3 -> 4 -> 5 -> 6 -> 7 -> 8 -> 9","302"
"610","0 -> 1 -> 2 -> 3 -> 4 -> 5 -> 6 -> 7 -> 8 -> 9","314"
"611","0 -> 2 -> 4 -> 6 -> 8 -> 9","320"
"612","0 -> 2 -> 3 -> 4 -> 6 -> 7 -> 8 -> 9","314"
"613","0 -> 1 -> 2 -> 3 -> 4 -> 5 -> 6 -> 7 -> 8 -> 9","314"
"614","0 -> 1 -> 2 -> 3 -> 4 -> 5 -> 6 -> 8 -> 9","332"
"615","0 -> 2 -> 4 -> 5 -> 6 -> 7 -> 8 -> 9","320"
"616","0 -> 1 -> 3 -> 5 -> 6 -> 8 -> 9","320"
"617","0 -> 1 -> 2 -> 3 -> 5 -> 7 -> 9","320"
"618","0 -> 2 -> 4 -> 6 -> 5 -> 7 -> 8 -> 9","314"
"619","0 -> 1 -> 3 -> 4 -> 5 -> 6 -> 8 -> 9","320"
"620","0 -> 1 -> 3 -> 4 -> 5 -> 6 -> 7 -> 8 -> 9","332"
"621","0 -> 1 -> 2 -> 3 -> 5 -> 7 -> 6 -> 8 -> 9","314"
"622","0 -> 3 -> 5 -> 7 -> 9","326"
"623","0 -> 2 -> 4 -> 5 -> 6 -> 8 -> 9","314"
"624","0 -> 1 -> 2 -> 3 -> 4 -> 6 -> 8 -> 9","314"
"625","0 -> 1 -> 2 -> 3 -> 4 -> 5 -> 6 -> 7 -> 8 -> 9","320"
"626","0 -> 2 -> 4 -> 5 -> 6 -> 8 -> 9","326"
"627","0 -> 2 -> 4 -> 6 -> 8 -> 9","320"
"628","0 -> 2 -> 4 -> 6 -> 5 -> 9 

or 
0 -> 2 -> 5 -> 9 

or 
0 -> 1 -> 3 -> 5 -> 9 

or 
0 -> 1 -> 3 -> 6 -> 8 -> 9","332"
"629","0 -> 1 -> 2 -> 4 -> 6 -> 7 -> 8 -> 9","314"
"630","0 -> 4 -> 0 -> 1 -> 4 -> 0 -> 7 -> 9 -> 8 -> 9","236"
"631","0 -> 3 -> 6 -> 8 -> 9","242"
"632","0 -> 4 -> 5 -> 9","236"
"633","0 -> 1 -> 2 -> 4 -> 6 -> 9","242"
"634","0 -> 3 -> 9 -> 8 -> 9","224"
"635","0 -> 1 -> 3 -> 4 -> 8 -> 9","254"
"636","0 -> 2 -> 4 -> 9","224"
"637","0 -> 2 -> 3 -> 4 -> 8 -> 7 -> 9","242"
"638","0 -> 3 -> 4 -> 5 -> 7 -> 9","248"
"639","0 -> 1 -> 2 -> 3 -> 9","254"
"640","0 -> 2 -> 3 -> 8 -> 9","278"
"641","0 -> 3 -> 6 -> 8 -> 9","254"
"642","0 -> 1 -> 2 -> 4 -> 3 -> 9","266"
"643","5 -> 8 -> 7 -> 9","230"
"644","0 -> 1 -> 3 -> 4 -> 7 -> 8 -> 9","278"
"645","0 -> 2 -> 4 -> 6 -> 8 -> 9","254"
"646","0 -> 2 -> 5 -> 3 -> 6 -> 7 -> 8 -> 9","248"
"647","0 -> 3 -> 5 -> 6 -> 9","248"
"648","0 -> 2 -> 3 -> 4 -> 9 -> 8 -> 7 -> 9","248"
"649","0 -> 1 -> 2 -> 3 -> 5 -> 6 -> 7 -> 9 
or 
0 -> 1 -> 2 -> 3 -> 7 -> 9 
or 
No path found","284"
"650","0 -> 1 -> 2 -> 3 -> 5 -> 6 -> 7 -> 8 -> 9","320"
"651","0 -> 3 -> 7 -> 8 -> 9","278"
"652","0 -> 2 -> 3 -> 4 -> 5 -> 6 -> 7 -> 8 -> 9","266"
"653","0 -> 1 -> 2 -> 5 -> 7 -> 9","308"
"654","0 -> 1 -> 3 -> 4 -> 5 -> 6 -> 7 -> 8 -> 9","302"
"655","5 -> 8 -> 9","278"
"656","0 -> 2 -> 3 -> 4 -> 5 -> 6 -> 7 -> 8 -> 9","302"
"657","0 -> 3 -> 4 -> 5 -> 7 -> 8 -> 9","302"
"658","0 -> 1 -> 2 -> 3 -> 4 -> 5 -> 6 -> 8 -> 9 
or 
No path found","314"
"659","0 -> 1 -> 2 -> 3 -> 4 -> 5 -> 6 -> 7 -> 8 -> 9","308"
"660","0 -> 2 -> 3 -> 7 -> 9 
or 
0 -> 1 -> 2 -> 3 -> 7 -> 9 
or 
0 -> 3 -> 4 -> 6 -> 8 -> 9 
or 
0 -> 3 -> 4 -> 5 -> 7 -> 9","362"
"661","0 -> 1 -> 4 -> 5 -> 7 -> 9 
or 
0 -> 1 -> 2 -> 3 -> 4 -> 5 -> 6 -> 8 -> 9","338"
"662","0 -> 1 -> 3 -> 5 -> 7 -> 8 -> 9","350"
"663","0 -> 1 -> 2 -> 3 -> 4 -> 5 -> 6 -> 7 -> 8 -> 9","356"
"664","0 -> 2 -> 3 -> 4 -> 5 -> 7 -> 8 -> 9","326"
"665","0 -> 2 -> 3 -> 4 -> 5 -> 6 -> 7 -> 8 -> 9","320"
"666","0 -> 2 -> 3 -> 6 -> 9","350"
"667","0 -> 4 -> 5 -> 8 -> 9","350"
"668","0 -> 1 -> 2 -> 3 -> 4 -> 5 -> 6 -> 7 -> 8 -> 9","332"
"669","0 -> 1 -> 2 -> 3 -> 4 -> 5 -> 8 -> 9 

or 
No path found","344"
"670","0 -> 2 -> 3 -> 6 -> 7 -> 9 
or 
0 -> 2 -> 3 -> 6 -> 8 -> 9 
or 
0 -> 4 -> 5 -> 6 -> 5 -> 8 -> 9 
or 
0 -> 1 -> 3 -> 4 -> 7 -> 9","362"
"671","0 -> 1 -> 2 -> 3 -> 5 -> 6 -> 8 -> 9 
or 
No path found","368"
"672","0 -> 1 -> 2 -> 3 -> 5 -> 7 -> 6 -> 8 -> 9","374"
"673","0 -> 1 -> 3 -> 4 -> 5 -> 6 -> 8 -> 9","350"
"674","0 -> 3 -> 4 -> 5 -> 6 -> 7 -> 9","356"
"675","0 -> 1 -> 2 -> 3 -> 4 -> 8 -> 9","350"
"676","0 -> 2 -> 4 -> 7 -> 9","368"
"677","0 -> 1 -> 2 -> 3 -> 4 -> 5 -> 6 -> 8 -> 9","350"
"678","0 -> 3 -> 6 -> 7 -> 8 -> 9","368"
"679","0 -> 1 -> 2 -> 3 -> 4 -> 5 -> 6 -> 7 -> 8 -> 9","344"
"680","0 -> 1 -> 2 -> 4 -> 5 -> 8 -> 9","380"
"681","0 -> 1 -> 3 -> 4 -> 7 -> 9 
No path found","392"
"682","0 -> 2 -> 7 -> 9 
or 
0 -> 2 -> 7 -> 8 -> 9 
or 
No path found","386"
"683","0 -> 2 -> 6 -> 7 -> 9 
or 
0 -> 2 -> 6 -> 8 
or 
0 -> 1 -> 4 -> 5 -> 7 
or 
0 -> 1 -> 4 -> 5 -> 6 -> 7","386"
"684","0 -> 3 -> 5 -> 6 -> 9 
or 
0 -> 3 -> 6 -> 9 
or 
No path found","374"
"685","0 -> 3 -> 6 -> 7 -> 8 -> 9","386"
"686","0 -> 1 -> 4 -> 5 -> 6 -> 7 -> 8 -> 9","374"
"687","0 -> 3 -> 6 -> 7 -> 8 -> 9","398"
"688","0 -> 1 -> 2 -> 3 -> 4 -> 5 -> 6 -> 7 -> 8 -> 9","380"
"689","0 -> 1 -> 2 -> 3 -> 4 -> 5 -> 6 -> 7 -> 8 -> 9","380"
"690","0 -> 3 -> 4 -> 5 -> 6 -> 8 -> 9","398"
"691","0 -> 1 -> 2 -> 3 -> 8 -> 7 -> 9 
or 
No path found","392"
"692","0 -> 3 -> 5 -> 7 -> 9 
or 
0 -> 3 -> 6 -> 9 
or 
0 -> 4 -> 5 -> 8 -> 9 
or 
0 -> 4 -> 7 -> 8 -> 9 
or 
0 -> 2 -> 3 -> 5 -> 7 -> 9","404"
"693","0 -> 1 -> 3 -> 4 -> 5 -> 9 
No path found","398"
"694","0 -> 1 -> 2 -> 3 -> 4 -> 5 -> 6 -> 7 -> 8 -> 9","386"
"695","0 -> 3 -> 4 -> 6 -> 8 -> 9","410"
"696","0 -> 1 -> 4 -> 7 -> 8 -> 9","386"
"697","0 -> 1 -> 2 -> 4 -> 5 -> 6 -> 7 -> 9 
No path found","398"
"698","0 -> 1 -> 3 -> 4 -> 6 -> 9 
No path found","392"
"699","0 -> 2 -> 3 -> 5 -> 6 -> 7 -> 8 -> 9","392"
"700","0 -> 5 -> 7 -> 9 -> 8","242"
"701","0 -> 2 -> 5 -> 6 -> 8 -> 9","248"
"702","0 -> 2 -> 3 -> 5 -> 9","224"
"703","0 -> 2 -> 3 -> 9","230"
"704","0 -> 2 -> 4 -> 6 -> 9","224"
"705","0 -> 3 -> 9","218"
"706","0 -> 2 -> 3 -> 4 -> 9","224"
"707","0 -> 4 -> 5 -> 9","230"
"708","0 -> 3 -> 7 -> 8 -> 9","266"
"709","0 -> 2 -> 3 -> 5 -> 7 -> 9","254"
"710","0 -> 2 -> 3 -> 5 -> 7 -> 9","260"
"711","0 -> 1 -> 2 -> 3 -> 6 -> 9","236"
"712","0 -> 1 -> 3 -> 6 -> 7 -> 9","278"
"713","0 -> 4 -> 5 -> 9 
or 
0 -> 4 -> 5 -> 9 
or 
No path found","278"
"714","0 -> 3 -> 4 -> 9 -> 5 -> 7 -> 6","260"
"715","0 -> 1 -> 2 -> 3 -> 4 -> 5 -> 8 -> 9","254"
"716","0 -> 1 -> 2 -> 3 -> 4 -> 5 -> 6 -> 9 
or 
No path found","296"
"717","0 -> 1 -> 3 -> 6 -> 9","248"
"718","0 -> 1 -> 3 -> 5 -> 7 -> 9","260"
"719","0 -> 1 -> 5 -> 6 -> 7 -> 9","248"
"720","0 -> 1 -> 4 -> 8 -> 9","296"
"721","0 -> 4 -> 8 -> 9 
or 
0 -> 4 -> 8 -> 6 -> 7 -> 9","284"
"722","0 -> 3 -> 1 -> 2 -> 4 -> 6 -> 9","302"
"723","0 -> 1 -> 2 -> 3 -> 4 -> 7 -> 8 -> 9 
or 
0 -> 1 -> 2 -> 4 -> 7 -> 8 -> 9 
or 
0 -> 1 -> 2 -> 6 -> 7 -> 8 -> 9","284"
"724","0 -> 1 -> 3 -> 4 -> 7 -> 9","308"
"725","0 -> 3 -> 5 -> 7 -> 8 -> 9","278"
"726","0 -> 1 -> 3 -> 8 -> 9","278"
"727","0 -> 1 -> 3 -> 6 -> 9 
or 
0 -> 1 -> 3 -> 5 -> 9 
or 
No path found","290"
"728","0 -> 1 -> 3 -> 7 -> 9 
or 
No path found","314"
"729","0 -> 1 -> 2 -> 5 -> 8 -> 9","296"
"730","0 -> 2 -> 4 -> 5 -> 6 -> 7 -> 8 -> 9","338"
"731","0 -> 3 -> 6 -> 7 -> 9","326"
"732","0 -> 1 -> 2 -> 3 -> 4 -> 5 -> 6 -> 7 -> 8 -> 9","326"
"733","0 -> 3 -> 5 -> 8 -> 9 
or 
0 -> 3 -> 5 -> 7 -> 9 
or 
0 -> 3 -> 5 -> 8 -> 9 
or 
0 -> 1 -> 2 -> 3 -> 4 -> 5 -> 8 -> 9 
or 
0 -> 1 -> 2 -> 3 -> 4 -> 5 -> 7 -> 9","356"
"734","0 -> 1 -> 2 -> 3 -> 4 -> 9 
or 
0 -> 1 -> 2 -> 5 -> 8 -> 9 
or 
0 -> 1 -> 5 -> 6 -> 9 
or 
No path found","332"
"735","0 -> 1 -> 3 -> 8 -> 9","362"
"736","0 -> 1 -> 2 -> 3 -> 6 -> 8 -> 9","332"
"737","0 -> 1 -> 3 -> 4 -> 7 -> 8 -> 9 
or 
0 -> 1 -> 3 -> 4 -> 7 -> 9 
or 
No path found","332"
"738","0 -> 2 -> 4 -> 5 -> 8 -> 9","326"
"739","0 -> 2 -> 6 -> 8 -> 9","332"
"740","0 -> 4 -> 7 -> 9 
or 
0 -> 4 -> 7 -> 8 -> 9 
or 
0 -> 4 -> 7 -> 9 
or 
0 -> 5 -> 8 -> 9 
or 
0 -> 1 -> 2 -> 3 -> 4 -> 7 -> 9","398"
"741","0 -> 2 -> 4 -> 5 -> 6 -> 8 -> 9","386"
"742","0 -> 2 -> 3 -> 6 -> 8 -> 9","386"
"743","0 -> 1 -> 2 -> 3 -> 4 -> 5 -> 6 -> 7 -> 8 -> 9","380"
"744","0 -> 3 -> 4 -> 5 -> 6 -> 7 -> 8 -> 9 
or 
0 -> 2 -> 4 -> 5 -> 6 -> 7 -> 8 -> 9 
or 
0 -> 1 -> 3 -> 4 -> 5 -> 6 -> 7 -> 8 -> 9","374"
"745","0 -> 3 -> 5 -> 8 -> 9 
or 
0 -> 1 -> 2 -> 3 -> 6 -> 8 -> 9 
or 
0 -> 3 -> 6 -> 8 -> 9 
or 
0 -> 4 -> 5 -> 7 -> 9","386"
"746","0 -> 1 -> 3 -> 5 -> 6 -> 8 -> 9 
or 
0 -> 1 -> 3 -> 5 -> 6 -> 9 
or 
No path found","362"
"747","0 -> 1 -> 2 -> 3 -> 4 -> 6 -> 7 -> 8 -> 9","380"
"748","0 -> 1 -> 3 -> 4 -> 7 -> 9 
or 
No path found","404"
"749","0 -> 3 -> 4 -> 5 -> 6 -> 7 -> 9 
or 
0 -> 3 -> 4 -> 5 -> 6 -> 8 -> 9 
or 
No path found","404"
"750","0 -> 1 -> 2 -> 3 -> 5 -> 7 -> 8 -> 9 
or 
No path found","416"
"751","0 -> 1 -> 2 -> 3 -> 4 -> 5 -> 7 -> 8 -> 9 
or 
No path found","428"
"752","0 -> 3 -> 6 -> 7 -> 9 
0 -> 4 -> 3 -> 6 -> 7 -> 9 
0 -> 1 -> 4 -> 3 -> 6 -> 7 -> 9 
0 -> 2 -> 5 -> 8 -> 9","416"
"753","0 -> 3 -> 1 -> 2 -> 5 -> 8 -> 9","404"
"754","0 -> 2 -> 5 -> 6 -> 9","422"
"755","0 -> 1 -> 3 -> 6 -> 8 -> 9 
or 
0 -> 3 -> 5 -> 9 
or 
No path found","416"
"756","0 -> 3 -> 4 -> 7 -> 8 -> 9","428"
"757","0 -> 1 -> 2 -> 3 -> 4 -> 5 -> 6 -> 7 -> 8 -> 9","422"
"758","0 -> 3 -> 4 -> 8 -> 9 
or 
0 -> 1 -> 4 -> 8 -> 9 
or 
0 -> 3 -> 5 -> 6 -> 8 -> 9 
or 
0 -> 2 -> 4 -> 8 -> 9","404"
"759","0 -> 4 -> 8 -> 9 
No path found","422"
"760","0 -> 4 -> 5 -> 6 -> 9 
or 
0 -> 4 -> 5 -> 8 -> 9 
or 
0 -> 2 -> 5 -> 7 -> 9 
or 
No path found","452"
"761","0 -> 1 -> 5 -> 9 
or 
0 -> 4 -> 5 -> 9 
or 
0 -> 4 -> 8 -> 9 
or 
0 -> 4 -> 5 -> 8 
or 
0 -> 3 -> 4 -> 5 -> 8 
or 
0 -> 3 -> 4 -> 7 -> 8 
or 
0 -> 1 -> 2 -> 4 -> 5 -> 8 
or 
0 -> 1 -> 2 -> 4 -> 7 -> 8","440"
"762","0 -> 3 -> 6 -> 8 -> 9 
or 
0 -> 3 -> 7 -> 9 
or 
0 -> 1 -> 3 -> 6 -> 8 -> 9 
or 
0 -> 2 -> 4 -> 5 -> 7 -> 9","446"
"763","0 -> 3 -> 5 -> 6 -> 7 -> 9 
or 
0 -> 4 -> 5 -> 6 -> 7 -> 9 
or 
0 -> 3 -> 5 -> 8 -> 9 
or 
No path found","452"
"764","0 -> 4 -> 8 -> 9 
or 
0 -> 4 -> 5 -> 9 
or 
0 -> 4 -> 6 -> 7 -> 9 
or 
0 -> 4 -> 8 -> 7 -> 9 
or 
0 -> 3 -> 6 -> 7 -> 8 -> 9","446"
"765","0 -> 2 -> 5 -> 8 -> 9 
No path found","446"
"766","0 -> 1 -> 8 -> 5 -> 8 -> 9 
or 
0 -> 2 -> 5 -> 6 -> 7 -> 8 -> 9 
or 
0 -> 3 -> 4 -> 5 -> 6 -> 7 -> 8 -> 9","434"
"767","0 -> 1 -> 4 -> 8 -> 9 
or 
0 -> 1 -> 2 -> 3 -> 7 -> 8 -> 9 
or 
No path found","440"
"768","0 -> 2 -> 3 -> 4 -> 5 -> 8 -> 9","428"
"769","0 -> 3 -> 8 -> 9 
0 -> 4 -> 3 -> 8 -> 9 
0 -> 4 -> 5 -> 6 -> 7 -> 9 
0 -> 4 -> 5 -> 8 -> 9 
0 -> 4 -> 5 -> 6 -> 7 -> 9 
0 -> 4 -> 5 -> 8 -> 9 
0 -> 4 -> 3 -> 8 -> 9 
0 -> 1 -> 2 -> 3 -> 8 -> 9 
0 -> 1 -> 2 -> 3 -> 5 -> 6 -> 7 -> 9 
0 -> 1 -> 2 -> 3 -> 8 -> 9","440"
"770","0 -> 3 -> 9 -> 8 -> 6 -> 7 -> 5 -> 1 -> 8","248"
"771","0 -> 2 -> 4 -> 9","242"
"772","0 -> 1 -> 4 -> 8 -> 9","230"
"773","3 -> 5 -> 0 -> 9","224"
"774","0 -> 2 -> 5 -> 8 -> 9","248"
"775","0 -> 2 -> 1 -> 3 -> 9 -> 7 -> 6 -> 5","242"
"776","0 -> 1 -> 3 -> 4 -> 9","230"
"777","0 -> 2 -> 8 -> 9","242"
"778","0 -> 3 -> 2 -> 6 -> 9 -> 5 -> 6 -> 7 -> 9","236"
"779","0 -> 1 -> 2 -> 3 -> 5 -> 9","224"
"780","0 -> 8 -> 5 -> 9","266"
"781","0 -> 3 -> 5 -> 8 -> 9","248"
"782","0 -> 1 -> 3 -> 8 -> 9","248"
"783","0 -> 2 -> 6 -> 7 -> 9","260"
"784","0 -> 1 -> 5 -> 6 -> 8 -> 9","266"
"785","0 -> 3 -> 4 -> 8 -> 9","266"
"786","0 -> 2 -> 4 -> 6 -> 9","260"
"787","0 -> 3 -> 8 -> 9","266"
"788","0 -> 4 -> 9 -> 6 -> 7 -> 1 -> 2 -> 3 -> 0","260"
"789","0 -> 1 -> 2 -> 3 -> 4 -> 5 -> 6 -> 7 -> 8 -> 9","254"
"790","0 -> 3 -> 4 -> 6 -> 8 -> 9","266"
"791","0 -> 1 -> 4 -> 6 -> 8 -> 9","290"
"792","0 -> 1 -> 2 -> 4 -> 6 -> 7 -> 9","260"
"793","0 -> 1 -> 4 -> 6 -> 9 
or 
0 -> 1 -> 2 -> 4 -> 6 -> 9","278"
"794","0 -> 3 -> 4 -> 6 -> 8 -> 9","278"
"795","0 -> 3 -> 4 -> 5 -> 9","248"
"796","0 -> 2 -> 3 -> 4 -> 5 -> 6 -> 7 -> 8 -> 9","272"
"797","0 -> 4 -> 8 -> 9","296"
"798","0 -> 3 -> 1 -> 4 -> 6 -> 9","254"
"799","0 -> 4 -> 5 -> 6 -> 9","284"
"800","0 -> 2 -> 3 -> 6 -> 7 -> 9","332"
"801","0 -> 2 -> 1 -> 4 -> 5 -> 9 
or 
No path found","326"
"802","0 -> 1 -> 3 -> 4 -> 5 -> 6 -> 8 -> 9","332"
"803","0 -> 2 -> 4 -> 6 -> 7 -> 8 -> 9","320"
"804","0 -> 4 -> 8 -> 9","314"
"805","0 -> 4 -> 3 -> 6 -> 8 -> 9","326"
"806","0 -> 1 -> 3 -> 7 -> 8 -> 9","296"
"807","0 -> 1 -> 2 -> 4 -> 8 -> 9","302"
"808","0 -> 1 -> 3 -> 4 -> 8 -> 9","314"
"809","0 -> 3 -> 5 -> 7 -> 9 
or 
0 -> 3 -> 4 -> 5 -> 7 -> 9 
or 
0 -> 3 -> 4 -> 6 -> 7 -> 9 
or 
0 -> 1 -> 2 -> 4 -> 5 -> 7 -> 9","344"
"810","0 -> 3 -> 6 -> 9 
3 -> 6 -> 8 -> 9 
No path found","404"
"811","0 -> 5 -> 8 -> 4 -> 7 -> 9","404"
"812","0 -> 1 -> 2 -> 3 -> 4 -> 5 -> 6 -> 7 -> 8 -> 9 
or 
No path found","416"
"813","0 -> 4 -> 8 -> 7 -> 9 
or 
0 -> 4 -> 5 -> 7 -> 9 
or 
0 -> 3 -> 4 -> 5 -> 8 -> 9 
or 
0 -> 1 -> 2 -> 5 -> 8 -> 9","362"
"814","0 -> 4 -> 6 -> 8 -> 9","368"
"815","0 -> 3 -> 5 -> 7 -> 9 
or 
0 -> 3 -> 6 -> 8 -> 9 
or 
0 -> 2 -> 6 -> 7 -> 9 
or 
0 -> 1 -> 2 -> 6 -> 7 -> 9","392"
"816","0 -> 1 -> 4 -> 7 -> 8 -> 9","398"
"817","0 -> 1 -> 4 -> 5 -> 6 -> 7 -> 8 -> 9","416"
"818","0 -> 7 -> 9 -> 8 -> 9","380"
"819","0 -> 3 -> 1 -> 2 -> 3 -> 7 -> 9 
or 
0 -> 3 -> 4 -> 7 -> 9 
or 
No path found","380"
"820","0 -> 4 -> 5 -> 6 -> 7 -> 8 -> 9 
or 
0 -> 3 -> 6 -> 7 -> 8 -> 9 
or 
No path found","470"
"821","0 -> 1 -> 2 -> 5 -> 6 -> 8 -> 9 
or 
0 -> 1 -> 3 -> 5 -> 6 -> 8 -> 9 
or 
No path found","464"
"822","0 -> 4 -> 6 -> 8 -> 9 
or 
0 -> 4 -> 6 -> 8 -> 9 
or 
0 -> 5 -> 7 -> 9 
or 
0 -> 4 -> 5 -> 7 -> 9 
or 
0 -> 2 -> 4 -> 5 -> 7 -> 9","446"
"823","0 -> 1 -> 2 -> 3 -> 7 -> 8 -> 9 
or 
0 -> 1 -> 2 -> 3 -> 5 -> 7 -> 8 -> 9 
or 
0 -> 1 -> 4 -> 6 -> 7 -> 8 -> 9","446"
"824","6 -> 8 -> 9 
3 -> 6 -> 9 
No path found","458"
"825","0 -> 2 -> 3 -> 6 -> 7 -> 8 -> 9","446"
"826","0 -> 4 -> 5 -> 8 -> 9 
or 
0 -> 4 -> 7 -> 8 -> 9 
or 
0 -> 3 -> 4 -> 5 -> 8 -> 9 
or 
0 -> 2 -> 4 -> 5 -> 8 -> 9","446"
"827","0 -> 1 -> 2 -> 3 -> 5 -> 7 -> 9 
or 
No path found","452"
"828","0 -> 1 -> 3 -> 5 -> 6 -> 7 -> 8 -> 9 
or 
No path found","428"
"829","0 -> 1 -> 5 -> 8 -> 9 
or 
0 -> 1 -> 5 -> 6 -> 8 -> 9 
or 
0 -> 1 -> 3 -> 4 -> 7 -> 9 
or 
0 -> 2 -> 5 -> 8 -> 9","458"
"830","0 -> 2 -> 3 -> 5 -> 8 -> 9 
or 
0 -> 4 -> 6 -> 7 -> 8 -> 9 
or 
No path found","482"
"831","0 -> 7 -> 8 -> 9 
0 -> 5 -> 7 -> 9 
0 -> 2 -> 3 -> 7 -> 9 
No path found","476"
"832","0 -> 3 -> 1 -> 7 -> 8 -> 9 
or 
0 -> 3 -> 1 -> 7 -> 9 
or 
No path found","476"
"833","0 -> 1 -> 4 -> 5 -> 6 -> 7 -> 9 
or 
No path found","476"
"834","0 -> 6 -> 8 -> 9 
or 
0 -> 6 -> 8 -> 9 
or 
0 -> 1 -> 3 -> 8 -> 9 
or 
0 -> 1 -> 3 -> 8 -> 9 
or 
0 -> 4 -> 7 -> 8 -> 9","470"
"835","0 -> 6 -> 8 -> 9
0 -> 5 -> 6 -> 8 -> 9
0 -> 1 -> 6 -> 8 -> 9
No path found
0 -> 4 -> 6 -> 8 -> 9
0 -> 3 -> 7 -> 9
0 -> 2 -> 3 -> 7 -> 9
0 -> 2 -> 5 -> 7 -> 9
0 -> 1 -> 2 -> 3 -> 7 -> 9","476"
"836","0 -> 1 -> 3 -> 5 -> 7 -> 9 
or 
No path found","482"
"837","0 -> 2 -> 8 -> 7 -> 9 
or 
0 -> 2 -> 5 -> 6 -> 9 
or 
0 -> 1 -> 7 -> 9 
or 
0 -> 3 -> 4 -> 7 -> 9 
or 
0 -> 3 -> 6 -> 9","470"
"838","0 -> 4 -> 5 -> 6 -> 8 -> 9 
or 
0 -> 4 -> 5 -> 6 -> 8 -> 9 
or 
No path found","476"
"839","0 -> 1 -> 2 -> 3 -> 5 -> 8 -> 9 
or 
0 -> 1 -> 2 -> 3 -> 5 -> 7 -> 9 
or 
No path found","470"
"840","0 -> 6 -> 7 -> 9","218"
"841","8 -> 9","218"
"842","0 -> 1 -> 5 -> 9","218"
"843","0 -> 3 -> 2 -> 3 -> 9 -> 8 -> 7 -> 4 -> 5 -> 9","230"
"844","0 -> 4 -> 8 -> 9","224"
"845","0 -> 3 -> 8 -> 9","224"
"846","0 -> 4 -> 7 -> 9","224"
"847","0 -> 2 -> 3 -> 9 -> 7 -> 9","236"
"848","0 -> 1 -> 4 -> 9","218"
"849","0 -> 1 -> 3 -> 7 -> 9","224"
"850","0 -> 2 -> 8 -> 9","242"
"851","0 -> 2 -> 3 -> 9 -> 8 -> 9","236"
"852","0 -> 1 -> 2 -> 3 -> 5 -> 9","248"
"853","0 -> 4 -> 8 -> 9","248"
"854","0 -> 3 -> 6 -> 7 -> 8 -> 9","248"
"855","0 -> 1 -> 5 -> 8 -> 9","242"
"856","0 -> 5 -> 8 -> 9","278"
"857","0 -> 3 -> 4 -> 1 -> 2 -> 5 -> 9","248"
"858","0 -> 6 -> 5 -> 9 -> 8 -> 7 -> 2 -> 4 -> 3 -> 9","278"
"859","0 -> 2 -> 5 -> 8 -> 9","248"
"860","0 -> 1 -> 4 -> 6 -> 8 -> 9","296"
"861","0 -> 2 -> 3 -> 4 -> 8 -> 9","242"
"862","0 -> 4 -> 5 -> 3 -> 4 -> 7 -> 9","272"
"863","0 -> 4 -> 9 -> 7 -> 5 -> 3 -> 6 is not valid, 
0 -> 4 -> 9 -> 7 -> 5 -> 3 -> 1 -> 6 -> 5 -> 9 is not valid,
0 -> 4 -> 9 -> 7 -> 2 -> 7 -> 5 -> 3 -> 6 -> 9 is the shortest path","242"
"864","0 -> 1 -> 3 -> 6 -> 9","296"
"865","0 -> 1 -> 2 -> 6 -> 7 -> 9 
No path found","278"
"866","0 -> 2 -> 0 -> 8 -> 9","260"
"867","0 -> 0 -> 7 -> 8 -> 9","230"
"868","0 -> 4 -> 7 -> 8 -> 9","236"
"869","0 -> 2 -> 4 -> 8 -> 9","254"
"870","0 -> 2 -> 3 -> 7 -> 9","290"
"871","0 -> 1 -> 8 -> 9","308"
"872","0 -> 1 -> 2 -> 4 -> 5 -> 3 -> 7 -> 9 -> 8 -> 9","308"
"873","0 -> 5 -> 4 -> 7 -> 9","302"
"874","0 -> 1 -> 3 -> 4 -> 5 -> 7 -> 9","314"
"875","0 -> 3 -> 5 -> 8 -> 9","272"
"876","0 -> 1 -> 2 -> 5 -> 7 -> 9 
No path found","284"
"877","0 -> 3 -> 6 -> 9","278"
"878","0 -> 3 -> 6 -> 7 -> 8 -> 9","296"
"879","0 -> 1 -> 2 -> 6 -> 8 -> 7 -> 9","302"
"880","0 -> 3 -> 6 -> 9 
3 -> 8 -> 9","338"
"881","0 -> 4 -> 6 -> 8 -> 9 
or 
0 -> 4 -> 8 -> 9 
or 
0 -> 4 -> 6 -> 5 -> 7 -> 9 
or 
0 -> 1 -> 3 -> 4 -> 6 -> 8 -> 9","350"
"882","0 -> 4 -> 9
0 -> 7 -> 8 -> 9","338"
"883","0 -> 1 -> 4 -> 5 -> 9 
or 
0 -> 1 -> 4 -> 7 -> 9 
or 
0 -> 1 -> 3 -> 4 -> 7 -> 9 
or 
No path found","338"
"884","0 -> 2 -> 3 -> 6 -> 7 -> 9","338"
"885","0 -> 3 -> 5 -> 7 -> 8 -> 9","332"
"886","0 -> 1 -> 2 -> 6 -> 3 -> 4 -> 8 -> 7 -> 9","356"
"887","0 -> 1 -> 4 -> 5 -> 7 -> 9 
or 
No path found","356"
"888","0 -> 2 -> 4 -> 8 -> 9","338"
"889","0 -> 2 -> 3 -> 4 -> 7 -> 8 -> 9","368"
"890","0 -> 1 -> 3 -> 5 -> 6 -> 7 -> 9 
or 
0 -> 1 -> 3 -> 5 -> 7 -> 9 
or 
No path found","416"
"891","0 -> 1 -> 2 -> 3 -> 4 -> 5 -> 6 -> 7 -> 8 -> 9","404"
"892","0 -> 1 -> 2 -> 6 -> 8 -> 9 
or 
No path found","446"
"893","0 -> 4 -> 8 -> 9 
0 -> 4 -> 8 -> 9 
0 -> 4 -> 8 -> 9 
0 -> 4 -> 8 -> 9 
0 -> 3 -> 6 -> 7 -> 8 -> 9","428"
"894","0 -> 3 -> 4 -> 6 -> 7 -> 9 
or 
No path found","422"
"895","0 -> 2 -> 3 -> 6 -> 7 -> 8 -> 9","428"
"896","0 -> 1 -> 4 -> 5 -> 8 -> 7 -> 9","428"
"897","0 -> 1 -> 3 -> 6 -> 7 -> 8 -> 9","452"
"898","0 -> 1 -> 4 -> 6 -> 5 -> 8 -> 9 
or 
No path found","446"
"899","0 -> 4 -> 5 -> 8 -> 9 
or 
0 -> 2 -> 4 -> 5 -> 8 -> 9 
or 
0 -> 1 -> 4 -> 5 -> 8 -> 9 
or 
0 -> 3 -> 7 -> 9","458"
"900","0 -> 1 -> 2 -> 4 -> 8 -> 9 
or 
No path found","482"
"901","0 -> 1 -> 4 -> 5 -> 7 -> 9 
or 
No path found","476"
"902","0 -> 3 -> 9 -> 8 -> 9 
0 -> 2 -> 3 -> 4 -> 9 -> 8 -> 9 
0 -> 1 -> 2 -> 5 -> 6 -> 7 -> 9 
No path found","482"
"903","0 -> 4 -> 5 -> 9 
or 
0 -> 4 -> 8 -> 9 
or 
0 -> 7 -> 8 -> 9 
or 
0 -> 2 -> 4 -> 8 -> 9 
or 
0 -> 3 -> 4 -> 8 -> 9","482"
"904","0 -> 2 -> 3 -> 4 -> 5 -> 7 -> 8 -> 9 
or 
No path found","476"
"905","0 -> 1 -> 3 -> 4 -> 6 -> 9 
or 
0 -> 1 -> 3 -> 6 -> 9 
or 
0 -> 1 -> 2 -> 3 -> 4 -> 5 -> 7 -> 8 -> 9","482"
"906","0 -> 1 -> 3 -> 5 -> 8 -> 9 
or 
No path found","476"
"907","0 -> 3 -> 6 -> 7 -> 8 -> 9","482"
"908","0 -> 3 -> 7 -> 8 -> 9 
or 
0 -> 3 -> 7 -> 9 
or 
0 -> 3 -> 4 -> 5 -> 7 -> 9 
or 
0 -> 1 -> 2 -> 4 -> 6 -> 7 -> 8 -> 9","476"
"909","0 -> 1 -> 3 -> 4 -> 5 -> 6 -> 7 -> 8 -> 9 
or 
No path found","476"
"910","0 -> 1 -> 6 -> 9","230"
"911","0 -> 1 -> 2 -> 3 -> 4 -> 5 -> 6 -> 7 -> 8 -> 9","211"
"912","0 -> 2 -> 8 -> 6 -> 9","224"
"913","0 -> 4 -> 5 -> 9","224"
"914","0 -> 5 -> 6 -> 9","224"
"915","0 -> 2 -> 5 -> 9","218"
"916","0 -> 6 -> 8 -> 9","224"
"917","3 -> 8 -> 1 -> 5 -> 9","224"
"918","0 -> 1 -> 2 -> 3 -> 4 -> 5 -> 6 -> 7 -> 8 -> 9","211"
"919","0 -> 1 -> 6 -> 9","224"
"920","0 -> 1 -> 3 -> 8 -> 9","230"
"921","0 -> 3 -> 6 -> 9","242"
"922","0 -> 4 -> 5 -> 6 -> 9","242"
"923","0 -> 3 -> 5 -> 9","236"
"924","0 -> 2 -> 5 -> 9 -> 9","248"
"925","0 -> 1 -> 2 -> 3 -> 4 -> 5 -> 6 -> 7 -> 8 -> 9","236"
"926","0 -> 5 -> 9","230"
"927","0 -> 6 -> 9 

Note: The graph does not have a direct edge from node 0 to node 9. However, we can find the shortest path by traversing through nodes that are connected to both 0 and 9.

A possible solution is:
0 -> 6 -> 9","236"
"928","0 -> 2 -> 8 -> 9","236"
"929","0 -> 3 -> 4 -> 5 -> 9 -> 8 -> 7 -> 9","242"
"930","0 -> 3 -> 1 -> 2 -> 4 -> 5 -> 6 -> 7 -> 8 -> 9","272"
"931","0 -> 1 -> 2 -> 3 -> 9","230"
"932","0 -> 1 -> 2 -> 3 -> 6 -> 9","242"
"933","0 -> 2 -> 7 -> 9","218"
"934","0 -> 1 -> 5 -> 9 -> 8 -> 7 -> 6 -> 9","254"
"935","0 -> 1 -> 2 -> 3 -> 4 -> 5 -> 7 -> 9","260"
"936","0 -> 3 -> 7 -> 9","254"
"937","0 -> 2 -> 4 -> 9","224"
"938","0 -> 1 -> 2 -> 3 -> 9","242"
"939","0 -> 4 -> 6 -> 9","248"
"940","0 -> 5 -> 4 -> 1 -> 7 -> 9 -> 8 -> 9","278"
"941","0 -> 6 -> 8 -> 9","248"
"942","0 -> 4 -> 8 -> 9","248"
"943","0 -> 3 -> 6 -> 9","278"
"944","0 -> 4 -> 5 -> 8 -> 7 -> 9","290"
"945","0 -> 3 -> 6 -> 8 -> 9","278"
"946","0 -> 3 -> 5 -> 7 -> 8 -> 9","272"
"947","0 -> 7 -> 6 -> 9","224"
"948","0 -> 1 -> 3 -> 4 -> 5 -> 6 -> 9 
or 
0 -> 1 -> 3 -> 4 -> 7 
or 
0 -> 1 -> 3 -> 4 -> 6 -> 5 -> 9 
or 
No path found","296"
"949","0 -> 1 -> 2 -> 7 -> 8 -> 9","260"
"950","0 -> 1 -> 3 -> 4 -> 5 -> 6 -> 7 -> 8 -> 9","308"
"951","0 -> 5 -> 8 -> 9","266"
"952","0 -> 1 -> 4 -> 7 -> 9 
or 
0 -> 2 -> 6 -> 7 -> 9 
or 
0 -> 1 -> 4 -> 7 -> 9 
or 
0 -> 1 -> 3 -> 8 -> 9","296"
"953","0 -> 1 -> 3 -> 7 -> 9 
or 
0 -> 1 -> 3 -> 7 -> 6 -> 5 -> 8 
or 
No path found","302"
"954","0 -> 4 -> 5 -> 7 -> 9","290"
"955","0 -> 3 -> 4 -> 8 -> 9 
or 
0 -> 3 -> 5 -> 9 
or 
0 -> 1 -> 5 -> 8 -> 9 
or 
0 -> 3 -> 7 -> 8 -> 9 
or 
0 -> 3 -> 6 -> 8 -> 9","350"
"956","0 -> 5 -> 6 -> 7 -> 9","320"
"957","0 -> 3 -> 9 -> 7 -> 9 
No path found","326"
"958","0 -> 1 -> 3 -> 4 -> 7 -> 9","302"
"959","0 -> 4 -> 9 -> 5 -> 8 -> 7 -> 9","296"
"960","0 -> 3 -> 5 -> 9 
or 
0 -> 3 -> 7 -> 9 
or 
0 -> 2 -> 3 -> 4 -> 5 -> 9 
or 
0 -> 2 -> 3 -> 4 -> 8 -> 9","356"
"961","0 -> 4 -> 6 -> 5 -> 8 -> 7 -> 9","338"
"962","0 -> 3 -> 4 -> 5 -> 8 -> 9","350"
"963","0 -> 3 -> 4 -> 6 -> 9","332"
"964","0 -> 2 -> 4 -> 7 -> 9 
or 
0 -> 2 -> 8 
or 
0 -> 3 -> 7 -> 9 
or 
0 -> 3 -> 5 -> 8 -> 9 
or 
0 -> 6 -> 9","380"
"965","0 -> 3 -> 7 -> 9 
or 
0 -> 3 -> 9 
or 
0 -> 1 -> 4 -> 5 -> 7 -> 8 -> 9 
or 
0 -> 1 -> 5 -> 7 -> 9 
or 
0 -> 2 -> 6 -> 8 -> 9","338"
"966","0 -> 7 -> 8 -> 9 
0 -> 7 -> 1 -> 4 -> 7 -> 8 -> 9 
0 -> 7 -> 3 -> 5 -> 4 -> 7 -> 8 -> 9 
0 -> 6 -> 5 -> 9 
0 -> 6 -> 2 -> 3 -> 6 -> 8 -> 9 
0 -> 6 -> 1 -> 4 -> 7 -> 8 -> 9","416"
"967","0 -> 2 -> 4 -> 6 -> 7 -> 9","344"
"968","0 -> 1 -> 4 -> 7 -> 8 -> 9","374"
"969","0 -> 2 -> 8 -> 9 
or 
0 -> 2 -> 9 
or 
0 -> 4 -> 6 -> 7 -> 9 
or 
0 -> 1 -> 4 -> 6 -> 7 -> 9 
or 
0 -> 3 -> 4 -> 6 -> 7 -> 9","362"
"970","0 -> 6 -> 7 -> 8 -> 9 
or 
0 -> 1 -> 2 -> 5 -> 8 -> 9 
or 
0 -> 1 -> 2 -> 4 -> 5 -> 8 -> 9 
or 
0 -> 1 -> 2 -> 3 -> 6 -> 8 -> 9","464"
"971","0 -> 1 -> 8 -> 9
0 -> 1 -> 8 -> 9
0 -> 4 -> 5 -> 8 -> 9
0 -> 2 -> 3 -> 6 -> 9
0 -> 2 -> 3 -> 7 -> 9","452"
"972","0 -> 4 -> 1 -> 4 -> 7 -> 9 
or 
0 -> 4 -> 5 -> 6 -> 9 
or 
0 -> 3 -> 5 -> 6 -> 8 -> 9 
or 
0 -> 3 -> 5 -> 7 -> 9","446"
"973","0 -> 3 -> 8 -> 9 
or 
0 -> 3 -> 8 -> 9 
or 
0 -> 1 -> 4 -> 5 -> 8 -> 9 
or 
0 -> 1 -> 2 -> 3 -> 8 -> 9","458"
"974","0 -> 3 -> 4 -> 5 -> 7 -> 8 -> 9","440"
"975","0 -> 4 -> 6 -> 5 -> 2 -> 7 -> 9 
or 
0 -> 4 -> 6 -> 7 -> 9 
or 
No path found","434"
"976","0 -> 2 -> 7 -> 8 -> 9 
or 
0 -> 5 -> 6 -> 5 -> 4 -> 6 -> 3 -> 8 -> 9 
or 
No path found","470"
"977","0 -> 3 -> 4 -> 5 -> 6 -> 7 -> 8 -> 9","452"
"978","0 -> 1 -> 5 -> 8 -> 9 
or 
0 -> 2 -> 3 -> 6 -> 9 
or 
0 -> 2 -> 4 -> 5 -> 8 -> 9 
or 
0 -> 2 -> 4 -> 5 -> 6 -> 9","452"
"979","0 -> 2 -> 3 -> 8 -> 9 
or 
0 -> 5 -> 6 -> 7 -> 9 
or 
0 -> 4 -> 5 -> 7 -> 9 
or 
0 -> 2 -> 5 -> 7 -> 9","446"
"980","0 -> 1 -> 2 -> 3 -> 4 -> 5 -> 6 -> 7 -> 8 -> 9","211"
"981","0 -> 5 -> 8 -> 9","224"
"982","0 -> 1 -> 2 -> 3 -> 4 -> 5 -> 6 -> 7 -> 8 -> 9","211"
"983","0 -> 1 -> 2 -> 3 -> 4 -> 5 -> 6 -> 7 -> 8 -> 9","218"
"984","0 -> 1 -> 2 -> 6 -> 9","224"
"985","0 -> 2 -> 6 -> 8 -> 9","236"
"986","0 -> 2 -> 5 -> 6 -> 9","230"
"987","0 -> 1 -> 2 -> 3 -> 4 -> 5 -> 6 -> 7 -> 8 -> 9","211"
"988","0 -> 1 -> 2 -> 3 -> 4 -> 5 -> 6 -> 7 -> 8 -> 9","218"
"989","0 -> 7 -> 9","224"
"990","0 -> 3 -> 5 -> 9 
or 
0 -> 3 -> 5 -> 9 
or 
No path found","248"
"991","0 -> 4 -> 5 -> 9","224"
"992","0 -> 6 -> 9","218"
"993","0 -> 1 -> 2 -> 3 -> 4 -> 5 -> 6 -> 7 -> 8 -> 9","211"
"994","0 -> 5 -> 9","218"
"995","0 -> 3 -> 5 -> 9","236"
"996","0 -> 3 -> 6 -> 9","242"
"997","0 -> 3 -> 4 -> 9","224"
"998","5 -> 8 -> 1 -> 3 -> 9","218"
"999","0 -> 6 -> 9","218"
"1000","0 -> 6 -> 8 -> 9","236"
"1001","0 -> 5 -> 6 -> 9","224"
"1002","0 -> 1 -> 2 -> 5 -> 9","224"
"1003","0 -> 1 -> 2 -> 5 -> 9","236"
"1004","0 -> 2 -> 3 -> 5 -> 9","236"
"1005","0 -> 4 -> 9 -> 5 -> 9","224"
"1006","0 -> 2 -> 6 -> 9","230"
"1007","0 -> 3 -> 6 -> 8 -> 9","242"
"1008","0 -> 3 -> 9 -> 5 -> 6 -> 7 -> 8 -> 9","236"
"1009","0 -> 2 -> 6 -> 9","224"
"1010","0 -> 7 -> 9","260"
"1011","0 -> 3 -> 6 -> 7 -> 9","230"
"1012","0 -> 7 -> 8 -> 9","224"
"1013","0 -> 2 -> 1 -> 8 -> 9","254"
"1014","0 -> 3 -> 6 -> 9","248"
"1015","0 -> 2 -> 6 -> 8 -> 9","242"
"1016","0 -> 2 -> 5 -> 8 -> 9","248"
"1017","0 -> 3 -> 6 -> 7 -> 8 -> 9","266"
"1018","0 -> 4 -> 0 -> 7 -> 9","254"
"1019","0 -> 5 -> 7 -> 9","242"
"1020","0 -> 1 -> 2 -> 8 -> 9","272"
"1021","0 -> 1 -> 3 -> 6 -> 8 -> 9","266"
"1022","0 -> 3 -> 5 -> 6 -> 7 -> 9","260"
"1023","0 -> 1 -> 4 -> 9","272"
"1024","0 -> 3 -> 4 -> 8 -> 9","248"
"1025","0 -> 3 -> 4 -> 5 -> 6 -> 8 -> 9","266"
"1026","0 -> 2 -> 5 -> 8 -> 6 -> 9","248"
"1027","0 -> 1 -> 5 -> 8 -> 9","254"
"1028","0 -> 4 -> 0 -> 5 -> 8 -> 9","248"
"1029","0 -> 2 -> 8 -> 9","290"
"1030","0 -> 3 -> 2 -> 5 -> 4 -> 7 -> 8 -> 9","296"
"1031","0 -> 3 -> 6 -> 8 -> 9","314"
"1032","0 -> 5 -> 3 -> 9 -> 8 -> 9","302"
"1033","0 -> 5 -> 9","260"
"1034","0 -> 3 -> 5 -> 9 
or 
0 -> 3 -> 4 -> 9 
or 
0 -> 2 -> 3 -> 4 -> 5 -> 9 
or 
0 -> 2 -> 3 -> 5 -> 9","302"
"1035","0 -> 2 -> 8 -> 9","314"
"1036","0 -> 2 -> 4 -> 6 -> 8 -> 9","302"
"1037","0 -> 3 -> 4 -> 7 -> 9","314"
"1038","0 -> 5 -> 9 -> 8 -> 9","302"
"1039","0 -> 5 -> 7 -> 8 -> 9","308"
"1040","0 -> 3 -> 6 -> 8 -> 9 
or 
0 -> 3 -> 6 -> 7 -> 9 
or 
0 -> 5 -> 8 -> 9 
or 
0 -> 5 -> 8 -> 9 
or 
No path found","392"
"1041","0 -> 1 -> 2 -> 3 -> 6 -> 7 -> 8 -> 9 
or 
0 -> 4 -> 6 -> 8 -> 9 or 
0 -> 4 -> 6 -> 8 -> 9 or 
0 -> 4 -> 6 -> 8 -> 9","368"
"1042","0 -> 3 -> 6 -> 9 
or 
0 -> 3 -> 6 -> 8 -> 9","356"
"1043","0 -> 2 -> 3 -> 6 -> 9 
or 
0 -> 2 -> 4 -> 5 -> 8 -> 9","344"
"1044","0 -> 1 -> 3 -> 6 -> 8 -> 9","368"
"1045","0 -> 3 -> 7 -> 8 -> 9","392"
"1046","0 -> 3 -> 2 -> 7 -> 9","314"
"1047","0 -> 1 -> 4 -> 5 -> 8 -> 9 
or 
0 -> 1 -> 2 -> 3 -> 8 -> 9 
or 
0 -> 1 -> 7 -> 9 
or 
0 -> 3 -> 6 -> 7 -> 9","332"
"1048","0 -> 2 -> 3 -> 8 -> 7 -> 9 
or 
0 -> 3 -> 8 -> 9 
or 
0 -> 3 -> 4 -> 7 -> 9 
or 
0 -> 1 -> 5 -> 6 -> 9 
or 
0 -> 1 -> 5 -> 9","386"
"1049","0 -> 1 -> 2 -> 3 -> 5 -> 8 -> 9 
or 
0 -> 1 -> 5 -> 8 -> 9 
or 
0 -> 1 -> 4 -> 6 -> 5 -> 8 -> 9 
or 
No path found","398"
"1050","0 -> 1 -> 2 -> 3 -> 4 -> 5 -> 6 -> 7 -> 8 -> 9","211"
"1051","0 -> 1 -> 2 -> 3 -> 4 -> 5 -> 6 -> 7 -> 8 -> 9","211"
"1052","0 -> 1 -> 6 -> 9","218"
"1053","0 -> 1 -> 2 -> 3 -> 4 -> 5 -> 6 -> 7 -> 8 -> 9","211"
"1054","0 -> 4 -> 5 -> 9","224"
"1055","0 -> 1 -> 2 -> 3 -> 4 -> 5 -> 6 -> 7 -> 8 -> 9","211"
"1056","0 -> 1 -> 2 -> 3 -> 4 -> 5 -> 6 -> 7 -> 8 -> 9","211"
"1057","0 -> 5 -> 6 -> 9","230"
"1058","0 -> 3 -> 5 -> 8 -> 9","224"
"1059","0 -> 3 -> 4 -> 9","218"
"1060","3 -> 8 -> 1 -> 2 -> 4 -> 6 -> 7 -> 9","218"
"1061","0 -> 1 -> 2 -> 3 -> 4 -> 5 -> 6 -> 7 -> 8 -> 9","211"
"1062","0 -> 1 -> 2 -> 9 -> 6 -> 9","224"
"1063","5 -> 8 -> 9","224"
"1064","0 -> 2 -> 6 -> 8 -> 9","224"
"1065","0 -> 3 -> 4 -> 8 -> 9","224"
"1066","0 -> 1 -> 6 -> 9","218"
"1067","0 -> 8 -> 9","218"
"1068","0 -> 2 -> 5 -> 9","224"
"1069","0 -> 3 -> 5 -> 9 -> 8","230"
"1070","0 -> 1 -> 2 -> 3 -> 4 -> 5 -> 6 -> 7 -> 8 -> 9","211"
"1071","0 -> 4 -> 6 -> 8 -> 9","224"
"1072","0 -> 3 -> 6 -> 9","218"
"1073","0 -> 2 -> 7 -> 9","218"
"1074","0 -> 1 -> 4 -> 9","218"
"1075","0 -> 1 -> 3 -> 9","224"
"1076","0 -> 4 -> 8 -> 9","242"
"1077","0 -> 7 -> 8 -> 9","224"
"1078","0 -> 2 -> 5 -> 9","224"
"1079","0 -> 1 -> 2 -> 3 -> 4 -> 5 -> 6 -> 7 -> 8 -> 9","211"
"1080","0 -> 1 -> 5 -> 6 -> 9","242"
"1081","0 -> 3 -> 4 -> 9","224"
"1082","0 -> 2 -> 5 -> 9 -> 8 -> 7 -> 6 -> 5 -> 9","242"
"1083","0 -> 3 -> 5 -> 9 -> 8","242"
"1084","0 -> 1 -> 2 -> 3 -> 4 -> 5 -> 6 -> 7 -> 8 -> 9","211"
"1085","0 -> 1 -> 2 -> 8 -> 9","236"
"1086","0 -> 1 -> 2 -> 6 -> 8 -> 9","236"
"1087","0 -> 3 -> 9 -> 8 -> 7 -> 6","248"
"1088","0 -> 4 -> 9 -> 5 -> 6 -> 7 -> 3 -> 9","236"
"1089","0 -> 1 -> 8 -> 9","218"
"1090","0 -> 1 -> 4 -> 8 -> 9","242"
"1091","0 -> 4 -> 3 -> 6 -> 9","254"
"1092","0 -> 1 -> 3 -> 9","230"
"1093","0 -> 2 -> 3 -> 6 -> 9","248"
"1094","0 -> 3 -> 5 -> 8 -> 9","242"
"1095","0 -> 1 -> 3 -> 6 -> 8 -> 9","248"
"1096","0 -> 4 -> 6 -> 7 -> 8 -> 9","260"
"1097","0 -> 2 -> 3 -> 6 -> 7 -> 9","248"
"1098","0 -> 2 -> 6 -> 8 -> 9","242"
"1099","0 -> 7 -> 5 -> 9 -> 1 -> 3 -> 4 -> 2 -> 6 -> 7","254"
"1100","0 -> 6 -> 3 -> 8 -> 9","284"
"1101","0 -> 2 -> 4 -> 3 -> 6 -> 7 -> 9","296"
"1102","0 -> 1 -> 3 -> 6 -> 9","254"
"1103","0 -> 3 -> 9 -> 6 -> 8 -> 7 -> 4 -> 7","266"
"1104","0 -> 3 -> 4 -> 5 -> 6 -> 7 -> 8 -> 9","254"
"1105","0 -> 2 -> 6 -> 7 -> 9","260"
"1106","0 -> 1 -> 5 -> 9 -> 8","266"
"1107","0 -> 1 -> 8 -> 9","266"
"1108","0 -> 3 -> 6 -> 5 -> 6 -> 9","278"
"1109","0 -> 1 -> 2 -> 5 -> 9 
or 
0 -> 7 -> 9 
or 
No path found","302"
"1110","0 -> 5 -> 8 -> 9","272"
"1111","0 -> 2 -> 3 -> 4 -> 6 -> 8 -> 9","326"
"1112","0 -> 5 -> 9 
0 -> 5 -> 7 -> 9","290"
"1113","0 -> 4 -> 5 -> 8 -> 9","296"
"1114","0 -> 4 -> 0 -> 5 -> 9 -> 8 -> 9","332"
"1115","0 -> 3 -> 5 -> 7 -> 9 
or 
0 -> 6 -> 2 -> 5 -> 7 -> 9 
or 
No path found","296"
"1116","0 -> 1 -> 2 -> 3 -> 5 -> 9 
or 
0 -> 7 -> 3 -> 5 -> 9 
or 
No path found","278"
"1117","0 -> 5 -> 9 
-> 6 -> 8","302"
"1118","0 -> 4 -> 7 -> 9","308"
"1119","0 -> 1 -> 3 -> 8 -> 9","296"
"1120","0 -> 4 -> 5 -> 12 -> 13 -> 14","236"
"1121","0 -> 1 -> 2 -> 14","254"
"1122","0 -> 1 -> 2 -> 3 -> 4 -> 5 -> 6 -> 7 -> 8 -> 9 -> 11 -> 13 -> 14","260"
"1123","0 -> 2 -> 4 -> 7 -> 6 -> 14 
or 'No path found'","230"
"1124","0 -> 8 -> 9 -> 10 -> 14 
No path found","254"
"1125","0 -> 9 -> 10 -> 11 -> 12 -> 14","230"
"1126","0 -> 1 -> 2 -> 14 -> 13 -> 12 -> 7 -> 6 -> 14","236"
"1127","0 -> 1 -> 2 -> 4 -> 5 -> 7 -> 11 -> 12 -> 14 
No path found","254"
"1128","0 -> 1 -> 2 -> 3 -> 4 -> 5 -> 6 -> 7 -> 8 -> 9 -> 10 -> 11 -> 12 -> 13 -> 14","260"
"1129","0 -> 7 -> 8 -> 13 -> 14","242"
"1130","0 -> 1 -> 2 -> 3 -> 4 -> 8 -> 9 -> 13 -> 14","278"
"1131","0 -> 2 -> 4 -> 6 -> 7 -> 8 -> 14 
or 
0 -> 2 -> 4 -> 6 -> 7 -> 13 -> 14 
or 
0 -> 2 -> 3 -> 4 -> 6 -> 7 -> 8 -> 9 -> 10 -> 14","290"
"1132","0 -> 1 -> 2 -> 3 -> 4 -> 9 -> 10 -> 13 -> 14","278"
"1133","0 -> 3 -> 2 -> 3 -> 4 -> 5 -> 6 -> 7 -> 8 -> 10 -> 11 -> 12 -> 13 -> 14","272"
"1134","0 -> 1 -> 2 -> 5 -> 6 -> 7 -> 8 -> 11 -> 12 -> 13 -> 14","272"
"1135","0 -> 1 -> 2 -> 3 -> 4 -> 5 -> 6 -> 7 -> 8 -> 9 -> 10 -> 11 -> 13 -> 14","278"
"1136","0 -> 1 -> 2 -> 3 -> 5 -> 6 -> 7 -> 8 -> 9 -> 10 -> 11 -> 12 -> 13 -> 14","278"
"1137","0 -> 1 -> 2 -> 3 -> 4 -> 5 -> 6 -> 8 -> 9 -> 14 
or 
0 -> 2 -> 3 -> 13 -> 14 
or 
No path found","284"
"1138","0 -> 1 -> 2 -> 3 -> 4 -> 5 -> 6 -> 7 -> 8 -> 9 -> 10 -> 11 -> 12 -> 13 -> 14","278"
"1139","0 -> 2 -> 3 -> 4 -> 5 -> 8 -> 7 -> 6 -> 13 -> 14","290"
"1140","0 -> 1 -> 3 -> 4 -> 9 -> 10 -> 11 -> 12 -> 13 -> 14","302"
"1141","0 -> 1 -> 2 -> 4 -> 5 -> 14 
or 
0 -> 3 -> 4 -> 5 -> 14 
or 
No path found","338"
"1142","0 -> 1 -> 2 -> 3 -> 4 -> 5 -> 6 -> 7 -> 8 -> 9 -> 10 -> 11 -> 12 -> 13 -> 14","314"
"1143","0 -> 1 -> 2 -> 3 -> 4 -> 6 -> 7 -> 8 -> 9 -> 10 -> 11 -> 12 -> 13 -> 14","332"
"1144","0 -> 1 -> 2 -> 3 -> 4 -> 5 -> 6 -> 7 -> 8 -> 9 -> 10 -> 11 -> 12 -> 13 -> 14","314"
"1145","0 -> 2 -> 3 -> 4 -> 5 -> 6 -> 9 -> 10 -> 11 -> 12 -> 14 
or 
No path found","320"
"1146","0 -> 1 -> 2 -> 3 -> 4 -> 5 -> 6 -> 7 -> 8 -> 9 -> 10 -> 11 -> 12 -> 13 -> 14","332"
"1147","0 -> 1 -> 2 -> 3 -> 4 -> 5 -> 6 -> 7 -> 8 -> 9 -> 10 -> 11 -> 12 -> 13 -> 14","320"
"1148","0 -> 3 -> 5 -> 6 -> 8 -> 9 -> 10 -> 11 -> 12 -> 13 -> 14","332"
"1149","0 -> 1 -> 2 -> 3 -> 4 -> 5 -> 6 -> 7 -> 8 -> 9 -> 10 -> 11 -> 12 -> 13 -> 14","320"
"1150","0 -> 1 -> 2 -> 3 -> 4 -> 5 -> 6 -> 7 -> 8 -> 9 -> 10 -> 11 -> 12 -> 13 -> 14","320"
"1151","0 -> 1 -> 4 -> 5 -> 6 -> 8 -> 7 -> 3 -> 5 -> 14 
No path found","338"
"1152","0 -> 1 -> 2 -> 3 -> 4 -> 5 -> 6 -> 7 -> 8 -> 9 -> 10 -> 11 -> 12 -> 13 -> 14","326"
"1153","0 -> 1 -> 2 -> 3 -> 4 -> 5 -> 6 -> 7 -> 8 -> 9 -> 10 -> 11 -> 12 -> 13 -> 14","308"
"1154","0 -> 1 -> 2 -> 3 -> 4 -> 5 -> 6 -> 7 -> 8 -> 9 -> 10 -> 11 -> 12 -> 13 -> 14","320"
"1155","0 -> 2 -> 1 -> 5 -> 6 -> 8 -> 7 -> 9 -> 14 
or 
No path found","320"
"1156","0 -> 1 -> 3 -> 4 -> 5 -> 6 -> 7 -> 8 -> 9 -> 10 -> 11 -> 12 -> 14 
or 
No path found","332"
"1157","0 -> 1 -> 2 -> 3 -> 4 -> 5 -> 6 -> 8 -> 9 -> 10 -> 11 -> 14 
No path found","338"
"1158","0 -> 1 -> 2 -> 3 -> 4 -> 5 -> 6 -> 7 -> 8 -> 9 -> 10 -> 11 -> 12 -> 13 -> 14","326"
"1159","0 -> 1 -> 2 -> 3 -> 4 -> 5 -> 6 -> 7 -> 8 -> 9 -> 10 -> 11 -> 12 -> 13 -> 14","326"
"1160","0 -> 1 -> 4 -> 5 -> 7 -> 8 -> 9 -> 10 -> 11 -> 12 -> 13 -> 14","356"
"1161","0 -> 1 -> 3 -> 4 -> 5 -> 6 -> 7 -> 8 -> 9 -> 10 -> 11 -> 12 -> 13 -> 14","350"
"1162","0 -> 3 -> 4 -> 5 -> 6 -> 7 -> 8 -> 9 -> 10 -> 11 -> 12 -> 13 -> 14","350"
"1163","0 -> 1 -> 2 -> 3 -> 4 -> 5 -> 6 -> 7 -> 8 -> 9 -> 10 -> 11 -> 12 -> 13 -> 14","338"
"1164","0 -> 1 -> 2 -> 3 -> 4 -> 5 -> 6 -> 7 -> 8 -> 9 -> 10 -> 11 -> 12 -> 13 -> 14","368"
"1165","0 -> 1 -> 2 -> 3 -> 5 -> 6 -> 7 -> 8 -> 9 -> 10 -> 11 -> 12 -> 13 -> 14","344"
"1166","0 -> 2 -> 3 -> 4 -> 5 -> 6 -> 7 -> 8 -> 9 -> 10 -> 11 -> 12 -> 14 -> 13","350"
"1167","0 -> 1 -> 2 -> 3 -> 5 -> 6 -> 7 -> 8 -> 9 -> 11 -> 14 
No path found","356"
"1168","0 -> 1 -> 2 -> 3 -> 4 -> 5 -> 6 -> 7 -> 8 -> 9 -> 10 -> 11 -> 12 -> 13 -> 14","338"
"1169","0 -> 1 -> 3 -> 4 -> 5 -> 6 -> 7 -> 8 -> 9 -> 10 -> 11 -> 12 -> 13 -> 14","344"
"1170","0 -> 2 -> 3 -> 5 -> 6 -> 7 -> 8 -> 9 -> 10 -> 12 -> 13 -> 14","374"
"1171","0 -> 2 -> 3 -> 5 -> 6 -> 7 -> 8 -> 10 -> 11 -> 13 -> 14","374"
"1172","0 -> 2 -> 4 -> 5 -> 6 -> 7 -> 8 -> 9 -> 10 -> 11 -> 13 -> 14","374"
"1173","0 -> 2 -> 4 -> 6 -> 8 -> 10 -> 9 -> 12 -> 13 -> 14","386"
"1174","0 -> 1 -> 3 -> 4 -> 5 -> 6 -> 7 -> 8 -> 9 -> 10 -> 11 -> 12 -> 13 -> 14","386"
"1175","0 -> 2 -> 4 -> 5 -> 6 -> 8 -> 9 -> 11 -> 13 -> 14","374"
"1176","0 -> 2 -> 3 -> 4 -> 6 -> 7 -> 8 -> 10 -> 12 -> 14 
or 
0 -> 1 -> 2 -> 3 -> 4 -> 5 -> 6 -> 7 -> 8 -> 9 -> 11 -> 13 -> 14","386"
"1177","0 -> 2 -> 3 -> 4 -> 6 -> 7 -> 8 -> 9 -> 10 -> 11 -> 13 -> 14","374"
"1178","0 -> 1 -> 2 -> 3 -> 4 -> 5 -> 6 -> 7 -> 8 -> 9 -> 10 -> 11 -> 12 -> 13 -> 14","380"
"1179","0 -> 2 -> 4 -> 5 -> 6 -> 7 -> 8 -> 9 -> 11 -> 13 -> 14","380"
"1180","0 -> 2 -> 3 -> 4 -> 5 -> 6 -> 7 -> 8 -> 9 -> 10 -> 11 -> 14 
or 
0 -> 2 -> 3 -> 4 -> 5 -> 6 -> 7 -> 9 -> 10 -> 11 -> 14","380"
"1181","0 -> 2 -> 3 -> 4 -> 5 -> 6 -> 7 -> 8 -> 9 -> 11 -> 12 -> 13 -> 14","380"
"1182","0 -> 2 -> 3 -> 4 -> 5 -> 6 -> 7 -> 8 -> 9 -> 11 -> 13 -> 14","374"
"1183","0 -> 2 -> 4 -> 6 -> 8 -> 10 -> 14 
or 
0 -> 1 -> 2 -> 4 -> 6 -> 8 -> 10 -> 14 
or 
0 -> 3 -> 5 -> 7 -> 9 -> 11 -> 12 -> 13 -> 14","374"
"1184","0 -> 2 -> 3 -> 4 -> 5 -> 7 -> 8 -> 9 -> 10 -> 11 -> 13 -> 14","386"
"1185","0 -> 1 -> 3 -> 4 -> 6 -> 7 -> 9 -> 10 -> 11 -> 12 -> 13 -> 14","380"
"1186","0 -> 1 -> 2 -> 3 -> 5 -> 6 -> 8 -> 9 -> 11 -> 14 
No path found","374"
"1187","0 -> 1 -> 2 -> 3 -> 4 -> 5 -> 6 -> 8 -> 9 -> 10 -> 11 -> 12 -> 14 
or 
No path found","380"
"1188","0 -> 2 -> 4 -> 5 -> 6 -> 8 -> 10 -> 12 -> 14 
or 
0 -> 1 -> 2 -> 4 -> 5 -> 6 -> 8 -> 10 -> 12 -> 13 -> 14","380"
"1189","0 -> 1 -> 2 -> 3 -> 4 -> 5 -> 6 -> 7 -> 8 -> 9 -> 10 -> 11 -> 12 -> 13 -> 14","380"
"1190","0 -> 2 -> 3 -> 4 -> 5 -> 11 -> 8 -> 14 
or 
0 -> 2 -> 3 -> 4 -> 5 -> 13 
or 
0 -> 1 -> 2 -> 3 -> 4 -> 5 -> 11 -> 8 -> 14","290"
"1191","0 -> 1 -> 2 -> 3 -> 4 -> 5 -> 7 -> 6 -> 9 -> 11 -> 14","278"
"1192","0 -> 3 -> 6 -> 4 -> 1 -> 2 -> 3 -> 7 -> 8 -> 10 -> 9 -> 14","260"
"1193","0 -> 1 -> 2 -> 4 -> 5 -> 8 -> 12 -> 14","272"
"1194","0 -> 3 -> 2 -> 5 -> 4 -> 1 -> 2 -> 3 -> 8 -> 10 -> 14","278"
"1195","0 -> 1 -> 2 -> 3 -> 6 -> 7 -> 14 
or 
0 -> 1 -> 2 -> 4 -> 8 -> 10 -> 13 -> 14","290"
"1196","0 -> 2 -> 4 -> 5 -> 6 -> 9 -> 10 -> 11 -> 13 -> 14","284"
"1197","0 -> 2 -> 4 -> 3 -> 7 -> 9 -> 11 -> 14 
No path found","272"
"1198","0 -> 1 -> 2 -> 3 -> 5 -> 6 -> 8 -> 11 -> 12 -> 14","260"
"1199","0 -> 2 -> 5 -> 6 -> 8 -> 10 -> 11 -> 12 -> 13 -> 14","278"
"1200","0 -> 1 -> 2 -> 3 -> 4 -> 5 -> 6 -> 7 -> 8 -> 11 -> 12 -> 13 -> 14","320"
"1201","0 -> 1 -> 2 -> 3 -> 4 -> 5 -> 6 -> 7 -> 8 -> 9 -> 10 -> 11 -> 12 -> 13 -> 14","338"
"1202","0 -> 1 -> 2 -> 3 -> 4 -> 5 -> 6 -> 7 -> 8 -> 10 -> 11 -> 13 -> 14","290"
"1203","0 -> 1 -> 3 -> 6 -> 8 -> 6 -> 7 -> 14 
No path found","296"
"1204","0 -> 1 -> 2 -> 3 -> 4 -> 5 -> 6 -> 7 -> 11 -> 12 -> 13 -> 14","302"
"1205","0 -> 1 -> 2 -> 4 -> 7 -> 8 -> 9 -> 10 -> 14","278"
"1206","0 -> 1 -> 3 -> 5 -> 6 -> 7 -> 8 -> 10 -> 14 
or 
No path found","326"
"1207","0 -> 1 -> 2 -> 5 -> 6 -> 8 -> 9 -> 10 -> 11 -> 14 
No path found","272"
"1208","0 -> 5 -> 4 -> 7 -> 8 -> 9 -> 12 -> 14","326"
"1209","0 -> 1 -> 3 -> 5 -> 14 
or 
No path found","272"
"1210","0 -> 3 -> 5 -> 4 -> 2 -> 3 -> 6 -> 7 -> 9 -> 11 -> 14 
No path found","350"
"1211","0 -> 1 -> 4 -> 6 -> 8 -> 9 -> 4 -> 5 -> 6 -> 3 -> 7 -> 8 -> 10 -> 13 -> 14","344"
"1212","0 -> 2 -> 8 -> 6 -> 9 -> 10 -> 14 
or 
0 -> 4 -> 1 -> 3 -> 5 -> 8 -> 13 -> 14 
or 
0 -> 2 -> 8 -> 13 -> 14","338"
"1213","0 -> 3 -> 4 -> 5 -> 6 -> 7 -> 11 -> 12 -> 14","368"
"1214","0 -> 1 -> 2 -> 4 -> 3 -> 5 -> 6 -> 7 -> 8 -> 12 -> 14","332"
"1215","0 -> 3 -> 5 -> 7 -> 8 -> 9 -> 11 -> 12 -> 13 -> 14","350"
"1216","0 -> 3 -> 4 -> 6 -> 5 -> 7 -> 9 -> 11 -> 14 

or 
0 -> 3 -> 4 -> 6 -> 5 -> 7 -> 9 -> 11 -> 12 -> 13 -> 14","326"
"1217","0 -> 3 -> 1 -> 2 -> 4 -> 8 -> 11 -> 14 
or 
0 -> 3 -> 1 -> 3 -> 6 -> 7 -> 9 -> 10 -> 11 -> 13 -> 14 
or 
No path found","374"
"1218","0 -> 1 -> 2 -> 3 -> 4 -> 5 -> 6 -> 7 -> 8 -> 9 -> 10 -> 11 -> 13 -> 14","362"
"1219","0 -> 1 -> 2 -> 3 -> 5 -> 6 -> 8 -> 9 -> 11 -> 12 -> 14 
or 
0 -> 1 -> 2 -> 3 -> 5 -> 6 -> 8 -> 10 -> 12 -> 14","350"
"1220","0 -> 2 -> 11 -> 14","416"
"1221","0 -> 1 -> 2 -> 3 -> 4 -> 5 -> 6 -> 7 -> 8 -> 9 -> 11 -> 12 -> 13 -> 14","422"
"1222","0 -> 2 -> 3 -> 4 -> 5 -> 7 -> 9 -> 11 -> 14 
No path found","416"
"1223","0 -> 1 -> 2 -> 3 -> 5 -> 6 -> 7 -> 8 -> 9 -> 10 -> 11 -> 12 -> 13 -> 14","398"
"1224","0 -> 1 -> 2 -> 4 -> 5 -> 6 -> 8 -> 7 -> 14 
or 
No path found","380"
"1225","0 -> 1 -> 2 -> 3 -> 5 -> 6 -> 7 -> 8 -> 9 -> 11 -> 14 
No path found","410"
"1226","0 -> 1 -> 2 -> 3 -> 4 -> 5 -> 6 -> 7 -> 8 -> 9 -> 10 -> 11 -> 12 -> 13 -> 14","422"
"1227","0 -> 2 -> 4 -> 5 -> 6 -> 8 -> 9 -> 11 -> 14 
No path found","404"
"1228","0 -> 1 -> 2 -> 3 -> 4 -> 5 -> 6 -> 7 -> 8 -> 9 -> 10 -> 11 -> 12 -> 13 -> 14","428"
"1229","0 -> 1 -> 2 -> 3 -> 5 -> 6 -> 8 -> 9 -> 11 -> 14 
No path found","422"
"1230","0 -> 3 -> 4 -> 7 -> 8 -> 9 -> 10 -> 11 -> 13 -> 14","446"
"1231","0 -> 1 -> 2 -> 3 -> 5 -> 6 -> 7 -> 8 -> 9 -> 11 -> 14 
or 
No path found","470"
"1232","0 -> 3 -> 6 -> 10 -> 11 -> 14 
or 
0 -> 1 -> 2 -> 3 -> 5 -> 6 -> 10 -> 11 -> 14 
or 
No path found","470"
"1233","0 -> 1 -> 2 -> 3 -> 6 -> 9 -> 14 
or 
0 -> 1 -> 2 -> 3 -> 4 -> 5 -> 8 -> 11 -> 14 
or 
No path found","488"
"1234","0 -> 3 -> 4 -> 5 -> 6 -> 8 -> 11 -> 14 
No path found","434"
"1235","0 -> 1 -> 2 -> 3 -> 6 -> 7 -> 8 -> 9 -> 10 -> 11 -> 12 -> 14 
or 
No path found","458"
"1236","0 -> 2 -> 3 -> 6 -> 7 -> 8 -> 11 -> 12 -> 13 -> 14","446"
"1237","0 -> 1 -> 3 -> 6 -> 7 -> 9 -> 10 -> 12 -> 14 
No path found","446"
"1238","0 -> 1 -> 3 -> 4 -> 5 -> 6 -> 7 -> 8 -> 9 -> 11 -> 14 
or 
No path found","458"
"1239","0 -> 2 -> 3 -> 7 -> 8 -> 9 -> 12 -> 13 -> 14","446"
"1240","0 -> 1 -> 4 -> 5 -> 9 -> 10 -> 12 -> 13 -> 14 
or 
No path found","476"
"1241","0 -> 1 -> 2 -> 3 -> 6 -> 8 -> 11 -> 14 
No path found","512"
"1242","0 -> 2 -> 4 -> 6 -> 9 -> 10 -> 11 -> 13 -> 14 
or 
No path found","494"
"1243","0 -> 1 -> 3 -> 6 -> 8 -> 12 -> 14 
No path found","506"
"1244","0 -> 1 -> 2 -> 3 -> 4 -> 5 -> 6 -> 7 -> 8 -> 9 -> 11 -> 12 -> 13 -> 14","476"
"1245","0 -> 2 -> 4 -> 7 -> 8 -> 14 
or 
0 -> 2 -> 4 -> 6 -> 8 -> 14 
or 
0 -> 3 -> 6 -> 8 -> 14 
or 
0 -> 1 -> 5 -> 6 -> 8 -> 14","500"
"1246","0 -> 3 -> 4 -> 5 -> 6 -> 8 -> 10 -> 11 -> 14 
No path found","488"
"1247","0 -> 1 -> 4 -> 6 -> 7 -> 11 -> 14 
No path found","500"
"1248","0 -> 2 -> 4 -> 5 -> 7 -> 11 -> 14 
or 
0 -> 2 -> 4 -> 6 -> 9 -> 12 
or 
No path found","482"
"1249","0 -> 2 -> 1 -> 4 -> 5 -> 7 -> 8 -> 11 -> 14 
or 
No path found","476"
"1250","0 -> 2 -> 5 -> 6 -> 7 -> 9 -> 11 -> 12 -> 14 
No path found","524"
"1251","0 -> 2 -> 3 -> 4 -> 5 -> 6 -> 7 -> 8 -> 9 -> 11 -> 13 -> 14 
or 
No path found","518"
"1252","0 -> 2 -> 5 -> 11 -> 14 
No path found","524"
"1253","0 -> 1 -> 2 -> 4 -> 6 -> 10 -> 11 -> 13 -> 14 
No path found","506"
"1254","0 -> 1 -> 4 -> 5 -> 6 -> 8 -> 9 -> 10 -> 11 -> 14 
No path found","518"
"1255","0 -> 3 -> 8 -> 10 -> 14 
No path found","512"
"1256","0 -> 1 -> 2 -> 3 -> 4 -> 5 -> 6 -> 7 -> 8 -> 9 -> 10 -> 11 -> 12 -> 13 -> 14","524"
"1257","0 -> 3 -> 4 -> 5 -> 7 -> 8 -> 9 -> 10 -> 12 -> 14 
No path found","506"
"1258","0 -> 1 -> 2 -> 3 -> 6 -> 8 -> 10 -> 14 
No path found","530"
"1259","0 -> 2 -> 4 -> 9 -> 11 -> 12 -> 14 
or 
No path found","524"
"1260","0 -> 2 -> 3 -> 6 -> 12 -> 14","260"
"1261","0 -> 1 -> 4 -> 5 -> 9 -> 12 -> 14","248"
"1262","0 -> 2 -> 3 -> 6 -> 7 -> 8 -> 9 -> 12 -> 14","254"
"1263","0 -> 3 -> 8 -> 11 -> 12 -> 14","254"
"1264","0 -> 5 -> 7 -> 12 -> 13 -> 14","254"
"1265","0 -> 4 -> 5 -> 9 -> 10 -> 13 -> 14","242"
"1266","0 -> 1 -> 2 -> 5 -> 7 -> 11 -> 12 -> 14 
or 
0 -> 1 -> 2 -> 5 -> 7 -> 11 -> 13 
or 
No path found","272"
"1267","0 -> 5 -> 10 -> 8 -> 9 -> 12 -> 13 -> 14","248"
"1268","0 -> 3 -> 8 -> 6 -> 8 -> 12 -> 14","260"
"1269","0 -> 3 -> 14","254"
"1270","0 -> 1 -> 3 -> 4 -> 6 -> 7 -> 8 -> 10 -> 14 
or 
No path found","314"
"1271","0 -> 1 -> 2 -> 3 -> 5 -> 8 -> 11 -> 14 
or 
0 -> 1 -> 2 -> 3 -> 5 -> 8 -> 12 -> 13 -> 14","314"
"1272","0 -> 1 -> 5 -> 9 -> 10 -> 14 
or 
0 -> 1 -> 7 -> 6 -> 7 -> 11 -> 14 
or 
0 -> 2 -> 4 -> 5 -> 9 -> 10 -> 14","296"
"1273","0 -> 1 -> 4 -> 5 -> 9 -> 8 -> 12 -> 14","272"
"1274","0 -> 3 -> 4 -> 5 -> 7 -> 11 -> 13 -> 14","272"
"1275","0 -> 6 -> 8 -> 10 -> 11 -> 14","284"
"1276","0 -> 2 -> 5 -> 7 -> 10 -> 8 -> 11 -> 12 -> 14","326"
"1277","0 -> 1 -> 4 -> 5 -> 6 -> 7 -> 11 -> 14 
No path found","290"
"1278","0 -> 1 -> 2 -> 4 -> 3 -> 5 -> 8 -> 9 -> 10 -> 11 -> 12 -> 14 -> 13 

or 
No path found","338"
"1279","0 -> 3 -> 6 -> 9 -> 8 -> 11 -> 12 -> 13 -> 14","314"
"1280","0 -> 2 -> 3 -> 7 -> 5 -> 6 -> 8 -> 11 -> 14 
or 
0 -> 2 -> 3 -> 7 -> 5 -> 10 -> 9 
or 
No path found","326"
"1281","0 -> 1 -> 2 -> 4 -> 6 -> 7 -> 10 -> 11 -> 12 -> 14 
No path found","362"
"1282","0 -> 1 -> 4 -> 8 -> 9 -> 11 -> 13 -> 14 
or 
0 -> 5 -> 11 -> 14 
or 
No path found","380"
"1283","0 -> 2 -> 3 -> 5 -> 9 -> 12 -> 14","338"
"1284","0 -> 3 -> 4 -> 5 -> 8 -> 11 -> 14 
No path found","374"
"1285","0 -> 1 -> 4 -> 7 -> 8 -> 12 -> 14 
or 
0 -> 1 -> 4 -> 7 -> 9 -> 10 -> 11 -> 13 -> 14 
or 
0 -> 2 -> 3 -> 6 -> 7 -> 9 -> 5 -> 10 -> 13 -> 14","368"
"1286","0 -> 3 -> 5 -> 7 -> 4 -> 6 -> 14 
or 
0 -> 3 -> 5 -> 7 -> 11 -> 13 -> 14 
or 
No path found","362"
"1287","0 -> 2 -> 4 -> 5 -> 7 -> 8 -> 11 -> 14 

or 
0 -> 2 -> 4 -> 3 -> 5 -> 7 -> 13 -> 14","356"
"1288","0 -> 4 -> 5 -> 6 -> 8 -> 7 -> 13 -> 14","350"
"1289","0 -> 4 -> 5 -> 6 -> 7 -> 14","344"
"1290","0 -> 5 -> 10 -> 9 -> 11 -> 13 -> 14","416"
"1291","0 -> 2 -> 4 -> 5 -> 6 -> 7 -> 8 -> 10 -> 11 -> 14 
No path found","440"
"1292","0 -> 3 -> 5 -> 9 -> 12 -> 14 
or 
0 -> 3 -> 5 -> 13 -> 14 
or 
No path found","476"
"1293","0 -> 3 -> 5 -> 6 -> 7 -> 8 -> 9 -> 11 -> 13 -> 14","410"
"1294","0 -> 1 -> 4 -> 5 -> 9 -> 10 -> 11 -> 14 
No path found","458"
"1295","0 -> 1 -> 2 -> 3 -> 4 -> 5 -> 6 -> 7 -> 8 -> 9 -> 11 -> 14 
or 
No path found","458"
"1296","0 -> 1 -> 2 -> 3 -> 4 -> 5 -> 6 -> 7 -> 8 -> 9 -> 10 -> 11 -> 12 -> 13 -> 14","452"
"1297","0 -> 2 -> 8 -> 11 -> 14 
or 
0 -> 2 -> 6 -> 7 -> 9 -> 11 -> 14 
or 
0 -> 3 -> 7 -> 9 -> 11 -> 14 
or 
0 -> 1 -> 5 -> 8 -> 11 -> 14","476"
"1298","0 -> 1 -> 2 -> 3 -> 5 -> 7 -> 9 -> 11 -> 14 
or 
No path found","446"
"1299","0 -> 1 -> 3 -> 5 -> 7 -> 11 -> 14 
No path found","422"
"1300","0 -> 3 -> 2 -> 4 -> 6 -> 7 -> 8 -> 14
No path found","518"
"1301","0 -> 1 -> 2 -> 3 -> 4 -> 5 -> 6 -> 7 -> 8 -> 9 -> 10 -> 11 -> 12 -> 13 -> 14","518"
"1302","0 -> 2 -> 5 -> 8 -> 11 -> 14 
No path found","500"
"1303","0 -> 1 -> 3 -> 5 -> 7 -> 9 -> 10 -> 11 -> 14 
No path found","512"
"1304","0 -> 1 -> 4 -> 5 -> 6 -> 7 -> 11 -> 12 -> 13 -> 14 
No path found","500"
"1305","0 -> 3 -> 5 -> 8 -> 4 -> 5 -> 13 -> 14 
or 
0 -> 3 -> 2 -> 3 -> 7 -> 13 -> 14 
or 
No path found","530"
"1306","0 -> 1 -> 3 -> 5 -> 8 -> 9 -> 13 -> 14 
No path found","524"
"1307","0 -> 1 -> 3 -> 6 -> 8 -> 12 -> 14 
or 
No path found","488"
"1308","0 -> 1 -> 4 -> 5 -> 8 -> 9 -> 14 
No path found","506"
"1309","0 -> 1 -> 3 -> 4 -> 5 -> 6 -> 7 -> 8 -> 9 -> 10 -> 11 -> 12 -> 13 -> 14","524"
"1310","0 -> 5 -> 6 -> 8 -> 4 -> 9 -> 10 -> 14 
No path found","584"
"1311","0 -> 2 -> 4 -> 5 -> 7 -> 12 -> 13 -> 14 
No path found","572"
"1312","0 -> 5 -> 8 -> 12 -> 14 
or 
0 -> 5 -> 7 -> 8 -> 12 -> 14 
or 
0 -> 2 -> 6 -> 8 -> 11 -> 14 
or 
0 -> 1 -> 4 -> 5 -> 8 -> 12 -> 14","578"
"1313","0 -> 2 -> 4 -> 7 -> 11 -> 14","572"
"1314","0 -> 3 -> 6 -> 4 -> 5 -> 8 -> 11 -> 14 
No path found","572"
"1315","0 -> 3 -> 11 -> 14 
No path found","602"
"1316","0 -> 1 -> 2 -> 5 -> 8 -> 11 -> 12 -> 13 -> 14 
No path found","578"
"1317","0 -> 2 -> 4 -> 6 -> 9 -> 10 -> 14 
No path found","554"
"1318","0 -> 4 -> 7 -> 8 -> 11 -> 14 
No path found","596"
"1319","0 -> 1 -> 3 -> 5 -> 8 -> 11 -> 14 
No path found","572"
"1320","0 -> 3 -> 6 -> 7 -> 11 -> 9 -> 14 
No path found","626"
"1321","0 -> 1 -> 8 -> 9 -> 14
No path found","656"
"1322","0 -> 1 -> 3 -> 9 -> 14 
No path found","608"
"1323","0 -> 1 -> 2 -> 3 -> 4 -> 5 -> 6 -> 8 -> 9 -> 10 -> 11 -> 12 -> 14 
or 'No path found'","602"
"1324","0 -> 2 -> 3 -> 6 -> 8 -> 13 -> 14 
or 
No path found","614"
"1325","0 -> 1 -> 4 -> 7 -> 9 -> 10 -> 13 -> 14 
No path found","632"
"1326","0 -> 1 -> 3 -> 8 -> 12 -> 13 -> 14 
No path found","614"
"1327","0 -> 3 -> 8 -> 12 -> 14 
No path found","626"
"1328","0 -> 1 -> 2 -> 3 -> 4 -> 5 -> 6 -> 7 -> 8 -> 9 -> 10 -> 11 -> 12 -> 13 -> 14","620"
"1329","0 -> 1 -> 2 -> 3 -> 7 -> 11 -> 14 
No path found","620"
"1330","0 -> 3 -> 5 -> 8 -> 12 -> 14","248"
"1331","0 -> 2 -> 12 -> 14","254"
"1332","0 -> 2 -> 5 -> 8 -> 14","254"
"1333","0 -> 2 -> 4 -> 6 -> 7 -> 4 -> 8 -> 10 -> 14","248"
"1334","0 -> 6 -> 11 -> 13 -> 14","260"
"1335","0 -> 5 -> 9 -> 13 -> 14","224"
"1336","0 -> 3 -> 6 -> 9 -> 12 -> 14","254"
"1337","0 -> 6 -> 12 -> 14","260"
"1338","0 -> 1 -> 3 -> 4 -> 13 -> 14","230"
"1339","0 -> 1 -> 2 -> 3 -> 4 -> 5 -> 7 -> 8 is not valid, 
0 -> 1 -> 2 -> 6 -> 10 -> 14 is the shortest path.","254"
"1340","0 -> 2 -> 7 -> 8 -> 14","290"
"1341","0 -> 6 -> 7 -> 3 -> 7 -> 5 -> 9 -> 1 -> 9 -> 11 -> 12 -> 13 -> 14","302"
"1342","0 -> 4 -> 9 -> 11 -> 14","260"
"1343","0 -> 3 -> 4 -> 10 -> 13 -> 14","308"
"1344","0 -> 1 -> 2 -> 3 -> 4 -> 5 -> 6 -> 7 -> 8 -> 9 -> 11 -> 13 -> 14","296"
"1345","0 -> 2 -> 8 -> 9 -> 13 -> 14","260"
"1346","0 -> 1 -> 2 -> 5 -> 8 -> 9 -> 13 -> 14","296"
"1347","0 -> 4 -> 11 -> 14","344"
"1348","0 -> 4 -> 5 -> 6 -> 11 -> 14","320"
"1349","3 -> 5 -> 1 -> 5 -> 3 -> 14 
or 
3 -> 5 -> 1 -> 5 -> 12 -> 9 -> 10 -> 8 -> 4 -> 5 -> 7 -> 11 -> 6 -> 11 -> 14","290"
"1350","0 -> 2 -> 5 -> 6 -> 9 -> 10 -> 11 -> 12 -> 14 
or 
0 -> 1 -> 2 -> 4 -> 7 -> 5 -> 11 -> 14 
or 
0 -> 1 -> 3 -> 5 -> 11 -> 12 -> 14","338"
"1351","0 -> 3 -> 14 

or 
0 -> 3 -> 6 -> 11 -> 14","326"
"1352","0 -> 2 -> 3 -> 6 -> 8 -> 9 -> 10 -> 11 -> 14 
or 
No path found","332"
"1353","0 -> 1 -> 2 -> 5 -> 8 -> 11 -> 14 
or 
0 -> 3 -> 4 -> 7 -> 11 -> 14 
or 
0 -> 1 -> 10 -> 14 
or 
No path found","296"
"1354","0 -> 4 -> 5 -> 7 -> 8 -> 7 -> 13 -> 14 
or 
0 -> 4 -> 5 -> 7 -> 13 -> 14 
or 
No path found","344"
"1355","0 -> 2 -> 9 -> 13 -> 14","338"
"1356","0 -> 3 -> 1 -> 7 -> 4 -> 6 -> 8 -> 9 -> 13 -> 14 
or 
0 -> 4 -> 6 -> 8 -> 11 -> 14 
or 
No path found","374"
"1357","0 -> 1 -> 3 -> 7 -> 12 -> 13 -> 14","332"
"1358","0 -> 2 -> 6 -> 14 

or 
0 -> 2 -> 7 -> 11 -> 13","320"
"1359","0 -> 1 -> 2 -> 4 -> 5 -> 6 -> 7 -> 8 -> 9 -> 11 -> 13 -> 14","338"
"1360","0 -> 2 -> 4 -> 6 -> 8 -> 10 -> 14 
No path found","422"
"1361","0 -> 1 -> 4 -> 8 -> 9 -> 10 -> 13 -> 14 
or 
No path found","458"
"1362","0 -> 6 -> 3 -> 9 -> 13 -> 14 
or 
0 -> 6 -> 12 -> 14 
or 
0 -> 7 -> 11 -> 13 -> 14 
or 
0 -> 7 -> 8 -> 13 -> 14","434"
"1363","0 -> 1 -> 3 -> 5 -> 10 -> 9 -> 8 -> 14 
or 
0 -> 1 -> 4 -> 6 -> 10 -> 9 -> 8 -> 14 
or 
0 -> 1 -> 4 -> 6 -> 7 -> 9 -> 8 -> 14","368"
"1364","0 -> 1 -> 4 -> 5 -> 6 -> 7 -> 13 -> 14 
or 
0 -> 1 -> 8 -> 13 -> 14 
or 
No path found","398"
"1365","0 -> 5 -> 9 -> 3 -> 5 -> 3 -> 6 -> 8 -> 6 -> 7 -> 10 -> 7 -> 9 -> 13 -> 14","404"
"1366","0 -> 2 -> 4 -> 10 -> 14 
or 
0 -> 3 -> 4 -> 7 -> 13 -> 14 
or 
0 -> 5 -> 6 -> 8 -> 13 -> 14 
or 
No path found","410"
"1367","0 -> 1 -> 2 -> 3 -> 5 -> 6 -> 7 -> 8 -> 9 -> 10 -> 11 -> 14 
or 
No path found","434"
"1368","0 -> 7 -> 4 -> 6 -> 10 -> 12 -> 14","386"
"1369","0 -> 1 -> 3 -> 5 -> 6 -> 4 -> 5 -> 7 -> 8 -> 14 
or 
No path found","440"
"1370","0 -> 1 -> 5 -> 10 -> 11 -> 14 
No path found","548"
"1371","3 -> 7 -> 11 -> 13 -> 14 
No path found","560"
"1372","0 -> 1 -> 3 -> 7 -> 9 -> 10 -> 14 
No path found","536"
"1373","0 -> 1 -> 3 -> 6 -> 7 -> 9 -> 11 -> 12 -> 14 
No path found","536"
"1374","0 -> 1 -> 2 -> 4 -> 7 -> 8 -> 9 -> 11 -> 14 
No path found","536"
"1375","0 -> 3 -> 6 -> 12 -> 14 
or 
0 -> 3 -> 6 -> 8 -> 9 -> 13 -> 14 
or 
0 -> 3 -> 6 -> 8 -> 11 -> 14 
or 
0 -> 3 -> 4 -> 5 -> 6 -> 8 -> 9 -> 10 -> 12 -> 14 
or 
0 -> 3 -> 4 -> 5 -> 6 -> 8 -> 13 -> 14","584"
"1376","0 -> 1 -> 2 -> 5 -> 6 -> 7 -> 13 -> 14 
No path found","518"
"1377","0 -> 4 -> 8 -> 11 -> 12 -> 14 
or 
0 -> 7 -> 9 -> 10 -> 12 -> 13 -> 14 
or 
0 -> 5 -> 8 -> 11 -> 12 -> 14 
or 
0 -> 2 -> 4 -> 8 -> 11 -> 12 -> 14","536"
"1378","0 -> 2 -> 3 -> 4 -> 5 -> 7 -> 8 -> 9 -> 11 -> 14 
No path found","560"
"1379","0 -> 4 -> 2 -> 6 -> 11 -> 14 
No path found","530"
"1380","0 -> 7 -> 3 -> 9 -> 12 -> 13 -> 14 
No path found","674"
"1381","0 -> 6 -> 10 -> 14 
No path found","650"
"1382","0 -> 4 -> 8 -> 11 -> 12 -> 14 
No path found","674"
"1383","0 -> 1 -> 7 -> 9 -> 8 -> 11 -> 13 -> 14 
No path found","680"
"1384","0 -> 1 -> 3 -> 6 -> 7 -> 9 -> 11 -> 14 
No path found","662"
"1385","0 -> 4 -> 12 -> 14 
No path found","644"
"1386","0 -> 1 -> 3 -> 6 -> 14 
or 
0 -> 1 -> 3 -> 5 -> 11 -> 12 -> 14 
or 
No path found","680"
"1387","0 -> 5 -> 6 -> 14 
or 
0 -> 1 -> 7 -> 12 -> 13 -> 14 
or 
0 -> 3 -> 10 -> 11 -> 14 
or 
0 -> 2 -> 7 -> 9 -> 11 -> 14","680"
"1388","0 -> 5 -> 6 -> 10 -> 14 
No path found","686"
"1389","0 -> 1 -> 2 -> 3 -> 5 -> 9 -> 10 -> 11 -> 14 
or 
No path found","662"
"1390","0 -> 1 -> 2 -> 3 -> 5 -> 6 -> 7 -> 8 -> 9 -> 10 -> 11 -> 12 -> 13 -> 14","758"
"1391","0 -> 2 -> 5 -> 6 -> 12 -> 14","722"
"1392","0 -> 1 -> 3 -> 6 -> 11 -> 14 
No path found","752"
"1393","0 -> 1 -> 3 -> 8 -> 9 -> 11 -> 14 
No path found","746"
"1394","0 -> 6 -> 7 -> 11 -> 12 -> 14 
No path found","716"
"1395","0 -> 1 -> 3 -> 6 -> 10 -> 14 
No path found","740"
"1396","0 -> 3 -> 12 -> 14 
or 
0 -> 7 -> 12 -> 14 
or 
0 -> 7 -> 14 
or 
0 -> 3 -> 6 -> 12 -> 14 
or 
0 -> 2 -> 8 -> 9 -> 12 -> 14 
or 
0 -> 1 -> 5 -> 7 -> 12 -> 14","746"
"1397","0 -> 2 -> 8 -> 10 -> 12 -> 14 
No path found","746"
"1398","0 -> 3 -> 8 -> 14
0 -> 4 -> 12 -> 13 -> 14
0 -> 4 -> 5 -> 7 -> 8 -> 14
0 -> 4 -> 5 -> 6 -> 11 -> 14
0 -> 4 -> 9 -> 3 -> 8 -> 14
0 -> 4 -> 9 -> 12 -> 13 -> 14
0 -> 5 -> 7 -> 8 -> 14
0 -> 5 -> 7 -> 11 -> 14
0 -> 5 -> 9 -> 3 -> 8 -> 14
0 -> 5 -> 9 -> 12 -> 13 -> 14
0 -> 6 -> 10 -> 14
0 -> 6 -> 11 -> 14
0 -> 7 -> 10 -> 14
0 -> 7 -> 11 -> 14
0 -> 8 -> 14
No path found","722"
"1399","0 -> 4 -> 8 -> 5 -> 14 
No path found","758"
"1400","0 -> 4 -> 8 -> 5 -> 11 -> 14","254"
"1401","0 -> 0 -> 1 -> 6 -> 12 -> 14","266"
"1402","0 -> 8 -> 11 -> 12 -> 14","224"
"1403","0 -> 2 -> 5 -> 3 -> 11 -> 9 -> 11 -> 7 -> 12 -> 14","266"
"1404","0 -> 2 -> 3 -> 10 -> 14","266"
"1405","0 -> 5 -> 1 -> 5 -> 6 -> 11 -> 13 -> 14","260"
"1406","0 -> 9 -> 10 -> 13 -> 14","302"
"1407","0 -> 1 -> 2 -> 4 -> 5 -> 14","248"
"1408","0 -> 2 -> 7 -> 8 -> 14","242"
"1409","0 -> 2 -> 8 -> 9 -> 13 -> 14","260"
"1410","0 -> 2 -> 7 -> 9 -> 8 -> 11 -> 10 -> 14 
or 
0 -> 2 -> 7 -> 9 -> 8 -> 11 -> 13 -> 14","308"
"1411","0 -> 3 -> 14","266"
"1412","0 -> 3 -> 9 -> 12 -> 14","284"
"1413","0 -> 5 -> 6 -> 13 -> 14","284"
"1414","0 -> 7 -> 11 -> 12 -> 14","266"
"1415","0 -> 1 -> 8 -> 13 -> 14","272"
"1416","0 -> 1 -> 2 -> 3 -> 4 -> 5 -> 9 -> 11 -> 14 
No path found","302"
"1417","0 -> 4 -> 2 -> 5 -> 13 -> 14","290"
"1418","0 -> 2 -> 4 -> 14","296"
"1419","0 -> 3 -> 6 -> 9 -> 7 -> 9 -> 14 
or 
0 -> 3 -> 6 -> 10 -> 9 -> 7 -> 9 -> 14","278"
"1420","0 -> 2 -> 3 -> 8 -> 6 -> 8 -> 12 -> 14","296"
"1421","0 -> 1 -> 2 -> 5 -> 8 -> 9 -> 13 -> 14 

or 
No path found","320"
"1422","0 -> 4 -> 1 -> 8 -> 4 -> 0 
No path found","332"
"1423","0 -> 1 -> 3 -> 13 -> 14 
or 
0 -> 1 -> 3 -> 13 -> 9 -> 12 -> 14 
or 
0 -> 5 -> 6 -> 12 -> 14 
or 
No path found","338"
"1424","0 -> 1 -> 3 -> 6 -> 8 -> 9 -> 11 -> 13 -> 14","308"
"1425","0 -> 4 -> 5 -> 4 -> 13 -> 9 -> 13 -> 1 -> 8 -> 11 -> 12 -> 14","320"
"1426","0 -> 4 -> 8 -> 14 
or 
0 -> 1 -> 4 -> 5 -> 12 
or 
0 -> 1 -> 4 -> 5 -> 12 is not the shortest, so 
0 -> 1 -> 10 -> 13 -> 14","338"
"1427","0 -> 1 -> 8 -> 9 -> 10 -> 12 -> 11 -> 14 
No path found","338"
"1428","0 -> 11 -> 10 -> 5 -> 3 -> 4 -> 13 -> 14","326"
"1429","0 -> 2 -> 8 -> 11 -> 13 -> 14","356"
"1430","0 -> 6 -> 12 -> 13 -> 14","410"
"1431","0 -> 4 -> 8 -> 11 -> 14 
or 
0 -> 4 -> 5 -> 7 -> 11 -> 14 
or 
0 -> 4 -> 6 -> 3 -> 7 -> 11 -> 14 
or 
0 -> 4 -> 6 -> 9 -> 3 -> 7 -> 11 -> 14","380"
"1432","0 -> 2 -> 13 -> 14 
or 
0 -> 5 -> 4 -> 11 -> 14 
or 
0 -> 6 -> 7 -> 13 -> 14 
or 
0 -> 8 -> 9 -> 10 -> 11 -> 14","452"
"1433","0 -> 1 -> 8 -> 9 -> 11 -> 12 -> 14 
or 
0 -> 1 -> 8 -> 9 -> 11 -> 13 -> 14 
or 
No path found","410"
"1434","0 -> 5 -> 8 -> 9 -> 11 -> 14 
or 
0 -> 5 -> 8 -> 9 -> 11 -> 14 
or 
No path found","374"
"1435","0 -> 6 -> 10 -> 7 -> 13 -> 14","422"
"1436","0 -> 2 -> 5 -> 7 -> 6 -> 9 -> 10 -> 12 -> 13 -> 14","356"
"1437","0 -> 1 -> 5 -> 8 -> 9 -> 10 -> 14 
No path found","410"
"1438","0 -> 1 -> 3 -> 8 -> 11 -> 14 
No path found","428"
"1439","0 -> 3 -> 8 -> 7 -> 14 
or 
0 -> 11 -> 12 -> 13 -> 14 
or 
0 -> 4 -> 7 -> 14 
or 
0 -> 9 -> 10 -> 6 -> 9 -> 14","368"
"1440","0 -> 3 -> 13 -> 14 
or 
0 -> 3 -> 10 -> 11 -> 14 
or 
0 -> 3 -> 10 -> 11 -> 14 
or 
0 -> 1 -> 4 -> 8 -> 13 -> 14","488"
"1441","0 -> 6 -> 10 -> 11 -> 14 
or 
0 -> 3 -> 8 -> 13 -> 14 
or 
0 -> 3 -> 8 -> 12 -> 13 -> 14 
or 
No path found","548"
"1442","0 -> 7 -> 4 -> 3 -> 5 -> 8 -> 9 -> 12 -> 13 -> 14","488"
"1443","0 -> 1 -> 2 -> 3 -> 6 -> 8 -> 12 -> 13 -> 14 
or 
No path found","446"
"1444","0 -> 4 -> 6 -> 2 -> 8 -> 7 -> 10 -> 9 -> 8 -> 4 -> 5 -> 4 -> 8 -> 11 -> 13 -> 14","494"
"1445","0 -> 2 -> 3 -> 11 -> 12 -> 14 
or 
0 -> 2 -> 3 -> 7 -> 8 -> 14 
or 
0 -> 2 -> 10 -> 12 -> 14 
or 
0 -> 2 -> 4 -> 13 -> 14 
or 
0 -> 3 -> 11 -> 12 -> 14 
or 
0 -> 3 -> 6 -> 7 -> 8 -> 14 
or 
0 -> 3 -> 7 -> 8 -> 14 
or 
0 -> 3 -> 11 -> 12 -> 14 
or 
0 -> 4 -> 13 -> 14 
or 
0 -> 9 -> 11 -> 14","470"
"1446","0 -> 3 -> 10 -> 11 -> 14 
or 
0 -> 8 -> 6 -> 7 -> 11 -> 14 
or 
0 -> 8 -> 12 -> 13 
or 
0 -> 2 -> 5 -> 8 -> 11 -> 14","476"
"1447","0 -> 3 -> 5 -> 6 -> 7 -> 10 -> 11 -> 12 -> 13 -> 14 
No path found","512"
"1448","0 -> 1 -> 2 -> 14 
or 
0 -> 3 -> 4 -> 6 -> 8 -> 13 -> 14 
or 
0 -> 3 -> 4 -> 5 -> 8 -> 13 -> 14 
or 
0 -> 3 -> 10 -> 12 -> 14","500"
"1449","0 -> 2 -> 7 -> 10 -> 8 -> 9 -> 14 
or 
0 -> 1 -> 2 -> 7 -> 10 -> 8 -> 9 -> 14 
or 
0 -> 4 -> 8 -> 11 -> 12 -> 14","464"
"1450","0 -> 9 -> 8 -> 12 -> 14 
No path found","662"
"1451","0 -> 1 -> 5 -> 6 -> 8 -> 14 
No path found","644"
"1452","0 -> 3 -> 6 -> 7 -> 12 -> 13 -> 14","644"
"1453","0 -> 1 -> 2 -> 3 -> 4 -> 5 -> 6 -> 7 -> 8 -> 9 -> 11 -> 14 
or 
No path found","638"
"1454","0 -> 5 -> 10 -> 11 -> 14 
No path found","656"
"1455","0 -> 1 -> 3 -> 9 -> 10 -> 12 -> 14 
No path found","674"
"1456","0 -> 2 -> 8 -> 13 -> 14 
No path found","620"
"1457","0 -> 1 -> 2 -> 5 -> 7 -> 8 -> 10 -> 11 -> 14 
or 
No path found","680"
"1458","0 -> 1 -> 4 -> 5 -> 8 -> 9 -> 14 
No path found","656"
"1459","0 -> 1 -> 2 -> 9 -> 11 -> 14 
or 
No path found","704"
"1460","0 -> 1 -> 3 -> 7 -> 8 -> 14 
No path found","782"
"1461","0 -> 1 -> 4 -> 5 -> 9 -> 11 -> 14 
No path found","788"
"1462","0 -> 3 -> 9 -> 8 -> 7 -> 11 -> 10 -> 14 
No path found","794"
"1463","0 -> 1 -> 2 -> 5 -> 8 -> 14 
No path found","776"
"1464","0 -> 3 -> 11 -> 14 
No path found","788"
"1465","0 -> 3 -> 8 -> 11 -> 12 -> 14","776"
"1466","0 -> 3 -> 8 -> 7 -> 13 -> 14","806"
"1467","0 -> 2 -> 3 -> 5 -> 6 -> 7 -> 13 -> 14 
No path found","788"
"1468","0 -> 6 -> 10 -> 9 -> 13 -> 14","776"
"1469","0 -> 1 -> 4 -> 5 -> 6 -> 7 -> 8 -> 9 -> 11 -> 12 -> 13 -> 14","800"
"1470","0 -> 2 -> 9 -> 14","236"
"1471","0 -> 8 -> 11 -> 12 -> 14","242"
"1472","0 -> 3 -> 8 -> 5 -> 6 -> 9 -> 14","242"
"1473","0 -> 5 -> 12 -> 13 -> 14","236"
"1474","0 -> 1 -> 5 -> 6 -> 14","254"
"1475","0 -> 9 -> 10 -> 14","254"
"1476","0 -> 1 -> 9 -> 12 -> 14","230"
"1477","0 -> 8 -> 11 -> 14","224"
"1478","0 -> 2 -> 3 -> 8 -> 4 -> 7 -> 10 -> 14","242"
"1479","0 -> 2 -> 9 -> 8 -> 14","236"
"1480","0 -> 1 -> 2 -> 3 -> 9 -> 11 -> 13 -> 14 
or 
0 -> 5 -> 12 -> 13 -> 14 
or 
No path found","278"
"1481","0 -> 2 -> 13 -> 14","242"
"1482","0 -> 2 -> 6 -> 8 -> 12 -> 14","254"
"1483","0 -> 1 -> 7 -> 9 -> 10 -> 7 -> 13 -> 14","260"
"1484","0 -> 2 -> 3 -> 4 -> 2 -> 12 -> 14 
or 'No path found'","266"
"1485","0 -> 12 -> 11 -> 4 -> 8 -> 9 -> 6 -> 5 -> 13 -> 14","302"
"1486","0 -> 3 -> 4 -> 6 -> 7 -> 10 -> 14","272"
"1487","0 -> 6 -> 8 -> 9 -> 10 -> 14 
or 
0 -> 11 -> 14","248"
"1488","0 -> 2 -> 3 -> 6 -> 8 -> 9 -> 14 
No path found","266"
"1489","0 -> 1 -> 7 -> 6 -> 9 -> 10 -> 14","260"
"1490","0 -> 6 -> 8 -> 13 -> 14","254"
"1491","0 -> 4 -> 14 
or 
0 -> 13 -> 14","296"
"1492","0 -> 1 -> 7 -> 11 -> 14 
or 
0 -> 1 -> 5 -> 6 -> 10 -> 14 
or 
0 -> 1 -> 5 -> 8 -> 4 -> 10 -> 14 
or 
0 -> 1 -> 2 -> 5 -> 6 -> 10 -> 14","326"
"1493","0 -> 1 -> 2 -> 8 -> 5 -> 10 -> 12 -> 14 
or 
0 -> 1 -> 2 -> 8 -> 11 -> 13 -> 14 
or 
No path found","302"
"1494","0 -> 5 -> 8 -> 9 -> 10 -> 14 
or 
0 -> 4 -> 8 -> 9 -> 10 -> 14 
or 
0 -> 1 -> 2 -> 8 -> 9 -> 10 -> 14 
or 
0 -> 4 -> 7 -> 8 -> 9 -> 10 -> 14","290"
"1495","0 -> 6 -> 7 -> 11 -> 14 
or 
0 -> 5 -> 4 -> 7 -> 11 -> 14 
or 
0 -> 8 -> 9 -> 8 -> 7 -> 11 -> 14 
or 
0 -> 1 -> 2 -> 12 -> 14","308"
"1496","0 -> 3 -> 4 -> 9 -> 8 -> 9 -> 12 -> 11 -> 14","278"
"1497","0 -> 5 -> 2 -> 13 -> 14","320"
"1498","0 -> 3 -> 14 

or 
0 -> 4 -> 14","284"
"1499","0 -> 5 -> 10 -> 14 
or 
0 -> 3 -> 6 -> 10 -> 14","266"
"1500","0 -> 3 -> 14 

or 
0 -> 2 -> 10 -> 11 -> 13 

or 
0 -> 3 -> 7 -> 8 -> 9 -> 13 

or 
0 -> 3 -> 5 -> 7 -> 11 -> 13","326"
"1501","0 -> 2 -> 6 -> 11 -> 7 -> 10 -> 5 -> 13 -> 14","320"
"1502","0 -> 4 -> 9 -> 11 -> 12 -> 14 
or 
0 -> 4 -> 3 -> 14 
or 
0 -> 4 -> 6 -> 14 
or 
0 -> 4 -> 2 -> 3 -> 14 
or 
0 -> 4 -> 2 -> 10 -> 11 -> 13 -> 14","380"
"1503","0 -> 6 -> 7 -> 10 -> 14 

or 
0 -> 9 -> 11 -> 12 -> 14","344"
"1504","0 -> 3 -> 4 -> 13 -> 14","320"
"1505","0 -> 11 -> 14","314"
"1506","0 -> 1 -> 2 -> 8 -> 9 -> 5 -> 4 -> 10 -> 12 -> 14","302"
"1507","0 -> 4 -> 8 -> 9 -> 10 -> 11 -> 14 

or 
0 -> 4 -> 6 -> 8 -> 9 -> 10 -> 11 -> 12 -> 13 -> 14 

or 
0 -> 4 -> 8 -> 5 -> 8 -> 9 -> 10 -> 11 -> 14","344"
"1508","0 -> 1 -> 6 -> 8 -> 10 -> 13 -> 14 
or 
0 -> 1 -> 2 -> 7 -> 12 -> 14 
or 
0 -> 1 -> 2 -> 13 -> 12 -> 14 
or 
0 -> 1 -> 11 -> 4 -> 7 -> 12 -> 14","338"
"1509","0 -> 3 -> 4 -> 8 -> 12 -> 14","338"
"1510","0 -> 5 -> 9 -> 11 -> 14 
No path found","416"
"1511","0 -> 1 -> 2 -> 3 -> 4 -> 5 -> 6 -> 7 -> 8 -> 9 -> 10 -> 11 -> 12 -> 14","398"
"1512","0 -> 3 -> 6 -> 10 -> 14 
or 
0 -> 3 -> 5 -> 9 -> 13 
or 
0 -> 3 -> 7 -> 11 -> 14 
or 
0 -> 3 -> 4 -> 12 -> 14","368"
"1513","0 -> 1 -> 3 -> 4 -> 5 -> 7 -> 9 -> 11 -> 14 
No path found","380"
"1514","0 -> 1 -> 2 -> 5 -> 8 -> 14 
or 
0 -> 1 -> 2 -> 7 -> 9 -> 13 -> 14 
or 
No path found","440"
"1515","0 -> 1 -> 3 -> 14 
0 -> 1 -> 7 -> 11 -> 14 
No path found","404"
"1516","0 -> 1 -> 2 -> 3 -> 8 -> 11 -> 14 
or 
0 -> 1 -> 2 -> 3 -> 8 -> 10 -> 13 -> 14 
or 
No path found","434"
"1517","0 -> 7 -> 8 -> 11 -> 14 
or 
0 -> 2 -> 8 -> 11 -> 14 
or 
0 -> 7 -> 8 -> 5 -> 6 -> 9 -> 13 -> 14 
or 
0 -> 7 -> 8 -> 11 -> 13 -> 14","434"
"1518","0 -> 2 -> 3 -> 4 -> 5 -> 6 -> 8 -> 11 -> 14 
or 
No path found","446"
"1519","0 -> 1 -> 2 -> 5 -> 8 -> 12 -> 13 -> 14 
No path found","410"
"1520","3 -> 6 -> 8 -> 7 -> 12 -> 14","554"
"1521","0 -> 1 -> 2 -> 3 -> 6 -> 7 -> 8 -> 9 -> 11 -> 14 
No path found","566"
"1522","0 -> 4 -> 7 -> 8 -> 11 -> 14 
or 
0 -> 4 -> 5 -> 7 -> 11 -> 14 
or 
No path found","524"
"1523","0 -> 3 -> 8 -> 5 -> 9 -> 4 -> 6 -> 11 -> 14 
No path found","494"
"1524","0 -> 2 -> 5 -> 7 -> 8 -> 10 -> 12 -> 14 
or 
0 -> 4 -> 5 -> 6 -> 11 -> 14 
or 
No path found","542"
"1525","0 -> 2 -> 4 -> 8 -> 9 -> 10 -> 11 -> 12 -> 13 -> 14 
or 
No path found","506"
"1526","0 -> 1 -> 9 -> 8 -> 14
No path found","506"
"1527","0 -> 4 -> 8 -> 9 -> 11 -> 14 
No path found","566"
"1528","0 -> 1 -> 3 -> 11 -> 14 
or 
No path found","530"
"1529","0 -> 1 -> 2 -> 3 -> 4 -> 5 -> 6 -> 7 -> 8 -> 9 -> 11 -> 13 -> 14","524"
"1530","0 -> 2 -> 3 -> 7 -> 11 -> 14 
No path found","740"
"1531","0 -> 3 -> 8 -> 13 -> 14 
No path found","716"
"1532","0 -> 9 -> 12 -> 14 
No path found","698"
"1533","0 -> 1 -> 2 -> 3 -> 4 -> 5 -> 6 -> 7 -> 8 -> 9 -> 10 -> 11 -> 12 -> 13 -> 14","680"
"1534","0 -> 1 -> 3 -> 6 -> 7 -> 11 -> 13 -> 14 
No path found","746"
"1535","0 -> 4 -> 8 -> 12 -> 14 
No path found","746"
"1536","0 -> 4 -> 5 -> 9 -> 8 -> 10 -> 14
No path found","746"
"1537","0 -> 1 -> 4 -> 5 -> 8 -> 11 -> 12 -> 14 
No path found","728"
"1538","0 -> 6 -> 14 

or 
0 -> 6 -> 13 -> 14 

or 
0 -> 2 -> 3 -> 14 

or 
0 -> 1 -> 3 -> 14 

or 
0 -> 1 -> 9 -> 12 -> 13 -> 14","740"
"1539","0 -> 4 -> 5 -> 8 -> 11 -> 13 -> 14 
No path found","734"
"1540","3 -> 8 -> 7 -> 14","230"
"1541","0 -> 4 -> 14 
or 
0 -> 10 -> 12 -> 14","242"
"1542","0 -> 1 -> 2 -> 4 -> 7 -> 12 -> 14","236"
"1543","0 -> 1 -> 2 -> 3 -> 4 -> 5 -> 6 -> 7 -> 8 -> 9 -> 10 -> 11 -> 12 -> 13 -> 14","248"
"1544","0 -> 7 -> 11 -> 14","218"
"1545","0 -> 1 -> 3 -> 4 -> 9 -> 10 -> 14","236"
"1546","0 -> 2 -> 3 -> 14","224"
"1547","0 -> 0 -> 7 -> 12 -> 14","224"
"1548","0 -> 6 -> 11 -> 14","236"
"1549","0 -> 2 -> 13 -> 14","236"
"1550","0 -> 5 -> 8 -> 7 -> 14","236"
"1551","0 -> 10 -> 1 -> 11 -> 9 -> 14 
No path found","248"
"1552","0 -> 2 -> 5 -> 8 -> 14","236"
"1553","0 -> 2 -> 3 -> 5 -> 7 -> 9 -> 11 -> 12 -> 14 
or 
0 -> 7 -> 12 -> 14 
or 
No path found","272"
"1554","0 -> 3 -> 6 -> 11 -> 14","254"
"1555","0 -> 2 -> 3 -> 13 -> 14","260"
"1556","0 -> 2 -> 3 -> 4 -> 5 -> 8 -> 9 -> 12 -> 14","260"
"1557","0 -> 2 -> 8 -> 4 -> 14","242"
"1558","0 -> 2 -> 14 -> 13 -> 7 -> 6 -> 5","242"
"1559","0 -> 1 -> 2 -> 3 -> 4 -> 5 -> 6 -> 7 -> 8 -> 9 -> 10 -> 11 -> 12 -> 13 -> 14","236"
"1560","0 -> 3 -> 6 -> 11 -> 14","302"
"1561","0 -> 3 -> 13 -> 14","278"
"1562","0 -> 3 -> 5 -> 13 -> 14","266"
"1563","0 -> 1 -> 3 -> 4 -> 7 -> 14","248"
"1564","0 -> 2 -> 6 -> 8 -> 13 -> 14","272"
"1565","0 -> 2 -> 5 -> 7 -> 14","266"
"1566","0 -> 3 -> 7 -> 12 -> 14","230"
"1567","0 -> 3 -> 4 -> 1 -> 9 -> 12 -> 14","242"
"1568","0 -> 2 -> 12 -> 14","242"
"1569","0 -> 3 -> 4 -> 6 -> 7 -> 9 -> 11 -> 14","266"
"1570","0 -> 7 -> 13 -> 14","302"
"1571","0 -> 2 -> 11 -> 13 

Note: The path has a total weight of 100 + 24 + 14 = 138.","308"
"1572","0 -> 3 -> 4 -> 12 -> 13 -> 14 

or 
0 -> 3 -> 4 -> 12 -> 13 -> 14 

or 
0 -> 3 -> 4 -> 5 -> 11 -> 13 -> 14 

or 
0 -> 1 -> 7 -> 9 -> 3 -> 4 -> 12 -> 13 -> 14","284"
"1573","0 -> 3 -> 14 

or 
0 -> 4 -> 5 -> 9 -> 10 
or 
0 -> 3 -> 8 -> 11 -> 12 
or 
0 -> 1 -> 8 -> 11 -> 12 
or 
0 -> 2 -> 8 -> 11 -> 12","326"
"1574","0 -> 3 -> 4 -> 8 -> 11 -> 12 -> 14","296"
"1575","0 -> 5 -> 8 -> 12 -> 14","284"
"1576","0 -> 3 -> 11 -> 14","260"
"1577","0 -> 1 -> 2 -> 3 -> 4 -> 5 -> 6 -> 7 -> 8 -> 9 -> 10 -> 11 -> 12 -> 13 -> 14","314"
"1578","0 -> 1 -> 2 -> 4 -> 5 -> 8 -> 10 -> 13 -> 14 
or 
0 -> 1 -> 10 -> 11 -> 14 
or 
No path found","296"
"1579","0 -> 3 -> 11 -> 12 -> 14 
or 
0 -> 3 -> 14 
or 
No path found","308"
"1580","0 -> 1 -> 8 -> 12 -> 14 
or 
0 -> 3 -> 5 -> 6 -> 10 -> 14 
or 
0 -> 3 -> 5 -> 8 -> 4 -> 14 
or 
0 -> 3 -> 13 -> 9 -> 13 -> No path found","356"
"1581","0 -> 8 -> 12 -> 14","380"
"1582","0 -> 4 -> 8 -> 10 -> 13 -> 14 
or 
0 -> 4 -> 8 -> 10 -> 13 -> 14 
or 
0 -> 4 -> 8 -> 10 -> 6 -> 13 -> 14","326"
"1583","4 -> 0 -> 4 -> 12 -> 9 -> 12 -> 14 
or 
4 -> 0 -> 4 -> 1 -> 13 -> 14 
or 
3 -> 7 -> 9 -> 12 -> 14 
or 
No path found","320"
"1584","0 -> 4 -> 11 -> 13 -> 14 
or 
0 -> 4 -> 5 -> 6 -> 7 -> 11 -> 13 -> 14 
or 
0 -> 1 -> 4 -> 11 -> 13 -> 14 
or 
0 -> 2 -> 3 -> 10 -> 11 -> 13 -> 14","374"
"1585","0 -> 4 -> 7 -> 8 -> 9 -> 10 -> 11 -> 12 -> 13 -> 14 
or 
0 -> 4 -> 7 -> 8 -> 9 -> 11 -> 14 
or 
0 -> 5 -> 3 -> 5 -> 11 -> 14","332"
"1586","0 -> 1 -> 5 -> 9 -> 13 -> 14 
or 
No path found","362"
"1587","0 -> 2 -> 6 -> 9 -> 3 -> 5 -> 6 -> 8 -> 13 -> 14","314"
"1588","0 -> 1 -> 8 -> 9 -> 11 -> 2 -> 6 -> 7 -> 9 -> 14 
No path found","362"
"1589","0 -> 1 -> 2 -> 7 -> 11 -> 14 
or 
0 -> 1 -> 2 -> 6 -> 8 -> 9 -> 11 -> 14 
or 
0 -> 1 -> 2 -> 9 -> 11 -> 14","392"
"1590","0 -> 3 -> 6 -> 13 -> 14 
or 
0 -> 3 -> 7 -> 11 -> 13 -> 14 
or 
0 -> 3 -> 7 -> 8 -> 9 -> 10 -> 11 -> 13 -> 14","440"
"1591","0 -> 1 -> 3 -> 6 -> 9 -> 14 
or 
No path found","386"
"1592","0 -> 7 -> 2 -> 13 -> 14 
or 
0 -> 4 -> 5 -> 8 -> 9 -> 10 -> 13 -> 14 
or 
0 -> 4 -> 11 -> 14 
or 
No path found","494"
"1593","0 -> 6 -> 10 -> 5 -> 4 -> 7 -> 3 -> 13 -> 14 
or 
No path found","434"
"1594","0 -> 1 -> 2 -> 5 -> 12 -> 14 
or 
0 -> 9 -> 10 -> 13 -> 14 
or 
0 -> 5 -> 12 -> 14 
or 
No path found","392"
"1595","0 -> 1 -> 4 -> 8 -> 5 -> 9 -> 14 
or 
0 -> 3 -> 7 -> 13 -> 14 
or 
No path found","362"
"1596","0 -> 10 -> 11 -> 8 -> 13 -> 14","428"
"1597","0 -> 1 -> 8 -> 14 
or 
0 -> 6 -> 2 -> 11 -> 12 -> 13 -> 14 
or 
0 -> 7 -> 10 -> 12 -> 13 -> 14 
or 
0 -> 4 -> 5 -> 11 -> 12 -> 13 -> 14","392"
"1598","3 -> 6 -> 11 -> 8 -> 9 -> 10 -> 12 -> 14","398"
"1599","0 -> 2 -> 11 -> 13 -> 14","404"
"1600","0 -> 3 -> 11 -> 14 
or 
0 -> 1 -> 2 -> 5 -> 8 -> 13 -> 14 
or 
No path found","530"
"1601","0 -> 1 -> 8 -> 9 -> 12 -> 14 
No path found","548"
"1602","0 -> 1 -> 4 -> 7 -> 11 -> 13 -> 14 
or 
0 -> 5 -> 6 -> 9 -> 12 -> 14 
or 
No path found","494"
"1603","0 -> 1 -> 3 -> 5 -> 12 -> 13 -> 14 
or 
No path found","524"
"1604","0 -> 1 -> 2 -> 3 -> 5 -> 6 -> 8 -> 9 -> 4 -> 10 -> 11 -> 12 -> 13 -> 14","554"
"1605","0 -> 4 -> 0 -> 3 -> 7 -> 12 -> 14 
or 
0 -> 8 -> 4 -> 0 -> 3 -> 7 -> 12 -> 14 
or 
0 -> 1 -> 5 -> 6 -> 10 -> 9 -> 13 -> 14","536"
"1606","0 -> 12 -> 14 

or 
0 -> 3 -> 4 -> 8 -> 13 -> 14 

or 
0 -> 11 -> 14 

or 
0 -> 9 -> 14 

or 
No path found","518"
"1607","0 -> 2 -> 3 -> 6 -> 8 -> 11 -> 14 
No path found","578"
"1608","0 -> 4 -> 2 -> 3 -> 5 -> 8 -> 12 -> 13 
or 
0 -> 4 -> 2 -> 3 -> 5 -> 10 -> 14 
or 
No path found","578"
"1609","0 -> 1 -> 2 -> 4 -> 5 -> 7 -> 11 -> 12 -> 13 -> 14 
No path found","620"
"1610","0 -> 1 -> 7 -> 8 -> 14","224"
"1611","0 -> 2 -> 4 -> 14","218"
"1612","0 -> 6 -> 12 -> 14","218"
"1613","0 -> 1 -> 2 -> 14","224"
"1614","0 -> 2 -> 6 -> 7 -> 14","236"
"1615","0 -> 3 -> 6 -> 9 -> 14","242"
"1616","0 -> 3 -> 14","218"
"1617","0 -> 13 -> 9 -> 14","224"
"1618","0 -> 8 -> 9 -> 14","218"
"1619","0 -> 2 -> 8 -> 12 -> 14","230"
"1620","0 -> 4 -> 9 -> 11 -> 14","230"
"1621","0 -> 1 -> 3 -> 9 -> 14","230"
"1622","0 -> 3 -> 13 -> 14","230"
"1623","0 -> 3 -> 13 -> 14","230"
"1624","5 -> 8 -> 13 -> 14","230"
"1625","0 -> 3 -> 6 -> 12 -> 14","230"
"1626","3 -> 5 -> 7 -> 10 -> 14","236"
"1627","0 -> 3 -> 4 -> 11 -> 8 -> 13 -> 14","236"
"1628","0 -> 8 -> 11 -> 14","242"
"1629","0 -> 4 -> 7 -> 14 
0 -> 1 -> 8 -> 10 
No path found","248"
"1630","0 -> 3 -> 5 -> 8 -> 5 -> 11 -> 12 -> 14","272"
"1631","0 -> 1 -> 3 -> 11 -> 12 -> 14","248"
"1632","0 -> 2 -> 6 -> 11 -> 14","230"
"1633","0 -> 2 -> 4 -> 14 
or 
0 -> 5 -> 4 -> 14","242"
"1634","0 -> 1 -> 6 -> 13 -> 14","254"
"1635","0 -> 1 -> 3 -> 12 -> 13 -> 14","248"
"1636","0 -> 3 -> 4 -> 7 -> 14","224"
"1637","0 -> 1 -> 2 -> 8 -> 10 -> 14 
or 'No path found'","248"
"1638","0 -> 4 -> 6 -> 5 -> 7 -> 9 -> 11 -> 12 -> 14","254"
"1639","0 -> 2 -> 8 -> 10 -> 11 -> 14","266"
"1640","0 -> 2 -> 4 -> 8 -> 12 -> 13 -> 14","248"
"1641","0 -> 2 -> 7 -> 8 -> 14","242"
"1642","0 -> 2 -> 14","236"
"1643","0 -> 3 -> 9 -> 11 -> 12 -> 14","236"
"1644","0 -> 5 -> 10 -> 11 -> 14","236"
"1645","0 -> 2 -> 11 -> 14","260"
"1646","0 -> 1 -> 6 -> 14","248"
"1647","0 -> 1 -> 3 -> 12 -> 14","236"
"1648","0 -> 2 -> 14","254"
"1649","0 -> 1 -> 2 -> 3 -> 6 -> 8 -> 9 -> 11 -> 14 
No path found","272"
"1650","0 -> 1 -> 3 -> 6 -> 12 -> 14","290"
"1651","0 -> 6 -> 10 -> 5 -> 13 -> 14","296"
"1652","0 -> 0 -> 4 -> 5 -> 10 -> 13 -> 14","260"
"1653","0 -> 7 -> 10 -> 13 -> 14","308"
"1654","0 -> 3 -> 5 -> 8 -> 9 -> 10 -> 12 -> 14","320"
"1655","0 -> 6 -> 10 -> 14","290"
"1656","0 -> 1 -> 5 -> 9 -> 14 
or 
0 -> 3 -> 11 -> 13 -> 14","278"
"1657","0 -> 3 -> 9 -> 8 -> 7 -> 5 -> 11 -> 12 -> 14 
or 
0 -> 3 -> 9 -> 13 
or 
No path found","314"
"1658","0 -> 6 -> 2 -> 5 -> 4 -> 1 -> 13 -> 14","278"
"1659","0 -> 3 -> 4 -> 13 -> 14 
or 
0 -> 3 -> 7 -> 11 -> 14 
or 
0 -> 9 -> 11 -> 14 
or 
No path found","290"
"1660","0 -> 1 -> 8 -> 5 -> 6 -> 14","362"
"1661","0 -> 1 -> 2 -> 3 -> 5 -> 8 -> 9 -> 10 -> 12 -> 13 -> 14","320"
"1662","0 -> 3 -> 6 -> 7 -> 13 -> 14","344"
"1663","0 -> 3 -> 13 -> 14 
or 
0 -> 3 -> 8 -> 13 -> 14 
or 
0 -> 2 -> 13 -> 14 
or 
0 -> 2 -> 8 -> 13 -> 14 
or 
No path found","362"
"1664","0 -> 5 -> 8 -> 12 -> 14 
or 
0 -> 5 -> 11 -> 14 
or 
0 -> 4 -> 5 -> 8 -> 12 -> 14 
or 
0 -> 3 -> 6 -> 9 -> 13 -> 14","344"
"1665","0 -> 5 -> 6 -> 8 -> 9 -> 14 
or 
0 -> 5 -> 8 -> 0 -> 5 -> 6 -> 8 -> 9 -> 14 
or 
0 -> 3 -> 12 -> 4 -> 5 -> 6 -> 8 -> 9 -> 14","368"
"1666","0 -> 3 -> 12 -> 14 
or 
0 -> 6 -> 12 -> 14 
or 
0 -> 1 -> 3 -> 13 -> 14 
or 
0 -> 1 -> 5 -> 9 -> 11 -> 12 -> 14","374"
"1667","0 -> 1 -> 3 -> 5 -> 7 -> 8 -> 14 
or 
0 -> 2 -> 7 -> 8 -> 14 
or 
No path found","374"
"1668","0 -> 3 -> 4 -> 14 
or 
0 -> 13 -> 14 
or 
0 -> 3 -> 9 -> 12 -> 14 
or 
0 -> 3 -> 9 -> 12 -> 14 
or 
0 -> 3 -> 10 -> 14","308"
"1669","0 -> 1 -> 2 -> 6 -> 11 -> 14 
or 
0 -> 1 -> 3 -> 5 -> 10 -> 14 
or 
0 -> 1 -> 4 -> 9 -> 13 -> 14 
or 
0 -> 1 -> 4 -> 9 -> 10 -> 11 -> 13 -> 14","398"
"1670","0 -> 6 -> 10 -> 11 -> 14 
or 
No path found","416"
"1671","3 -> 14 -> 8 -> 13 
No path found","422"
"1672","0 -> 1 -> 3 -> 8 -> 12 -> 13 -> 14 
or 
0 -> 4 -> 7 -> 6 -> 2 -> 10 is not valid, so we try 
0 -> 4 -> 7 -> 11 -> 13 -> 14
or 
0 -> 1 -> 3 -> 8 -> 11 -> 12 -> 13 -> 14","404"
"1673","0 -> 7 -> 9 -> 5 -> 13 -> 14 
or 
0 -> 3 -> 7 -> 9 -> 5 -> 13 -> 14 
or 
0 -> 4 -> 7 -> 9 -> 5 -> 13 -> 14","446"
"1674","0 -> 9 -> 0 -> 11 -> 8 -> 14","482"
"1675","0 -> 5 -> 4 -> 6 -> 10 -> 14 
or 
0 -> 3 -> 14 
or 
No path found","434"
"1676","0 -> 1 -> 2 -> 3 -> 7 -> 5 -> 14 
or 
No path found","452"
"1677","0 -> 1 -> 3 -> 6 -> 5 -> 8 -> 11 -> 14 
or 
0 -> 4 -> 6 -> 5 -> 8 -> 11 -> 14 
or 
0 -> 4 -> 6 -> 9 -> 12 -> 13 -> 14","386"
"1678","0 -> 1 -> 2 -> 3 -> 4 -> 5 -> 6 -> 7 -> 8 -> 9 -> 11 -> 13 -> 14","404"
"1679","0 -> 3 -> 14 
0 -> 3 -> 14 
0 -> 3 -> 14 
0 -> 1 -> 5 -> 9 -> 8 
0 -> 1 -> 5 -> 6 -> 11 -> 12 -> 13 -> 14 
No path found","494"
"1680","0 -> 2 -> 3 -> 6 -> 7 -> 18 -> 19","248"
"1681","0 -> 2 -> 3 -> 7 -> 5 -> 9 -> 10 -> 11 -> 12 -> 16 -> 17 -> 19","254"
"1682","0 -> 3 -> 5 -> 8 -> 10 -> 19","260"
"1683","0 -> 2 -> 3 -> 4 -> 15 -> 16 -> 19","254"
"1684","0 -> 1 -> 2 -> 3 -> 4 -> 5 -> 7 -> 8 -> 9 -> 11 -> 12 -> 13 -> 15 -> 19 
No path found","284"
"1685","0 -> 1 -> 3 -> 5 -> 6 -> 19","254"
"1686","0 -> 1 -> 2 -> 4 -> 18 -> 19","236"
"1687","0 -> 2 -> 13 -> 14 -> 15 -> 16 -> 19","284"
"1688","0 -> 1 -> 2 -> 6 -> 5 -> 10 -> 8 -> 9 -> 4 -> 5 -> 14 -> 15 -> 17 -> 16 -> 19","272"
"1689","0 -> 1 -> 2 -> 4 -> 5 -> 6 -> 8 -> 9 -> 10 -> 14 -> 15 -> 18 -> 19","254"
"1690","0 -> 1 -> 4 -> 5 -> 6 -> 7 -> 2 -> 3 -> 14 -> 15 -> 16 -> 17 -> 18 -> 19","314"
"1691","0 -> 2 -> 3 -> 4 -> 5 -> 6 -> 7 -> 8 -> 9 -> 10 -> 11 -> 12 -> 13 -> 14 -> 15 -> 16 -> 17 -> 18 -> 19","302"
"1692","0 -> 2 -> 3 -> 6 -> 7 -> 9 -> 10 -> 11 -> 12 -> 13 -> 14 -> 15 -> 16 -> 17 -> 18 -> 19","320"
"1693","0 -> 1 -> 2 -> 3 -> 4 -> 5 -> 6 -> 7 -> 8 -> 9 -> 10 -> 11 -> 12 -> 13 -> 14 -> 15 -> 16 -> 17 -> 18 -> 19","308"
"1694","0 -> 1 -> 3 -> 4 -> 5 -> 6 -> 7 -> 8 -> 9 -> 10 -> 11 -> 12 -> 13 -> 14 -> 17 -> 18 -> 19","308"
"1695","0 -> 1 -> 3 -> 4 -> 5 -> 8 -> 9 -> 11 -> 12 -> 13 -> 14 -> 15 -> 16 -> 18 -> 19","302"
"1696","0 -> 2 -> 3 -> 4 -> 5 -> 6 -> 7 -> 8 -> 9 -> 10 -> 11 -> 12 -> 13 -> 14 -> 15 -> 16 -> 17 -> 18 -> 19","308"
"1697","0 -> 1 -> 2 -> 3 -> 4 -> 5 -> 6 -> 7 -> 8 -> 9 -> 10 -> 11 -> 12 -> 13 -> 14 -> 15 -> 16 -> 17 -> 18 -> 19","314"
"1698","0 -> 1 -> 2 -> 3 -> 5 -> 19 

or 
0 -> 4 -> 5 -> 6 -> 19 

or 
0 -> 4 -> 5 -> 14 -> 15 -> 16 -> 17 -> 19 

or 
0 -> 8 -> 9 -> 10 -> 11 -> 12 -> 13 -> 19","308"
"1699","0 -> 1 -> 2 -> 3 -> 4 -> 5 -> 6 -> 7 -> 8 -> 9 -> 10 -> 11 -> 12 -> 13 -> 14 -> 15 -> 16 -> 17 -> 18 -> 19","302"
"1700","0 -> 4 -> 5 -> 6 -> 7 -> 8 -> 9 -> 10 -> 11 -> 12 -> 13 -> 14 -> 15 -> 16 -> 17 -> 18 -> 19","332"
"1701","0 -> 1 -> 2 -> 3 -> 4 -> 5 -> 6 -> 7 -> 8 -> 9 -> 10 -> 11 -> 12 -> 13 -> 14 -> 15 -> 16 -> 17 -> 18 -> 19","338"
"1702","0 -> 1 -> 2 -> 3 -> 4 -> 5 -> 6 -> 7 -> 8 -> 9 -> 10 -> 11 -> 12 -> 13 -> 14 -> 15 -> 16 -> 17 -> 18 -> 19","350"
"1703","0 -> 1 -> 2 -> 3 -> 4 -> 5 -> 6 -> 7 -> 8 -> 9 -> 10 -> 11 -> 12 -> 13 -> 14 -> 15 -> 16 -> 17 -> 18 -> 19","350"
"1704","0 -> 1 -> 2 -> 4 -> 5 -> 6 -> 7 -> 8 -> 9 -> 10 -> 11 -> 12 -> 13 -> 14 -> 15 -> 16 -> 17 -> 18 -> 19","380"
"1705","0 -> 1 -> 9 -> 10 -> 11 -> 12 -> 13 -> 14 -> 15 -> 16 -> 17 -> 18 -> 19","350"
"1706","0 -> 1 -> 2 -> 3 -> 4 -> 5 -> 6 -> 7 -> 8 -> 9 -> 10 -> 11 -> 12 -> 13 -> 14 -> 15 -> 16 -> 17 -> 18 -> 19","356"
"1707","0 -> 1 -> 2 -> 3 -> 4 -> 5 -> 6 -> 7 -> 8 -> 9 -> 11 -> 12 -> 13 -> 14 -> 15 -> 17 -> 18 -> 19","362"
"1708","0 -> 1 -> 2 -> 3 -> 4 -> 5 -> 6 -> 8 -> 9 -> 10 -> 11 -> 12 -> 13 -> 14 -> 15 -> 16 -> 17 -> 18 -> 19","338"
"1709","0 -> 1 -> 2 -> 3 -> 4 -> 5 -> 6 -> 7 -> 8 -> 9 -> 10 -> 11 -> 12 -> 13 -> 14 -> 15 -> 16 -> 17 -> 18 -> 19","350"
"1710","0 -> 1 -> 2 -> 4 -> 3 -> 6 -> 7 -> 8 -> 9 -> 10 -> 11 -> 12 -> 13 -> 14 -> 15 -> 16 -> 17 -> 18 -> 19","356"
"1711","0 -> 1 -> 4 -> 5 -> 6 -> 8 -> 9 -> 10 -> 11 -> 14 -> 15 -> 16 -> 17 -> 18 -> 19","350"
"1712","0 -> 1 -> 2 -> 5 -> 4 -> 6 -> 7 -> 8 -> 9 -> 10 -> 11 -> 12 -> 14 -> 15 -> 16 -> 17 -> 18 -> 19","368"
"1713","0 -> 2 -> 3 -> 4 -> 5 -> 6 -> 7 -> 8 -> 9 -> 11 -> 12 -> 13 -> 14 -> 15 -> 16 -> 17 -> 18 -> 19","368"
"1714","0 -> 1 -> 2 -> 3 -> 4 -> 5 -> 7 -> 8 -> 9 -> 10 -> 11 -> 12 -> 13 -> 14 -> 15 -> 16 -> 17 -> 18 -> 19","356"
"1715","0 -> 1 -> 2 -> 3 -> 4 -> 5 -> 6 -> 7 -> 8 -> 10 -> 11 -> 12 -> 13 -> 14 -> 15 -> 16 -> 17 -> 18 -> 19","356"
"1716","0 -> 1 -> 2 -> 3 -> 4 -> 5 -> 6 -> 7 -> 8 -> 9 -> 10 -> 11 -> 12 -> 13 -> 14 -> 15 -> 16 -> 17 -> 18 -> 19","368"
"1717","0 -> 2 -> 13 -> 14 -> 15 -> 17 -> 18 -> 19","362"
"1718","0 -> 1 -> 2 -> 3 -> 4 -> 5 -> 6 -> 7 -> 8 -> 9 -> 11 -> 12 -> 14 -> 15 -> 17 -> 18 -> 19","362"
"1719","0 -> 2 -> 3 -> 4 -> 5 -> 6 -> 7 -> 8 -> 9 -> 10 -> 11 -> 13 -> 14 -> 15 -> 16 -> 17 -> 18 -> 19","374"
"1720","0 -> 2 -> 3 -> 4 -> 5 -> 6 -> 7 -> 8 -> 9 -> 10 -> 11 -> 12 -> 13 -> 14 -> 15 -> 16 -> 17 -> 18 -> 19","374"
"1721","0 -> 1 -> 2 -> 3 -> 4 -> 5 -> 6 -> 7 -> 8 -> 9 -> 10 -> 11 -> 12 -> 13 -> 14 -> 15 -> 16 -> 17 -> 18 -> 19","404"
"1722","0 -> 1 -> 7 -> 13 -> 15 -> 19 
or 
0 -> 2 -> 3 -> 4 -> 5 -> 6 -> 8 -> 9 -> 12 -> 13 -> 15 -> 19 
or 
No path found","374"
"1723","0 -> 1 -> 2 -> 3 -> 4 -> 5 -> 6 -> 7 -> 8 -> 9 -> 10 -> 11 -> 12 -> 14 -> 15 -> 16 -> 17 -> 18 -> 19","380"
"1724","0 -> 2 -> 3 -> 4 -> 5 -> 6 -> 7 -> 8 -> 10 -> 11 -> 12 -> 13 -> 14 -> 15 -> 17 -> 18 -> 19","380"
"1725","0 -> 1 -> 2 -> 4 -> 5 -> 6 -> 8 -> 9 -> 10 -> 11 -> 12 -> 13 -> 14 -> 15 -> 16 -> 17 -> 18 -> 19","416"
"1726","0 -> 2 -> 3 -> 4 -> 5 -> 6 -> 7 -> 8 -> 9 -> 10 -> 11 -> 12 -> 13 -> 14 -> 15 -> 16 -> 17 -> 18 -> 19","404"
"1727","0 -> 1 -> 2 -> 3 -> 4 -> 5 -> 7 -> 8 -> 9 -> 10 -> 11 -> 12 -> 13 -> 14 -> 15 -> 16 -> 17 -> 18 -> 19","392"
"1728","0 -> 2 -> 3 -> 4 -> 5 -> 6 -> 7 -> 8 -> 9 -> 10 -> 11 -> 13 -> 14 -> 15 -> 16 -> 17 -> 18 -> 19","404"
"1729","0 -> 1 -> 2 -> 3 -> 4 -> 5 -> 6 -> 7 -> 8 -> 9 -> 10 -> 11 -> 12 -> 13 -> 14 -> 15 -> 16 -> 17 -> 18 -> 19","380"
"1730","0 -> 1 -> 2 -> 3 -> 4 -> 5 -> 6 -> 7 -> 8 -> 9 -> 10 -> 11 -> 12 -> 13 -> 14 -> 15 -> 16 -> 17 -> 18 -> 19","440"
"1731","0 -> 1 -> 3 -> 4 -> 5 -> 6 -> 7 -> 8 -> 9 -> 10 -> 11 -> 13 -> 14 -> 16 -> 17 -> 18 -> 19","458"
"1732","0 -> 1 -> 2 -> 3 -> 4 -> 5 -> 6 -> 7 -> 8 -> 9 -> 10 -> 11 -> 12 -> 14 -> 15 -> 16 -> 17 -> 18 -> 19","446"
"1733","0 -> 1 -> 2 -> 3 -> 4 -> 5 -> 7 -> 8 -> 9 -> 10 -> 11 -> 12 -> 14 -> 16 -> 17 -> 18 -> 19","434"
"1734","0 -> 2 -> 3 -> 4 -> 5 -> 6 -> 7 -> 8 -> 9 -> 10 -> 11 -> 12 -> 13 -> 14 -> 15 -> 16 -> 17 -> 18 -> 19","446"
"1735","0 -> 1 -> 3 -> 5 -> 7 -> 15 -> 16 -> 17 -> 19 
or 
No path found","440"
"1736","0 -> 2 -> 3 -> 16 -> 18 -> 19 
or 
0 -> 2 -> 4 -> 6 -> 7 -> 8 -> 9 -> 10 -> 11 -> 12 -> 13 -> 14 -> 15 -> 17 -> 19","458"
"1737","0 -> 1 -> 2 -> 3 -> 4 -> 5 -> 6 -> 7 -> 8 -> 9 -> 11 -> 12 -> 13 -> 14 -> 15 -> 17 -> 18 -> 19","440"
"1738","0 -> 1 -> 2 -> 4 -> 6 -> 8 -> 11 -> 12 -> 13 -> 14 -> 15 -> 16 -> 17 -> 18 -> 19","458"
"1739","0 -> 2 -> 4 -> 6 -> 5 -> 7 -> 9 -> 11 -> 13 -> 14 -> 15 -> 16 -> 17 -> 18 -> 19","440"
"1740","0 -> 2 -> 4 -> 5 -> 7 -> 8 -> 9 -> 10 -> 12 -> 14 -> 15 -> 17 -> 18 -> 19","434"
"1741","0 -> 1 -> 3 -> 4 -> 5 -> 6 -> 7 -> 8 -> 9 -> 10 -> 11 -> 12 -> 13 -> 14 -> 15 -> 16 -> 17 -> 18 -> 19","458"
"1742","0 -> 2 -> 4 -> 5 -> 6 -> 10 -> 11 -> 12 -> 13 -> 15 -> 16 -> 18 -> 19","452"
"1743","0 -> 2 -> 3 -> 5 -> 6 -> 8 -> 10 -> 12 -> 13 -> 15 -> 17 -> 19 
No path found","440"
"1744","0 -> 1 -> 2 -> 3 -> 5 -> 6 -> 8 -> 9 -> 11 -> 12 -> 14 -> 15 -> 17 -> 19 
or 'No path found'","434"
"1745","0 -> 2 -> 4 -> 6 -> 7 -> 9 -> 10 -> 11 -> 12 -> 13 -> 15 -> 17 -> 18 -> 19","434"
"1746","0 -> 1 -> 2 -> 4 -> 3 -> 5 -> 6 -> 7 -> 8 -> 9 -> 10 -> 11 -> 12 -> 13 -> 14 -> 15 -> 16 -> 17 -> 18 -> 19","452"
"1747","0 -> 2 -> 3 -> 5 -> 8 -> 6 -> 7 -> 9 -> 11 -> 12 -> 19 
No path found","458"
"1748","0 -> 1 -> 2 -> 3 -> 6 -> 7 -> 8 -> 9 -> 10 -> 11 -> 12 -> 13 -> 14 -> 15 -> 17 -> 18 -> 19","440"
"1749","0 -> 1 -> 2 -> 3 -> 4 -> 5 -> 6 -> 7 -> 8 -> 9 -> 11 -> 14 -> 17 -> 19 
or 
No path found","458"
"1750","0 -> 3 -> 5 -> 8 -> 9 -> 11 -> 13 -> 16 -> 19","272"
"1751","0 -> 1 -> 4 -> 8 -> 17 -> 19","272"
"1752","0 -> 1 -> 3 -> 7 -> 9 -> 18 -> 19","278"
"1753","0 -> 2 -> 4 -> 5 -> 6 -> 3 -> 15 -> 13 -> 19","248"
"1754","0 -> 3 -> 4 -> 11 -> 12 -> 19 
or 
0 -> 8 -> 11 -> 12 -> 19 
or 
0 -> 8 -> 10 -> 16 -> 17 -> 18 -> 19","278"
"1755","0 -> 1 -> 2 -> 3 -> 4 -> 5 -> 17 -> 18 -> 19 

or 
No path found","296"
"1756","0 -> 4 -> 6 -> 12 -> 15 -> 19","236"
"1757","0 -> 4 -> 5 -> 7 -> 11 -> 13 -> 16 -> 14 -> 17 -> 18 -> 19","284"
"1758","0 -> 3 -> 5 -> 7 -> 8 -> 9 -> 11 -> 12 -> 13 -> 14 -> 16 -> 18 -> 19","272"
"1759","0 -> 2 -> 4 -> 5 -> 3 -> 15 -> 13 -> 17 -> 16 -> 19","260"
"1760","0 -> 1 -> 4 -> 3 -> 5 -> 7 -> 10 -> 8 -> 9 -> 13 -> 14 -> 15 -> 16 -> 17 -> 18 -> 19","320"
"1761","0 -> 1 -> 2 -> 3 -> 4 -> 7 -> 6 -> 5 -> 8 -> 9 -> 10 -> 18 -> 19","332"
"1762","0 -> 1 -> 2 -> 3 -> 5 -> 8 -> 10 -> 13 -> 19 
or 
No path found","338"
"1763","0 -> 2 -> 4 -> 3 -> 6 -> 9 -> 11 -> 14 -> 15 -> 17 -> 19","338"
"1764","0 -> 1 -> 3 -> 5 -> 7 -> 10 -> 11 -> 19 
No path found","290"
"1765","0 -> 3 -> 4 -> 5 -> 6 -> 7 -> 8 -> 9 -> 10 -> 11 -> 12 -> 13 -> 14 -> 15 -> 16 -> 17 -> 18 -> 19","344"
"1766","0 -> 5 -> 6 -> 7 -> 10 -> 8 -> 9 -> 1 -> 2 -> 3 -> 4 -> 14 -> 17 -> 16 -> 19","326"
"1767","0 -> 3 -> 4 -> 5 -> 6 -> 7 -> 8 -> 9 -> 10 -> 11 -> 12 -> 13 -> 14 -> 15 -> 16 -> 17 -> 19 
No path found","374"
"1768","0 -> 1 -> 2 -> 3 -> 14 -> 17 -> 18 -> 19","320"
"1769","0 -> 3 -> 4 -> 7 -> 10 -> 12 -> 14 -> 16 -> 19 

or 
0 -> 3 -> 4 -> 7 -> 8 -> 10 -> 12 -> 14 -> 16 -> 19 

or 
0 -> 3 -> 4 -> 7 -> 8 -> 10 -> 12 -> 14 -> 17 -> 18 -> 19","308"
"1770","0 -> 1 -> 3 -> 14 -> 15 -> 19 
or 
0 -> 1 -> 2 -> 3 -> 14 -> 16 -> 18 
or 
0 -> 1 -> 2 -> 3 -> 13 -> 14 -> 15 -> 19","392"
"1771","0 -> 2 -> 8 -> 5 -> 7 -> 9 -> 6 -> 7 -> 10 -> 11 -> 13 -> 15 -> 18 -> 19","410"
"1772","0 -> 2 -> 3 -> 7 -> 9 -> 11 -> 12 -> 15 -> 18 -> 19","440"
"1773","0 -> 1 -> 2 -> 16 -> 19
0 -> 1 -> 2 -> 13 -> 14 -> 15 -> 17 -> 18
No path found","404"
"1774","0 -> 3 -> 7 -> 11 -> 12 -> 13 -> 14 -> 17 -> 18 -> 19","386"
"1775","0 -> 2 -> 5 -> 6 -> 4 -> 8 -> 9 -> 10 -> 11 -> 12 -> 14 -> 13 -> 17 -> 16 -> 18 -> 19","362"
"1776","0 -> 3 -> 4 -> 5 -> 7 -> 6 -> 8 -> 10 -> 11 -> 14 -> 17 -> 18 -> 19","404"
"1777","0 -> 3 -> 7 -> 13 -> 14 -> 16 -> 19 
No path found","404"
"1778","0 -> 1 -> 2 -> 6 -> 7 -> 8 -> 9 -> 10 -> 11 -> 14 -> 16 -> 17 -> 18 -> 19","368"
"1779","0 -> 1 -> 3 -> 5 -> 6 -> 7 -> 8 -> 9 -> 11 -> 12 -> 13 -> 14 -> 15 -> 16 -> 17 -> 18 -> 19","428"
"1780","0 -> 1 -> 2 -> 3 -> 4 -> 5 -> 7 -> 8 -> 9 -> 10 -> 11 -> 13 -> 14 -> 12 -> 17 -> 18 -> 19 
or 
No path found","476"
"1781","0 -> 1 -> 3 -> 6 -> 7 -> 8 -> 9 -> 10 -> 11 -> 12 -> 13 -> 14 -> 15 -> 16 -> 17 -> 18 -> 19","488"
"1782","0 -> 1 -> 4 -> 5 -> 6 -> 7 -> 8 -> 9 -> 10 -> 11 -> 12 -> 13 -> 14 -> 15 -> 16 -> 17 -> 18 -> 19","518"
"1783","0 -> 3 -> 6 -> 5 -> 7 -> 8 -> 9 -> 11 -> 12 -> 13 -> 16 -> 15 -> 14 -> 17 -> 18 -> 19","518"
"1784","0 -> 1 -> 3 -> 6 -> 8 -> 10 -> 11 -> 15 -> 16 -> 17 -> 19 
No path found","476"
"1785","0 -> 1 -> 2 -> 3 -> 6 -> 8 -> 9 -> 10 -> 11 -> 12 -> 15 -> 16 -> 19
No path found","494"
"1786","0 -> 1 -> 3 -> 6 -> 8 -> 11 -> 14 -> 17 -> 18 -> 19 
or 
No path found","482"
"1787","0 -> 1 -> 2 -> 3 -> 4 -> 5 -> 6 -> 7 -> 8 -> 9 -> 11 -> 14 -> 13 -> 12 -> 15 -> 16 -> 17 -> 18 -> 19","470"
"1788","0 -> 1 -> 2 -> 3 -> 4 -> 5 -> 6 -> 11 -> 14 -> 16 -> 18 -> 19 

or 
No path found","452"
"1789","0 -> 1 -> 2 -> 3 -> 4 -> 5 -> 6 -> 7 -> 8 -> 9 -> 10 -> 11 -> 12 -> 13 -> 14 -> 15 -> 16 -> 17 -> 18 -> 19","476"
"1790","0 -> 2 -> 4 -> 6 -> 8 -> 10 -> 9 -> 11 -> 12 -> 13 -> 14 -> 15 -> 16 -> 17 -> 18 -> 19","542"
"1791","0 -> 1 -> 3 -> 4 -> 5 -> 6 -> 7 -> 9 -> 11 -> 14 -> 15 -> 16 -> 19
or 
No path found","536"
"1792","0 -> 2 -> 4 -> 6 -> 7 -> 8 -> 9 -> 11 -> 12 -> 13 -> 14 -> 16 -> 17 -> 18 -> 19","572"
"1793","0 -> 1 -> 2 -> 3 -> 4 -> 5 -> 6 -> 8 -> 9 -> 10 -> 11 -> 13 -> 14 -> 15 -> 16 -> 18 -> 19","566"
"1794","0 -> 1 -> 3 -> 5 -> 6 -> 10 -> 12 -> 13 -> 11 -> 9 -> 14 -> 17 -> 19 
No path found","530"
"1795","0 -> 2 -> 4 -> 8 -> 10 -> 14 -> 17 -> 19 
No path found","566"
"1796","0 -> 3 -> 1 -> 2 -> 4 -> 6 -> 7 -> 8 -> 9 -> 11 -> 12 -> 14 -> 15 -> 16 -> 18 -> 19 
No path found","584"
"1797","0 -> 1 -> 2 -> 3 -> 4 -> 5 -> 6 -> 7 -> 8 -> 9 -> 11 -> 13 -> 14 -> 15 -> 16 -> 17 -> 18 -> 19","542"
"1798","0 -> 1 -> 2 -> 3 -> 4 -> 5 -> 6 -> 7 -> 8 -> 9 -> 10 -> 11 -> 12 -> 13 -> 14 -> 15 -> 16 -> 17 -> 18 -> 19","548"
"1799","0 -> 1 -> 2 -> 3 -> 5 -> 9 -> 10 -> 11 -> 12 -> 14 -> 15 -> 17 -> 19 
No path found","566"
"1800","0 -> 3 -> 2 -> 4 -> 5 -> 8 -> 7 -> 9 -> 10 -> 11 -> 12 -> 13 -> 15 -> 18 -> 19 
No path found","584"
"1801","0 -> 1 -> 3 -> 5 -> 8 -> 9 -> 14 -> 15 -> 16 -> 17 -> 19 
No path found","584"
"1802","0 -> 1 -> 2 -> 4 -> 5 -> 6 -> 7 -> 8 -> 10 -> 11 -> 12 -> 13 -> 15 -> 16 -> 17 -> 18 -> 19","620"
"1803","0 -> 2 -> 0 -> 3 -> 4 -> 7 -> 8 -> 9 -> 10 -> 11 -> 12 -> 14 -> 15 -> 16 -> 17 -> 18 -> 19","620"
"1804","0 -> 1 -> 2 -> 3 -> 5 -> 8 -> 11 -> 14 -> 15 -> 16 -> 17 -> 18 -> 19 
No path found","614"
"1805","0 -> 3 -> 4 -> 5 -> 6 -> 9 -> 10 -> 11 -> 13 -> 14 -> 17 -> 18 -> 19 
No path found","608"
"1806","0 -> 1 -> 2 -> 5 -> 10 -> 13 -> 15 -> 18 -> 19 
No path found","626"
"1807","0 -> 1 -> 2 -> 3 -> 5 -> 6 -> 7 -> 9 -> 10 -> 12 -> 14 -> 16 -> 17 -> 19 
No path found","620"
"1808","0 -> 1 -> 3 -> 5 -> 6 -> 7 -> 8 -> 9 -> 10 -> 11 -> 12 -> 13 -> 14 -> 15 -> 17 -> 18 -> 19","620"
"1809","0 -> 3 -> 5 -> 8 -> 9 -> 11 -> 13 -> 19 
No path found","608"
"1810","0 -> 1 -> 2 -> 5 -> 8 -> 4 -> 7 -> 10 -> 11 -> 12 -> 13 -> 14 -> 15 -> 19 
No path found","656"
"1811","0 -> 1 -> 2 -> 3 -> 6 -> 8 -> 4 -> 5 -> 7 -> 9 -> 10 -> 11 -> 12 -> 14 -> 15 -> 16 -> 17 -> 18 -> 19","638"
"1812","0 -> 3 -> 6 -> 7 -> 8 -> 9 -> 10 -> 11 -> 12 -> 13 -> 14 -> 15 -> 16 -> 17 -> 18 -> 19","632"
"1813","0 -> 1 -> 3 -> 5 -> 6 -> 7 -> 9 -> 10 -> 11 -> 13 -> 12 -> 14 -> 15 -> 17 -> 19 
No path found","644"
"1814","0 -> 3 -> 6 -> 7 -> 9 -> 10 -> 11 -> 12 -> 13 -> 15 -> 16 -> 17 -> 18 -> 19","662"
"1815","0 -> 2 -> 4 -> 5 -> 6 -> 9 -> 13 -> 15 -> 16 -> 18 -> 19 

No path found","662"
"1816","0 -> 1 -> 4 -> 5 -> 6 -> 8 -> 10 -> 11 -> 14 -> 17 -> 18 -> 19 
No path found","662"
"1817","0 -> 1 -> 3 -> 5 -> 7 -> 8 -> 10 -> 12 -> 15 -> 17 -> 18 -> 19 
No path found","632"
"1818","0 -> 2 -> 5 -> 9 -> 11 -> 12 -> 14 -> 16 -> 18 -> 19","632"
"1819","0 -> 4 -> 6 -> 10 -> 12 -> 15 -> 14 -> 13 -> 16 -> 17 -> 18 -> 19 
No path found","626"
"1820","0 -> 2 -> 6 -> 10 -> 11 -> 12 -> 14 -> 18 -> 19","296"
"1821","0 -> 4 -> 0 
4 -> 0 -> 13 -> 19","284"
"1822","0 -> 3 -> 4 -> 9 -> 16 -> 19","242"
"1823","0 -> 2 -> 3 -> 5 -> 9 -> 10 -> 11 -> 14 -> 16 -> 19 

or 
0 -> 4 -> 6 -> 8 -> 14 -> 16 -> 19","284"
"1824","0 -> 2 -> 6 -> 8 -> 13 -> 19","278"
"1825","0 -> 1 -> 3 -> 4 -> 6 -> 8 -> 14 -> 15 -> 19 
No path found","266"
"1826","0 -> 3 -> 8 -> 11 -> 12 -> 19","284"
"1827","0 -> 1 -> 2 -> 5 -> 6 -> 19 
or 
0 -> 1 -> 2 -> 5 -> 6 -> 12 -> 13 -> 16 -> 18 -> 19","266"
"1828","0 -> 3 -> 4 -> 11 -> 15 -> 19 

or 
0 -> 3 -> 8 -> 15 -> 19","302"
"1829","0 -> 2 -> 8 -> 12 -> 15 -> 14 -> 13 -> 5 -> 1 -> 5 -> 3 -> 6 -> 9 -> 11 -> 19","284"
"1830","0 -> 3 -> 14 -> 16 -> 18 -> 19","308"
"1831","0 -> 1 -> 2 -> 3 -> 4 -> 5 -> 6 -> 7 -> 8 -> 9 -> 10 -> 11 -> 13 -> 15 -> 17 -> 18 -> 19","320"
"1832","0 -> 2 -> 1 -> 2 -> 4 -> 5 -> 6 -> 10 -> 13 -> 16 -> 17 -> 19 -> 18","398"
"1833","0 -> 5 -> 6 -> 7 -> 8 -> 9 -> 12 -> 13 -> 14 -> 16 -> 18 -> 19","374"
"1834","0 -> 5 -> 9 -> 11 -> 8 -> 12 -> 13 -> 15 -> 14 -> 17 -> 19","302"
"1835","0 -> 4 -> 6 -> 3 -> 5 -> 11 -> 19 

or 
0 -> 4 -> 6 -> 7 -> 9 is not possible due to the weight of 96 and 11, so we use
0 -> 4 -> 6 -> 3 -> 8 -> 10 -> 13 -> 14 -> 16 -> 18 -> 19","338"
"1836","0 -> 1 -> 4 -> 10 -> 12 -> 13 -> 15 -> 19 
No path found","362"
"1837","0 -> 3 -> 5 -> 7 -> 6 -> 10 -> 13 -> 14 -> 18 -> 19","314"
"1838","0 -> 2 -> 6 -> 7 -> 9 -> 11 -> 18 -> 19","314"
"1839","0 -> 1 -> 2 -> 5 -> 7 -> 11 -> 14 -> 17 -> 19","314"
"1840","0 -> 1 -> 4 -> 6 -> 8 -> 7 -> 10 -> 11 -> 17 -> 19 
No path found","380"
"1841","0 -> 3 -> 4 -> 6 -> 15 -> 19","458"
"1842","0 -> 1 -> 2 -> 4 -> 6 -> 8 -> 9 -> 10 -> 14 -> 16 -> 18 -> 19","416"
"1843","0 -> 1 -> 2 -> 3 -> 4 -> 5 -> 6 -> 7 -> 8 -> 9 -> 10 -> 11 -> 12 -> 13 -> 14 -> 15 -> 16 -> 17 -> 18 -> 19","458"
"1844","0 -> 2 -> 6 -> 8 -> 10 -> 9 -> 11 -> 15 -> 18 -> 19","440"
"1845","0 -> 2 -> 3 -> 5 -> 7 -> 8 -> 9 -> 10 -> 12 -> 14 -> 15 -> 16 -> 17 -> 19 
or 
No path found","452"
"1846","0 -> 1 -> 3 -> 6 -> 17 -> 18 -> 19 
No path found","386"
"1847","0 -> 1 -> 5 -> 8 -> 11 -> 16 -> 18 -> 19 
No path found","398"
"1848","0 -> 1 -> 2 -> 3 -> 4 -> 7 -> 11 -> 15 -> 17 -> 19 
or 
0 -> 1 -> 2 -> 3 -> 5 -> 6 -> 7 -> 8 -> 10 -> 12 -> 13 -> 14 -> 16 -> 19","386"
"1849","0 -> 2 -> 3 -> 5 -> 6 -> 12 -> 13 -> 15 -> 19 
or 
0 -> 4 -> 6 -> 12 -> 13 -> 15 -> 19 
or 
0 -> 4 -> 6 -> 7 -> 11 -> 13 -> 15 -> 19","398"
"1850","0 -> 1 -> 2 -> 3 -> 4 -> 5 -> 6 -> 7 -> 8 -> 9 -> 10 -> 11 -> 12 -> 13 -> 14 -> 15 -> 16 -> 17 -> 18 -> 19","488"
"1851","0 -> 1 -> 2 -> 3 -> 4 -> 5 -> 7 -> 8 -> 9 -> 11 -> 14 -> 15 -> 16 -> 17 -> 19 
No path found","560"
"1852","0 -> 1 -> 2 -> 3 -> 6 -> 8 -> 9 -> 11 -> 12 -> 13 -> 16 -> 19
No path found","560"
"1853","0 -> 1 -> 2 -> 3 -> 4 -> 5 -> 6 -> 7 -> 8 -> 9 -> 10 -> 11 -> 12 -> 13 -> 14 -> 15 -> 16 -> 17 -> 18 -> 19","548"
"1854","0 -> 1 -> 3 -> 5 -> 7 -> 8 -> 9 -> 11 -> 13 -> 15 -> 16 -> 17 -> 19 
No path found","554"
"1855","0 -> 1 -> 3 -> 5 -> 6 -> 7 -> 8 -> 9 -> 10 -> 12 -> 13 -> 15 -> 16 -> 17 -> 18 -> 19","524"
"1856","0 -> 3 -> 6 -> 9 -> 10 -> 14 -> 17 -> 19 
No path found","566"
"1857","0 -> 1 -> 2 -> 9 -> 14 -> 16 -> 19 
No path found","530"
"1858","0 -> 1 -> 2 -> 4 -> 3 -> 5 -> 7 -> 11 -> 17 -> 18 -> 19 
No path found","542"
"1859","0 -> 3 -> 4 -> 6 -> 8 -> 13 -> 16 -> 14 -> 19 
No path found","506"
"1860","0 -> 1 -> 3 -> 5 -> 7 -> 9 -> 15 -> 18 -> 19 
No path found","638"
"1861","0 -> 1 -> 3 -> 8 -> 7 -> 10 -> 9 -> 12 -> 15 -> 16 -> 17 -> 18 -> 19","674"
"1862","0 -> 2 -> 5 -> 8 -> 7 -> 10 -> 11 -> 16 -> 18 -> 19 
No path found","626"
"1863","0 -> 1 -> 2 -> 3 -> 4 -> 5 -> 6 -> 7 -> 8 -> 9 -> 10 -> 11 -> 12 -> 13 -> 14 -> 15 -> 16 -> 17 -> 18 -> 19","680"
"1864","0 -> 1 -> 3 -> 4 -> 7 -> 10 -> 12 -> 13 -> 15 -> 16 -> 17 -> 18 -> 19","632"
"1865","0 -> 3 -> 5 -> 6 -> 7 -> 8 -> 9 -> 11 -> 12 -> 13 -> 14 -> 15 -> 16 -> 17 -> 18 -> 19","644"
"1866","0 -> 1 -> 2 -> 3 -> 8 -> 11 -> 12 -> 14 -> 15 -> 16 -> 17 -> 18 -> 19 
No path found","632"
"1867","0 -> 1 -> 5 -> 6 -> 7 -> 8 -> 9 -> 10 -> 11 -> 12 -> 15 -> 19 
No path found","662"
"1868","0 -> 4 -> 7 -> 11 -> 17 -> 18 -> 19 
No path found","650"
"1869","0 -> 5 -> 8 -> 10 -> 14 -> 18 -> 19 
No path found","650"
"1870","0 -> 3 -> 8 -> 9 -> 15 -> 19 
No path found","764"
"1871","0 -> 3 -> 10 -> 12 -> 15 -> 17 -> 19 
No path found","740"
"1872","0 -> 3 -> 7 -> 10 -> 16 -> 17 -> 19 
No path found","770"
"1873","0 -> 5 -> 8 -> 7 -> 11 -> 13 -> 17 -> 18 -> 19","740"
"1874","0 -> 1 -> 2 -> 3 -> 4 -> 5 -> 6 -> 7 -> 8 -> 9 -> 10 -> 11 -> 12 -> 13 -> 14 -> 15 -> 16 -> 17 -> 18 -> 19","728"
"1875","0 -> 1 -> 2 -> 3 -> 4 -> 5 -> 6 -> 7 -> 8 -> 9 -> 11 -> 12 -> 13 -> 14 -> 15 -> 16 -> 17 -> 18 -> 19","752"
"1876","0 -> 2 -> 4 -> 5 -> 11 -> 15 -> 19 
No path found","722"
"1877","0 -> 4 -> 8 -> 11 -> 14 -> 15 -> 19 
No path found","752"
"1878","0 -> 5 -> 9 -> 10 -> 12 -> 18 -> 19 
No path found","728"
"1879","0 -> 2 -> 4 -> 6 -> 10 -> 13 -> 16 -> 19 
No path found","710"
"1880","0 -> 4 -> 7 -> 8 -> 9 -> 5 -> 11 -> 17 -> 19 
No path found","788"
"1881","0 -> 1 -> 2 -> 3 -> 4 -> 5 -> 7 -> 8 -> 10 -> 11 -> 12 -> 14 -> 15 -> 16 -> 17 -> 18 -> 19","806"
"1882","0 -> 3 -> 8 -> 9 -> 12 -> 17 -> 19 
No path found","794"
"1883","0 -> 1 -> 5 -> 9 -> 14 -> 12 -> 10 -> 16 -> 19 
No path found","818"
"1884","0 -> 2 -> 4 -> 8 -> 11 -> 12 -> 17 -> 16 -> 19 
No path found","800"
"1885","0 -> 5 -> 11 -> 17 -> 19 
No path found","800"
"1886","0 -> 1 -> 2 -> 3 -> 4 -> 5 -> 6 -> 7 -> 8 -> 9 -> 10 -> 11 -> 12 -> 13 -> 14 -> 15 -> 16 -> 17 -> 18 -> 19","824"
"1887","0 -> 7 -> 10 -> 5 -> 8 -> 4 -> 8 -> 9 -> 15 -> 19 
No path found","848"
"1888","0 -> 7 -> 10 -> 11 -> 13 -> 17 -> 18 -> 19 
No path found","800"
"1889","0 -> 3 -> 4 -> 7 -> 8 -> 14 -> 16 -> 19 
No path found","806"
"1890","0 -> 2 -> 5 -> 16 -> 18 -> 19","260"
"1891","0 -> 2 -> 3 -> 4 -> 5 -> 6 -> 7 -> 8 -> 9 -> 10 -> 11 -> 13 -> 15 -> 19 
No path found","296"
"1892","0 -> 2 -> 8 -> 11 -> 16 -> 19 

or 
0 -> 2 -> 8 -> 11 -> 16 -> 14 -> 19 

or 
0 -> 3 -> 6 -> 9 -> 11 -> 16 -> 19","266"
"1893","0 -> 2 -> 6 -> 12 -> 19","254"
"1894","0 -> 12 -> 13 -> 18 -> 19 
or 
0 -> 1 -> 8 -> 9 -> 5 -> 9 -> 18 -> 19 
or 
0 -> 6 -> 5 -> 9 -> 8 -> 9 -> 18 -> 19","284"
"1895","0 -> 2 -> 3 -> 4 -> 6 -> 7 -> 9 -> 11 -> 15 -> 17 -> 19","302"
"1896","0 -> 1 -> 6 -> 9 -> 19 
or 
0 -> 1 -> 6 -> 11 -> 19 
or 
0 -> 1 -> 6 -> 2 -> 4 -> 7 -> 12 -> 19 
or 
0 -> 1 -> 6 -> 2 -> 4 -> 7 -> 12 -> 11 -> 19","284"
"1897","0 -> 1 -> 5 -> 2 -> 5 -> 11 -> 15 -> 19 
or 
0 -> 1 -> 5 -> 11 -> 15 -> 19","260"
"1898","0 -> 4 -> 1 -> 4 -> 18 -> 19","290"
"1899","0 -> 2 -> 6 -> 14 -> 17 -> 18 -> 19","254"
"1900","0 -> 3 -> 10 -> 14 -> 19 
or 
0 -> 3 -> 10 -> 14 -> 17 
or 
0 -> 3 -> 10 -> 11 -> 17 
or 
0 -> 3 -> 10 -> 11 -> 14 
or 
0 -> 2 -> 5 -> 8 -> 9 -> 15 -> 17","332"
"1901","0 -> 4 -> 11 -> 16 -> 17 -> 18 -> 19","356"
"1902","0 -> 8 -> 17 -> 8 -> 12 -> 19","350"
"1903","0 -> 1 -> 2 -> 11 -> 17 -> 19 
or 
No path found","356"
"1904","0 -> 3 -> 5 -> 8 -> 6 -> 4 -> 2 -> 16 -> 11 -> 19","314"
"1905","0 -> 1 -> 2 -> 3 -> 7 -> 12 -> 16 -> 19 
No path found","344"
"1906","0 -> 3 -> 5 -> 9 -> 15 -> 19 

No path found","314"
"1907","3 -> 12 -> 14 -> 19","338"
"1908","0 -> 1 -> 2 -> 6 -> 9 -> 10 -> 16 -> 18 -> 19","320"
"1909","0 -> 2 -> 7 -> 9 -> 14 -> 17 -> 19","344"
"1910","0 -> 2 -> 5 -> 12 -> 15 -> 16 -> 19 
No path found","392"
"1911","0 -> 1 -> 3 -> 5 -> 6 -> 4 -> 10 -> 11 -> 15 -> 19","362"
"1912","0 -> 1 -> 3 -> 5 -> 18 -> 19 
No path found","410"
"1913","0 -> 2 -> 6 -> 13 -> 19","422"
"1914","0 -> 3 -> 2 -> 7 -> 18 -> 17 -> 19","386"
"1915","0 -> 1 -> 4 -> 11 -> 3 -> 8 -> 16 -> 17 -> 18 -> 19","422"
"1916","0 -> 1 -> 3 -> 5 -> 6 -> 8 -> 14 -> 15 -> 18 -> 19","410"
"1917","0 -> 3 -> 4 -> 8 -> 11 -> 12 -> 10 -> 15 -> 16 -> 19 
or 
0 -> 3 -> 4 -> 5 -> 10 -> 12 -> 18 -> 19 
or 
No path found","392"
"1918","0 -> 1 -> 3 -> 5 -> 8 -> 11 -> 16 -> 17 -> 19 
No path found","368"
"1919","0 -> 3 -> 8 -> 12 -> 14 -> 17 -> 19","452"
"1920","0 -> 3 -> 9 -> 11 -> 12 -> 19 
No path found","524"
"1921","0 -> 9 -> 12 -> 15 -> 17 -> 18 -> 19 
No path found","554"
"1922","0 -> 1 -> 8 -> 9 -> 12 -> 10 -> 17 -> 19 
No path found","494"
"1923","0 -> 1 -> 4 -> 5 -> 9 -> 10 -> 11 -> 12 -> 13 -> 14 -> 15 -> 16 -> 17 -> 18 -> 19","512"
"1924","0 -> 4 -> 7 -> 8 -> 11 -> 13 -> 19 
No path found","488"
"1925","0 -> 4 -> 3 -> 1 -> 5 -> 13 -> 19 
No path found","560"
"1926","0 -> 4 -> 8 -> 15 -> 19 
No path found","518"
"1927","0 -> 3 -> 6 -> 19
0 -> 3 -> 7 -> 11
0 -> 3 -> 7 -> 11 -> 15
No path found","470"
"1928","0 -> 5 -> 4 -> 6 -> 16 -> 17 -> 19 
or 
0 -> 1 -> 2 -> 3 -> 9 -> 13 -> 15 -> 16 
or 
No path found","512"
"1929","0 -> 5 -> 9 -> 10 -> 16 -> 19 
No path found","536"
"1930","0 -> 4 -> 5 -> 11 -> 8 -> 11 -> 10 -> 17 -> 14 -> 13 -> 16 -> 18 -> 19 
No path found","632"
"1931","0 -> 5 -> 6 -> 4 -> 8 -> 14 -> 17 -> 19 
No path found","734"
"1932","0 -> 1 -> 3 -> 4 -> 5 -> 6 -> 7 -> 8 -> 9 -> 10 -> 11 -> 12 -> 13 -> 14 -> 15 -> 16 -> 17 -> 18 -> 19","704"
"1933","0 -> 2 -> 8 -> 9 -> 11 -> 17 -> 19 
No path found","716"
"1934","0 -> 13 -> 16 -> 17 -> 18 -> 19 
No path found","704"
"1935","0 -> 2 -> 5 -> 3 -> 7 -> 8 -> 11 -> 16 -> 19 
No path found","710"
"1936","0 -> 5 -> 8 -> 15 -> 16 -> 19 
No path found","680"
"1937","0 -> 1 -> 2 -> 4 -> 5 -> 6 -> 7 -> 8 -> 9 -> 10 -> 11 -> 12 -> 13 -> 14 -> 15 -> 16 -> 17 -> 18 -> 19","692"
"1938","0 -> 5 -> 8 -> 4 -> 10 -> 13 -> 17 -> 15 -> 16 -> 19 
No path found","692"
"1939","0 -> 1 -> 3 -> 7 -> 9 -> 12 -> 16 -> 19 
No path found","710"
"1940","0 -> 1 -> 5 -> 6 -> 7 -> 9 -> 3 -> 4 -> 8 -> 12 -> 15 -> 19 
No path found","878"
"1941","0 -> 4 -> 5 -> 9 -> 13 -> 17 -> 19 
No path found","890"
"1942","0 -> 1 -> 3 -> 6 -> 10 -> 15 -> 19 
No path found","848"
"1943","0 -> 1 -> 4 -> 6 -> 9 -> 15 -> 18 -> 19 
No path found","884"
"1944","0 -> 4 -> 6 -> 10 -> 11 -> 13 -> 14 -> 17 -> 18 -> 19","914"
"1945","0 -> 1 -> 4 -> 5 -> 9 -> 15 -> 18 -> 19 
No path found","872"
"1946","0 -> 4 -> 2 -> 6 -> 11 -> 19
No path found","854"
"1947","0 -> 1 -> 2 -> 3 -> 4 -> 5 -> 6 -> 7 -> 8 -> 9 -> 10 -> 11 -> 12 -> 13 -> 14 -> 15 -> 16 -> 17 -> 18 -> 19","872"
"1948","0 -> 1 -> 2 -> 3 -> 4 -> 5 -> 6 -> 7 -> 8 -> 9 -> 10 -> 11 -> 12 -> 13 -> 14 -> 15 -> 16 -> 17 -> 18 -> 19","914"
"1949","0 -> 4 -> 6 -> 8 -> 15 -> 19 

No path found","896"
"1950","0 -> 4 -> 6 -> 10 -> 16 -> 19 
No path found","986"
"1951","0 -> 6 -> 10 -> 15 -> 18 -> 19 
No path found","1028"
"1952","0 -> 3 -> 8 -> 9 -> 15 -> 18 -> 19 
No path found","986"
"1953","0 -> 6 -> 11 -> 13 -> 20 
No path found","950"
"1954","0 -> 6 -> 18 -> 19 
No path found","1004"
"1955","0 -> 3 -> 8 -> 15 -> 19 
No path found","998"
"1956","0 -> 5 -> 8 -> 11 -> 14 -> 16 -> 17 -> 18 -> 19 
No path found","962"
"1957","0 -> 4 -> 8 -> 7 -> 9 -> 15 -> 18 -> 19 
No path found","992"
"1958","0 -> 1 -> 3 -> 8 -> 7 -> 12 -> 14 -> 10 -> 16 -> 19 
No path found","986"
"1959","0 -> 4 -> 7 -> 3 -> 15 -> 19 
No path found","980"
"1960","0 -> 1 -> 8 -> 2 -> 15 -> 18 -> 19","272"
"1961","0 -> 3 -> 4 -> 7 -> 16 -> 19","236"
"1962","0 -> 1 -> 2 -> 4 -> 13 -> 14 -> 18 -> 19","260"
"1963","0 -> 1 -> 5 -> 6 -> 9 -> 13 -> 14 -> 19","260"
"1964","0 -> 3 -> 5 -> 7 -> 9 -> 10 -> 8 -> 6 -> 17 -> 19","278"
"1965","0 -> 4 -> 11 -> 12 -> 18 -> 19","260"
"1966","0 -> 2 -> 6 -> 5 -> 16 -> 19","254"
"1967","0 -> 1 -> 5 -> 18 -> 19","248"
"1968","0 -> 6 -> 12 -> 17 -> 19","254"
"1969","0 -> 16 -> 14 -> 12 -> 3 -> 6 -> 9 -> 7 -> 16 -> 19 
No path found","272"
"1970","0 -> 1 -> 7 -> 16 -> 19","362"
"1971","0 -> 1 -> 5 -> 8 -> 10 -> 15 -> 19 

or 
0 -> 3 -> 6 -> 13 -> 15 -> 19 

or 
0 -> 2 -> 9 -> 16 -> 19 

or 
No path found","326"
"1972","0 -> 3 -> 6 -> 9 -> 19 
or 
0 -> 3 -> 6 -> 16 -> 19 
or 
0 -> 3 -> 12 -> 19 
or 
0 -> 3 -> 17 -> 19 
or 
0 -> 5 -> 6 -> 9 -> 19 
or 
0 -> 5 -> 6 -> 16 -> 19 
or 
0 -> 5 -> 15 -> 19 
or 
0 -> 8 -> 1 -> 6 -> 16 -> 19","326"
"1973","0 -> 6 -> 3 -> 4 -> 9 -> 10 -> 12 -> 13 -> 14 -> 16 -> 17 -> 18 -> 19","332"
"1974","0 -> 2 -> 7 -> 15 -> 13 -> 11 -> 13 -> 19 
No path found","344"
"1975","0 -> 1 -> 3 -> 4 -> 5 -> 6 -> 8 -> 11 -> 14 -> 18 -> 19","320"
"1976","0 -> 3 -> 8 -> 6 -> 7 -> 10 -> 3 -> 10 -> 15 -> 19 
or 
0 -> 12 -> 0 -> 7 -> 11 -> 19 
or 
No path found","374"
"1977","0 -> 4 -> 8 -> 4 -> 14 -> 18 -> 19","320"
"1978","0 -> 3 -> 5 -> 11 -> 15 -> 19 
or 
0 -> 3 -> 17 -> 19","320"
"1979","0 -> 4 -> 11 -> 16 -> 15 -> 12 -> 11 -> 10 -> 19 

No path found","284"
"1980","0 -> 6 -> 17 -> 19","332"
"1981","0 -> 2 -> 8 -> 7 -> 5 -> 16 -> 17 -> 19 
or 
0 -> 10 -> 8 -> 7 -> 5 -> 16 -> 17 -> 19 
or 
0 -> 4 -> 7 -> 13 -> 17 -> 19","398"
"1982","0 -> 3 -> 13 -> 9 -> 12 -> 15 -> 16 -> 18 -> 19 
or 
No path found","338"
"1983","0 -> 7 -> 13 -> 18 -> 19 
No path found","356"
"1984","0 -> 4 -> 5 -> 6 -> 7 -> 10 -> 11 -> 13 -> 17 -> 19","338"
"1985","0 -> 1 -> 4 -> 5 -> 6 -> 9 -> 10 -> 8 -> 14 -> 17 -> 18 -> 19","398"
"1986","0 -> 3 -> 14 -> 17 -> 19","350"
"1987","0 -> 12 -> 8 -> 2 -> 11 -> 14 -> 18 -> 16 -> 19 
or 
No path found","416"
"1988","0 -> 2 -> 18 -> 19","350"
"1989","0 -> 2 -> 4 -> 5 -> 8 -> 14 -> 18 -> 19","380"
"1990","0 -> 5 -> 8 -> 6 -> 3 -> 9 -> 1 -> 14 -> 10 -> 19 
No path found","500"
"1991","0 -> 5 -> 8 -> 9 -> 10 -> 12 -> 16 -> 17 -> 19 
No path found","518"
"1992","0 -> 1 -> 7 -> 10 -> 12 -> 13 -> 15 -> 17 -> 19 
No path found","446"
"1993","0 -> 2 -> 13 -> 16 -> 19 
or 
0 -> 2 -> 7 -> 16 -> 18 
or 
0 -> 2 -> 8 -> 10 -> 16 -> 19 
or 
0 -> 1 -> 8 -> 11 -> 16 -> 19 
or 
0 -> 1 -> 8 -> 11 -> 13 -> 17 -> 19","452"
"1994","0 -> 1 -> 2 -> 3 -> 5 -> 7 -> 8 -> 9 -> 14 -> 17 -> 18 -> 19 
No path found","518"
"1995","0 -> 4 -> 6 -> 17 -> 19 
or 
0 -> 16 -> 13 -> 15 -> 19 
or 
0 -> 9 -> 11 -> 14 -> 15 -> 19 
or 
0 -> 4 -> 7 -> 4 -> 6 -> 7 -> 8 -> 11 -> 17 -> 19","470"
"1996","0 -> 3 -> 5 -> 8 -> 12 -> 13 -> 16 -> 19 
No path found","464"
"1997","0 -> 1 -> 8 -> 4 -> 5 -> 16 -> 17 -> 19 
or 
No path found","452"
"1998","0 -> 1 -> 2 -> 10 -> 15 -> 19 
or 
0 -> 4 -> 3 -> 5 -> 6 -> 7 -> 8 -> 9 -> 16 -> 18 
or 
0 -> 4 -> 13 -> 14 -> 17 -> 19","482"
"1999","0 -> 7 -> 10 -> 11 -> 14 -> 18 -> 19 
No path found","488"
"2000","0 -> 3 -> 6 -> 8 -> 9 -> 10 -> 11 -> 14 -> 15 -> 16 -> 19 
No path found","686"
"2001","0 -> 4 -> 9 -> 10 -> 16 -> 17 -> 19 
No path found","620"
"2002","0 -> 3 -> 11 -> 13 -> 17 -> 18 -> 19 
No path found","680"
"2003","0 -> 3 -> 4 -> 5 -> 8 -> 16 -> 19 
No path found","602"
"2004","0 -> 4 -> 8 -> 17 -> 19 
No path found","632"
"2005","0 -> 1 -> 3 -> 5 -> 9 -> 1 -> 2 -> 14 -> 16 -> 17 -> 18 -> 19 
No path found","668"
"2006","0 -> 2 -> 8 -> 12 -> 15 -> 17 -> 19 
No path found","644"
"2007","0 -> 4 -> 7 -> 5 -> 11 -> 18 -> 19","656"
"2008","0 -> 1 -> 3 -> 19
0 -> 4 -> 8 -> 14 -> 17
0 -> 1 -> 11 -> 18
No path found","650"
"2009","0 -> 1 -> 3 -> 4 -> 6 -> 9 -> 18 -> 19 
No path found","620"
"2010","0 -> 4 -> 2 -> 3 -> 8 -> 14 -> 17 -> 19 
No path found","908"
"2011","0 -> 1 -> 5 -> 8 -> 6 -> 11 -> 19 
No path found","932"
"2012","0 -> 3 -> 8 -> 4 -> 5 -> 13 -> 14 -> 19 
No path found","896"
"2013","0 -> 1 -> 2 -> 3 -> 4 -> 5 -> 6 -> 7 -> 8 -> 9 -> 11 -> 14 -> 15 -> 16 -> 17 -> 18 -> 19","902"
"2014","0 -> 1 -> 6 -> 7 -> 9 -> 5 -> 10 -> 17 -> 19 
No path found","932"
"2015","0 -> 1 -> 5 -> 11 -> 14 -> 17 -> 19 
No path found","938"
"2016","0 -> 4 -> 9 -> 10 -> 14 -> 15 -> 8 -> 19 
No path found","908"
"2017","0 -> 2 -> 14 -> 15 -> 16 -> 18 -> 19 
No path found","914"
"2018","0 -> 13 -> 15 -> 17 -> 19 
No path found","860"
"2019","0 -> 2 -> 3 -> 5 -> 7 -> 8 -> 11 -> 14 -> 17 -> 19 
No path found","926"
"2020","0 -> 5 -> 8 -> 15 -> 14 -> 17 -> 19 
No path found","1118"
"2021","0 -> 1 -> 4 -> 15 -> 19 
No path found","1160"
"2022","0 -> 6 -> 8 -> 12 -> 16 -> 19 
No path found","1142"
"2023","0 -> 6 -> 5 -> 17 -> 18 -> 19 
No path found","1130"
"2024","0 -> 1 -> 2 -> 3 -> 5 -> 6 -> 7 -> 8 -> 9 -> 10 -> 11 -> 12 -> 13 -> 14 -> 15 -> 16 -> 17 -> 18 -> 19","1142"
"2025","0 -> 5 -> 19 -> 20
No path found","1142"
"2026","0 -> 1 -> 3 -> 12 -> 13 -> 17 -> 19 
No path found","1154"
"2027","0 -> 2 -> 0 -> 3 -> 14 -> 15 -> 18 -> 19 
No path found","1148"
"2028","0 -> 4 -> 5 -> 6 -> 11 -> 15 -> 17 -> 19 
No path found","1148"
"2029","0 -> 1 -> 2 -> 3 -> 8 -> 14 -> 18 -> 19 
No path found","1148"
"2030","0 -> 3 -> 4 -> 15 -> 11 -> 2 -> 16 -> 18 -> 19","260"
"2031","0 -> 3 -> 6 -> 16 -> 19","248"
"2032","0 -> 4 -> 7 -> 9 -> 13 -> 6 -> 14 -> 16 -> 19","260"
"2033","5 -> 19","236"
"2034","0 -> 8 -> 9 -> 14 -> 18 -> 19","284"
"2035","0 -> 4 -> 15 -> 19","230"
"2036","0 -> 2 -> 15 -> 19","272"
"2037","0 -> 1 -> 2 -> 5 -> 18 -> 19","242"
"2038","0 -> 4 -> 2 -> 8 -> 11 -> 13 -> 18 -> 19","278"
"2039","0 -> 3 -> 5 -> 19","236"
"2040","0 -> 6 -> 7 -> 18 -> 19","308"
"2041","0 -> 1 -> 2 -> 5 -> 17 -> 19","290"
"2042","0 -> 1 -> 7 -> 10 -> 14 -> 16 -> 17 -> 19 
No path found","320"
"2043","0 -> 4 -> 5 -> 6 -> 15 -> 18 -> 19","278"
"2044","0 -> 4 -> 3 -> 17 -> 16 -> 15 -> 14 -> 11 -> 17 -> 19 

No path found","296"
"2045","0 -> 5 -> 14 -> 9 -> 16 -> 15 -> 19","266"
"2046","0 -> 7 -> 13 -> 18 -> 4 -> 18 -> 10 -> 9 -> 2 -> 8 -> 6 -> 9 -> 15 -> 19 
No path found","332"
"2047","0 -> 4 -> 6 -> 17 -> 18 -> 19","266"
"2048","0 -> 2 -> 4 -> 14 -> 17 -> 18 -> 19","278"
"2049","0 -> 2 -> 8 -> 1 -> 11 -> 9 -> 5 -> 14 -> 15 -> 19 

No path found","284"
"2050","0 -> 3 -> 8 -> 12 -> 19","254"
"2051","0 -> 3 -> 4 -> 8 -> 11 -> 19","290"
"2052","0 -> 3 -> 16 -> 18 -> 19 
or 
0 -> 3 -> 13 -> 18 -> 19 
or 
0 -> 8 -> 11 -> 13 -> 18 -> 19 
or 
0 -> 8 -> 6 -> 7 -> 12 -> 13 -> 18 -> 19","374"
"2053","0 -> 1 -> 3 -> 6 -> 11 -> 19","356"
"2054","0 -> 1 -> 11 -> 7 -> 13 -> 14 -> 19 
or 
0 -> 3 -> 4 -> 6 -> 8 -> 10 -> 19 
or 
0 -> 5 -> 8 -> 9 -> 14 -> 19","320"
"2055","0 -> 2 -> 8 -> 14 -> 19","356"
"2056","0 -> 7 -> 8 -> 11 -> 16 -> 18 -> 19","344"
"2057","0 -> 10 -> 15 -> 19","314"
"2058","0 -> 1 -> 6 -> 14 -> 18 -> 19","332"
"2059","0 -> 6 -> 2 -> 15 -> 14 -> 19 
or 
0 -> 6 -> 17 -> 8 -> 10 -> 14 -> 19 
or 
0 -> 4 -> 8 -> 17 -> 16 -> 11 -> 12 -> 16 -> 13 -> 18 -> 19","368"
"2060","0 -> 8 -> 14 -> 16 -> 18 -> 19","356"
"2061","0 -> 8 -> 12 -> 8 -> 10 -> 14 -> 5 -> 8 -> 5 -> 14 -> 17 -> 11 -> 17 -> 18 -> 19","374"
"2062","0 -> 1 -> 3 -> 10 -> 19 
No path found","392"
"2063","0 -> 6 -> 1 -> 11 -> 5 -> 10 -> 15 -> 19 
No path found","422"
"2064","0 -> 3 -> 15 -> 13 -> 8 -> 13 -> 6 -> 14 -> 19 
No path found","458"
"2065","0 -> 1 -> 2 -> 6 -> 11 -> 7 -> 17 -> 18 -> 19","416"
"2066","0 -> 2 -> 4 -> 5 -> 9 -> 10 -> 8 -> 17 -> 19 
No path found","446"
"2067","0 -> 1 -> 3 -> 5 -> 15 -> 17 -> 18 -> 19 
No path found","440"
"2068","0 -> 4 -> 2 -> 5 -> 7 -> 15 -> 19 
No path found","434"
"2069","0 -> 1 -> 2 -> 4 -> 16 -> 19 

or 
0 -> 1 -> 2 -> 4 -> 16 -> 14 -> 15 -> 19 

or 
0 -> 1 -> 9 -> 13 -> 17 -> 19","344"
"2070","0 -> 3 -> 8 -> 15 -> 17 -> 18 -> 19 
or 
No path found","506"
"2071","0 -> 4 -> 6 -> 10 -> 14 -> 16 -> 17 -> 19 
No path found","584"
"2072","0 -> 3 -> 5 -> 11 -> 9 -> 16 -> 17 -> 19 
No path found","536"
"2073","0 -> 5 -> 1 -> 10 -> 16 -> 15 -> 19 
No path found","578"
"2074","0 -> 4 -> 14 -> 40 -> 13 -> 1 -> 5 -> 8 -> 18 -> 4 -> 18 -> 85 -> 19 
No path found","524"
"2075","0 -> 6 -> 8 -> 19
0 -> 5 -> 3 -> 5 -> 14 -> 16 -> 19
No path found","548"
"2076","0 -> 1 -> 2 -> 3 -> 8 -> 9 -> 11 -> 16 -> 19 
No path found","548"
"2077","0 -> 1 -> 3 -> 16 -> 19 
No path found","548"
"2078","0 -> 1 -> 3 -> 8 -> 4 -> 5 -> 7 -> 18 -> 19 
No path found","548"
"2079","0 -> 4 -> 14 -> 12 -> 13 -> 19 
No path found","584"
"2080","0 -> 1 -> 4 -> 8 -> 12 -> 15 -> 19 
No path found","788"
"2081","0 -> 7 -> 12 -> 14 -> 18 -> 19 
No path found","722"
"2082","0 -> 5 -> 11 -> 14 -> 17 -> 18 -> 19 
No path found","794"
"2083","0 -> 2 -> 6 -> 15 -> 17 -> 18 -> 19 
No path found","812"
"2084","0 -> 2 -> 11 -> 18 -> 19 
No path found","728"
"2085","0 -> 8 -> 4 -> 0 -> 7 -> 3 -> 10 -> 12 -> 14 -> 17 -> 18 -> 19 
No path found","740"
"2086","0 -> 7 -> 13 -> 11 -> 14 -> 19 
No path found","722"
"2087","0 -> 5 -> 8 -> 11 -> 9 -> 19
No path found","746"
"2088","0 -> 11 -> 16 -> 19 
No path found","692"
"2089","0 -> 1 -> 2 -> 3 -> 5 -> 6 -> 7 -> 9 -> 10 -> 11 -> 12 -> 14 -> 15 -> 16 -> 17 -> 18 -> 19","758"
"2090","0 -> 4 -> 12 -> 93 -> No path found","1088"
"2091","0 -> 7 -> 2 -> 5 -> 9 -> 10 -> 19","1088"
"2092","0 -> 4 -> 3 -> 6 -> 8 -> 7 -> 11 -> 15 -> 19
No path found","1058"
"2093","0 -> 1 -> 4 -> 6 -> 7 -> 8 -> 19 
No path found","1094"
"2094","0 -> 12 -> 15 -> 17 -> 19 
No path found","1082"
"2095","0 -> 5 -> 7 -> 15 -> 18 -> 19 
No path found","1106"
"2096","0 -> 16 -> 10 -> 12 -> 18 -> 19 
No path found","1088"
"2097","0 -> 3 -> 12 -> 18 -> 19 
No path found","1046"
"2098","0 -> 4 -> 9 -> 16 -> 17 -> 19 
No path found","1028"
"2099","0 -> 8 -> 9 -> 10 -> 13 -> 17 -> 19 
No path found","1076"
"2100","0 -> 12 -> 16 -> 16 -> 17 -> 19","224"
"2101","0 -> 3 -> 14 -> 17 -> 18 -> 19","236"
"2102","0 -> 3 -> 14 -> 19","248"
"2103","0 -> 2 -> 9 -> 19 
or 
0 -> 7 -> 11 -> 19","236"
"2104","0 -> 1 -> 2 -> 8 -> 12 -> 19 
or 'No path found'","248"
"2105","5 -> 9 -> 16 -> 14 -> 7 -> 19","230"
"2106","0 -> 4 -> 13 -> 19","218"
"2107","0 -> 4 -> 15 -> 19","230"
"2108","0 -> 3 -> 18 -> 19","230"
"2109","0 -> 1 -> 3 -> 4 -> 9 -> 10 -> 15 -> 18 -> 19","260"
"2110","0 -> 3 -> 4 -> 2 -> 13 -> 10 -> 19","272"
"2111","0 -> 2 -> 7 -> 15 -> 13 -> 16 -> 19","290"
"2112","0 -> 8 -> 12 -> 7 -> 16 -> 10 -> 14 -> 12 -> 16 -> 19 
No path found","272"
"2113","0 -> 3 -> 6 -> 13 -> 19","260"
"2114","0 -> 5 -> 8 -> 12 -> 19","236"
"2115","0 -> 2 -> 10 -> 15 -> 16 -> 19","272"
"2116","0 -> 2 -> 5 -> 17 -> 16 -> 12 -> 9 -> 19","260"
"2117","0 -> 9 -> 14 -> 3 -> 1 -> 19","284"
"2118","0 -> 2 -> 7 -> 10 -> 18 -> 19","260"
"2119","0 -> 2 -> 14 -> 16 -> 17 -> 19","260"
"2120","0 -> 3 -> 8 -> 11 -> 19","260"
"2121","0 -> 1 -> 6 -> 16 -> 13 -> 17 -> 19","308"
"2122","0 -> 3 -> 5 -> 19 
or 
0 -> 3 -> 16 -> 19 
or 
0 -> 3 -> 18 -> 19 
or 
0 -> 4 -> 12 -> 13 -> 19 
or 
0 -> 4 -> 13 -> 17 -> 19","308"
"2123","0 -> 13 -> 14 -> 19 
or 
0 -> 12 -> 14 -> 19 
or 
0 -> 17 -> 6 -> 11 -> 19 
or 
0 -> 5 -> 2 -> 12 -> 14 -> 19 
or 
0 -> 9 -> 7 -> 16 -> 19","332"
"2124","0 -> 1 -> 2 -> 4 -> 13 -> 16 -> 17 -> 19","290"
"2125","0 -> 12 -> 17 -> 19 

or 
0 -> 12 -> 16 -> 8 -> 13 -> 19 

or 
0 -> 1 -> 7 -> 3 -> 11 -> 14 -> 18 

or 
0 -> 2 -> 6 -> 2 -> 11 -> 14 -> 18","320"
"2126","0 -> 9 -> 5 -> 4 -> 9 -> 11 -> 18 -> 17 -> 18 -> 19","290"
"2127","0 -> 1 -> 6 -> 14 -> 17 -> 19","266"
"2128","0 -> 2 -> 3 -> 5 -> 11 -> 19","284"
"2129","0 -> 7 -> 15 -> 8 -> 14 -> 18 -> 19","296"
"2130","0 -> 4 -> 13 -> 6 -> 11 -> 17 -> 5 -> 18 -> 9 -> 10 -> 6 -> 14 -> 17 -> 19 
No path found","350"
"2131","0 -> 1 -> 3 -> 17 -> 19 
or 
0 -> 1 -> 3 -> 17 -> 15 -> 19 
or 
0 -> 1 -> 14 -> 17 -> 19 
or 
0 -> 1 -> 11 -> 8 -> 15 -> 19","368"
"2132","0 -> 1 -> 2 -> 3 -> 6 -> 11 -> 12 -> 15 -> 13 -> 19 

or 
0 -> 4 -> 5 -> 8 -> 9 -> 10 -> 12 -> 15 -> 13 -> 19 

or 
0 -> 4 -> 5 -> 8 -> 5 -> 9 -> 10 -> 12 -> 15 -> 13 -> 18 -> 19","338"
"2133","0 -> 3 -> 6 -> 12 -> 18 -> 19","374"
"2134","0 -> 4 -> 7 -> 15 -> 16 -> 19","338"
"2135","0 -> 10 -> 18 -> 19 
or 
0 -> 3 -> 6 -> 5 -> 4 -> 18 -> 19 
or 
0 -> 3 -> 19 
or 
No path found","368"
"2136","0 -> 1 -> 4 -> 8 -> 15 -> 18 -> 19","344"
"2137","0 -> 5 -> 7 -> 16 -> 17 -> 15 -> 18 -> 19","338"
"2138","0 -> 1 -> 6 -> 8 -> 4 -> 5 -> 4 -> 8 -> 10 -> 7 -> 14 -> 17 -> 19","392"
"2139","0 -> 1 -> 8 -> 11 -> 18 -> 19 
No path found","350"
"2140","0 -> 12 -> 13 -> 19 
0 -> 4 -> 18 -> 19 
0 -> 7 -> 6 -> 14 -> 16 -> 19 
No path found","452"
"2141","0 -> 1 -> 3 -> 16 -> 19","404"
"2142","0 -> 2 -> 9 -> 10 -> 18 -> 19 
No path found","428"
"2143","0 -> 4 -> 7 -> 16 -> 17 -> 18 -> 19","416"
"2144","0 -> 1 -> 15 -> 16 -> 19 
No path found","470"
"2145","0 -> 3 -> 16 -> 18 -> 19 
or 
0 -> 2 -> 7 -> 11 -> 15 -> 17 -> 19 
or 
0 -> 4 -> 13 -> 15 -> 17 -> 19 
or 
No path found","476"
"2146","0 -> 4 -> 6 -> 11 -> 15 -> 16 -> 18 -> 19 
No path found","452"
"2147","0 -> 1 -> 3 -> 4 -> 6 -> 8 -> 11 -> 17 -> 19 
No path found","488"
"2148","0 -> 8 -> 1 -> 9 -> 18 -> 19 
No path found","428"
"2149","0 -> 1 -> 2 -> 3 -> 4 -> 5 -> 6 -> 7 -> 8 -> 11 -> 14 -> 16 -> 17 -> 18 -> 19","422"
"2150","0 -> 3 -> 9 -> 11 -> 14 -> 16 -> 17 -> 18 -> 19 
No path found","566"
"2151","0 -> 11 -> 10 -> 6 -> 5 -> 15 -> 14 -> 8 -> 12 -> 14 -> 3 -> 9 -> 10 -> 18 -> 17 -> 19 
No path found","602"
"2152","0 -> 1 -> 4 -> 17 -> 14 -> 16 -> 18 -> 19 
No path found","584"
"2153","0 -> 1 -> 2 -> 3 -> 7 -> 15 -> 17 -> 16 -> 13 -> 19 
No path found","560"
"2154","0 -> 2 -> 3 -> 8 -> 14 -> 17 -> 18 -> 19 
No path found","632"
"2155","0 -> 4 -> 11 -> 17 -> 19 
No path found","608"
"2156","0 -> 6 -> 13 -> 14 -> 19 
No path found","620"
"2157","0 -> 3 -> 5 -> 19 -> 14 -> 10 -> 14 -> 17 -> 16 -> 17 -> 15 -> 17 -> 13 -> 11 -> 13 -> 2 -> 17 -> 22
No path found","530"
"2158","0 -> 10 -> 18 -> 19
No path found","578"
"2159","0 -> 1 -> 3 -> 6 -> 12 -> 15 -> 16 -> 18 -> 19 
No path found","590"
"2160","0 -> 5 -> 9 -> 8 -> 11 -> 13 -> 15 -> 14 -> 17 -> 19 
No path found","764"
"2161","0 -> 3 -> 18 -> 19 
No path found","734"
"2162","0 -> 1 -> 2 -> 8 -> 12 -> 17 -> 19 
No path found","764"
"2163","0 -> 2 -> 4 -> 12 -> 13 -> 17 -> 19 
No path found","788"
"2164","0 -> 1 -> 2 -> 11 -> 8 -> 14 -> 16 -> 19 
No path found","800"
"2165","0 -> 1 -> 4 -> 5 -> 14 -> 17 -> 19 
No path found","842"
"2166","0 -> 3 -> 6 -> 9 -> 18 -> 11 -> 8 -> 14 -> 7 -> 13 -> 17 -> 3 -> 12 -> 19 
No path found","770"
"2167","0 -> 1 -> 2 -> 3 -> 4 -> 7 -> 9 -> 15 -> 19 
or 
0 -> 1 -> 10 -> 11 -> 14 -> 17 -> 19 
or 
0 -> 1 -> 5 -> 7 -> 6 -> 10 -> 12 -> 13 -> 15 -> 18 
or 
0 -> 2 -> 8 -> 14 -> 16 -> 17 -> 19","830"
"2168","0 -> 15 -> 19 
No path found","836"
"2169","0 -> 1 -> 3 -> 19 -> 18 -> 15 -> 12 -> 10 -> 13 -> 42 -> 6 -> 18 -> 0 
No path found","782"
"2170","0 -> 1 -> 13 -> 19","242"
"2171","0 -> 15 -> 17 -> 19","218"
"2172","0 -> 1 -> 6 -> 17 -> 19","224"
"2173","0 -> 1 -> 2 -> 13 -> 18 -> 19","260"
"2174","0 -> 7 -> 12 -> 15 -> 19","224"
"2175","0 -> 7 -> 14 -> 16 -> 19","230"
"2176","0 -> 10 -> 16 -> 17 -> 19","230"
"2177","0 -> 1 -> 13 -> 18 -> 19","224"
"2178","0 -> 4 -> 10 -> 17 -> 19","236"
"2179","0 -> 6 -> 19","242"
"2180","5 -> 8 -> 9 -> 10 -> 11 -> 12 -> 13 -> 14 -> 15 -> 16 -> 17 -> 18 -> 19","236"
"2181","0 -> 5 -> 11 -> 17 -> 19","242"
"2182","0 -> 2 -> 17 -> 19","266"
"2183","0 -> 3 -> 19 -> 16 -> 11 -> 0","230"
"2184","0 -> 1 -> 5 -> 15 -> 14 -> 18 -> 19","254"
"2185","0 -> 16 -> 17 -> 13 -> 19","254"
"2186","0 -> 2 -> 6 -> 7 -> 4 -> 9 -> 15 -> 19","278"
"2187","0 -> 3 -> 4 -> 14 -> 19","242"
"2188","0 -> 1 -> 4 -> 13 -> 8 -> 19","236"
"2189","0 -> 4 -> 16 -> 18 -> 19","242"
"2190","0 -> 1 -> 2 -> 5 -> 13 -> 18 -> 19 
No path found","278"
"2191","0 -> 5 -> 2 -> 6 -> 11 -> 14 -> 12 -> 9 -> 6 -> 19 

No path found","290"
"2192","0 -> 2 -> 5 -> 15 -> 16 -> 19","260"
"2193","0 -> 10 -> 11 -> 2 -> 1 -> 13 -> 19","272"
"2194","0 -> 4 -> 18 -> 19","248"
"2195","0 -> 5 -> 8 -> 16 -> 15 -> 19","266"
"2196","0 -> 3 -> 8 -> 15 -> 7 -> 5 -> 19 -> 18 -> 11 -> 0","266"
"2197","0 -> 5 -> 9 -> 10 -> 16 -> 17 -> 19 
or 
0 -> 3 -> 16 -> 17 -> 19 
or 
No path found","284"
"2198","0 -> 6 -> 11 -> 14 -> 16 -> 19","254"
"2199","0 -> 2 -> 13 -> 19","236"
"2200","0 -> 4 -> 9 -> 15 -> 17 -> 16 -> 19 
No path found","302"
"2201","0 -> 1 -> 9 -> 15 -> 18 -> 19","284"
"2202","0 -> 1 -> 2 -> 4 -> 6 -> 18 -> 19 
or 
0 -> 1 -> 11 -> 16 -> 19 
or 
0 -> 1 -> 11 -> 13 -> 19 
or 
0 -> 7 -> 12 -> 14 -> 18 -> 19","272"
"2203","0 -> 1 -> 3 -> 19","296"
"2204","0 -> 1 -> 4 -> 3 -> 13 -> 18 -> 19","332"
"2205","0 -> 12 -> 13 -> 8 -> 19 
or 
0 -> 12 -> 19 
or 
0 -> 2 -> 9 -> 15 -> 14 -> 17 -> 16 
or 
0 -> 2 -> 9 -> 13 -> 19","308"
"2206","0 -> 2 -> 9 -> 17 -> 18 -> 19","320"
"2207","0 -> 1 -> 2 -> 17 -> 19 
or 
0 -> 1 -> 5 -> 10 -> 12 -> 14 -> 19 
or 
0 -> 1 -> 13 -> 19 
or 
0 -> 1 -> 19 
or 
No path found","332"
"2208","0 -> 3 -> 8 -> 16 -> 18 -> 19","326"
"2209","0 -> 6 -> 18 -> 19","284"
"2210","3 -> 14 -> 19","326"
"2211","0 -> 3 -> 8 -> 12 -> 13 -> 14 -> 19 
or 
0 -> 3 -> 6 -> 12 -> 13 -> 14 -> 19 
or 
0 -> 3 -> 8 -> 15 -> 18 -> 19","314"
"2212","0 -> 13 -> 6 -> 13 -> 16 -> 18 -> 19 
No path found","386"
"2213","0 -> 2 -> 0 -> 3 -> 8 -> 9 -> 6 -> 7 -> 11 -> 18 -> 19","326"
"2214","0 -> 4 -> 11 -> 19 -> 18 

or 

0 -> 3 -> 8 -> 15 -> 16 -> 17 -> 19 

or 

0 -> 1 -> 14 -> 16 -> 18 

or 

0 -> 15 -> 16 

or 

No path found","326"
"2215","5 -> 0 -> 4 -> 7 -> 1 -> 14 -> 10 -> 11 -> 13 -> 19 
No path found","368"
"2216","0 -> 7 -> 11 -> 12 -> 19","320"
"2217","0 -> 2 -> 4 -> 8 -> 19 
or 
0 -> 7 -> 11 -> 17 -> 19 
or 
0 -> 15 -> 19 
or 
No path found","362"
"2218","0 -> 4 -> 3 -> 19 -> 17 -> 18","380"
"2219","0 -> 4 -> 10 -> 16 -> 18 -> No path found","308"
"2220","0 -> 13 -> 14 -> 16 -> 17 -> 19 
No path found","464"
"2221","0 -> 1 -> 8 -> 11 -> 12 -> 19 
No path found","440"
"2222","0 -> 11 -> 16 -> 15 -> 19 
No path found","452"
"2223","0 -> 12 -> 7 -> 3 -> 15 -> 17 -> 18 -> 19","428"
"2224","0 -> 15 -> 6 -> 11 -> 10 -> 17 -> 18 -> 19","422"
"2225","5 -> 11 -> 19 -> 15 -> 17 -> 3 -> 16 -> 13 -> 1 -> 7 -> 0 -> 1 -> 10 -> 6 -> 5","428"
"2226","0 -> 1 -> 2 -> 3 -> 4 -> 9 -> 14 -> 18 -> 19 
No path found","440"
"2227","0 -> 2 -> 8 -> 14 -> 17 -> 19","434"
"2228","5 -> 8 -> 4 -> 9 -> 18 -> 7 -> 19","398"
"2229","0 -> 2 -> 5 -> 11 -> 17 -> 19 
No path found","482"
"2230","0 -> 1 -> 3 -> 5 -> 7 -> 16 -> 19 
No path found","590"
"2231","0 -> 4 -> 7 -> 8 -> 10 -> 5 -> 13 -> 11 -> 10 -> 16 -> 14 -> 18 -> 19 
No path found","584"
"2232","0 -> 10 -> 4 -> 12 -> 6 -> 19 
No path found","632"
"2233","0 -> 2 -> 9 -> 12 -> 15 -> 19 
No path found","608"
"2234","0 -> 8 -> 10 -> 19 
No path found","554"
"2235","0 -> 1 -> 3 -> 8 -> 9 -> 15 -> 17 
No path found","608"
"2236","0 -> 1 -> 4 -> 3 -> 8 -> 7 -> 2 -> 6 -> 18 -> 5 -> 14 -> 10 -> 19 
No path found","572"
"2237","0 -> 13 -> 4 -> 6 -> 14 -> 19 
No path found","644"
"2238","0 -> 2 -> 6 -> 8 -> 10 -> 18 -> 19 
No path found","596"
"2239","0 -> 7 -> 19 -> 18 -> 17 -> 14 -> 17 
No path found","650"
"2240","0 -> 1 -> 2 -> 3 -> 4 -> 5 -> 6 -> 7 -> 8 -> 9 -> 10 -> 11 -> 12 -> 13 -> 14 -> 15 -> 16 -> 17 -> 18 -> 19 -> 20 -> 21 -> 22 -> 23 -> 24 -> 25 -> 26 -> 27 -> 28 -> 29 -> 30 -> 31 -> 32 -> 33 -> 34 -> 35 -> 36 -> 37 -> 38 -> 39 -> 40 -> 41 -> 42 -> 43 -> 44 -> 45 -> 46 -> 47 -> 48 -> 49","326"
"2241","0 -> 3 -> 4 -> 6 -> 7 -> 14 -> 16 -> 39 -> 38 -> 33 -> 34 -> 49 
or 
No path found","302"
"2242","0 -> 1 -> 2 -> 3 -> 4 -> 5 -> 6 -> 7 -> 8 -> 9 -> 10 -> 11 -> 12 -> 13 -> 14 -> 15 -> 16 -> 17 -> 18 -> 19 -> 20 -> 21 -> 22 -> 23 -> 24 -> 25 -> 26 -> 27 -> 28 -> 29 -> 30 -> 31 -> 32 -> 33 -> 34 -> 35 -> 36 -> 37 -> 38 -> 39 -> 40 -> 41 -> 42 -> 43 -> 44 -> 45 -> 46 -> 47 -> 48 -> 49","326"
"2243","0 -> 1 -> 2 -> 3 -> 4 -> 5 -> 6 -> 7 -> 8 -> 9 -> 11 -> 12 -> 13 -> 14 -> 15 -> 16 -> 17 -> 18 -> 19 -> 20 -> 22 -> 23 -> 24 -> 25 -> 26 -> 27 -> 28 -> 29 -> 30 -> 31 -> 32 -> 33 -> 34 -> 35 -> 36 -> 37 -> 38 -> 39 -> 40 -> 41 -> 42 -> 43 -> 44 -> 45 -> 46 -> 47 -> 48 -> 49","332"
"2244","0 -> 9 -> 8 -> 26 -> 27 -> 28 -> 29 -> 30 -> 44 -> 45 -> 49 
or 
No path found","320"
"2245","0 -> 7 -> 8 -> 9 -> 10 -> 11 -> 20 -> 21 -> 22 -> 23 -> 28 -> 29 -> 45 -> 47 -> 49 
No path found","302"
"2246","0 -> 7 -> 8 -> 9 -> 10 -> 11 -> 15 -> 16 -> 17 -> 18 -> 20 -> 21 -> 46 -> 47 -> 48 -> 49 
or 
No path found","314"
"2247","0 -> 11 -> 12 -> 32 -> 33 -> 34 -> 36 -> 14 -> 16 -> 5 -> 6 -> 7 -> 35 -> 36 -> 42 -> 43 -> 44 -> 42 -> 41 -> 18 -> 19 -> 22 -> 24 -> 25 -> 26 -> 4 -> 5 -> 9 -> 8 -> 7 -> 6 -> 5 -> 11 -> 9 -> 30 -> 29 -> 4 -> 3 -> 47 -> 49 -> 48 -> 37 -> 38 -> 46 -> 41 -> 32 -> 34 -> 36 -> 14 -> 16 -> 15 -> 16 -> 17 -> 18 -> 4 -> 5 -> 9 -> 8 -> 7 -> 6 -> 35 -> 36 -> 42 -> 43 -> 44 -> 42 -> 41 -> 32 -> 34 -> 2 -> 14 -> 16 -> 67 -> 92 -> 36 -> 34 -> 47 -> 49 -> 84","374"
"2248","0 -> 9 -> 8 -> 6 -> 7 -> 8 -> 9 -> 10 -> 11 -> 16 -> 17 -> 16 -> 15 -> 17 -> 15 -> 16 -> 17 -> 13 -> 14 -> 12 -> 14 -> 21 -> 22 -> 36 -> 37 -> 38 -> 39 -> 46 -> 47 -> 19 -> 37 -> 38 -> 39 -> 49","356"
"2249","0 -> 7 -> 8 -> 9 -> 10 -> 11 -> 38 -> 39 -> 47 -> 48 -> 49","314"
"2250","0 -> 2 -> 3 -> 4 -> 5 -> 6 -> 9 -> 10 -> 11 -> 12 -> 14 -> 19 -> 20 -> 21 -> 23 -> 44 -> 43 -> 41 -> 46 -> 47 -> 49","416"
"2251","0 -> 2 -> 3 -> 5 -> 6 -> 7 -> 8 -> 9 -> 10 -> 11 -> 13 -> 14 -> 15 -> 16 -> 17 -> 18 -> 19 -> 20 -> 21 -> 22 -> 24 -> 25 -> 26 -> 27 -> 28 -> 29 -> 30 -> 31 -> 33 -> 34 -> 35 -> 36 -> 38 -> 39 -> 40 -> 41 -> 42 -> 43 -> 44 -> 45 -> 46 -> 47 -> 48 -> 49","476"
"2252","0 -> 1 -> 2 -> 3 -> 4 -> 5 -> 6 -> 7 -> 8 -> 9 -> 10 -> 11 -> 12 -> 13 -> 14 -> 15 -> 16 -> 17 -> 18 -> 19 -> 20 -> 21 -> 22 -> 23 -> 24 -> 25 -> 26 -> 27 -> 28 -> 29 -> 30 -> 31 -> 32 -> 33 -> 34 -> 35 -> 36 -> 37 -> 38 -> 39 -> 40 -> 41 -> 42 -> 43 -> 44 -> 45 -> 46 -> 47 -> 48 -> 49","452"
"2253","0 -> 1 -> 2 -> 3 -> 4 -> 5 -> 6 -> 7 -> 8 -> 9 -> 10 -> 11 -> 12 -> 13 -> 14 -> 15 -> 16 -> 17 -> 18 -> 19 -> 20 -> 21 -> 22 -> 23 -> 24 -> 25 -> 26 -> 27 -> 28 -> 29 -> 30 -> 31 -> 32 -> 33 -> 34 -> 35 -> 36 -> 37 -> 38 -> 39 -> 40 -> 41 -> 42 -> 43 -> 44 -> 45 -> 46 -> 47 -> 48 -> 49","470"
"2254","0 -> 2 -> 0 -> 1 -> 14 -> 15 -> 13 -> 38 -> 39 -> 46 -> 48 -> 49 
or 
No path found","470"
"2255","0 -> 8 -> 9 -> 16 -> 10 -> 11 -> 12 -> 13 -> 73 -> 24 -> 26 -> 21 -> 22 -> 23 -> 83 -> 42 -> 44 -> 21 -> 46 -> 47 -> 85 -> 41 -> 38 -> 40 -> 43 -> 39 -> 19 -> 20 -> 36 -> 37 -> 35 -> 38 -> 40 -> 43 -> 89 -> 49","452"
"2256","0 -> 1 -> 2 -> 5 -> 6 -> 7 -> 8 -> 9 -> 10 -> 11 -> 14 -> 15 -> 13 -> 16 -> 17 -> 18 -> 19 -> 20 -> 21 -> 22 -> 23 -> 24 -> 25 -> 26 -> 27 -> 28 -> 29 -> 30 -> 31 -> 32 -> 33 -> 34 -> 35 -> 36 -> 37 -> 38 -> 39 -> 40 -> 41 -> 42 -> 43 -> 44 -> 45 -> 46 -> 47 -> 48 -> 49","452"
"2257","0 -> 1 -> 2 -> 3 -> 5 -> 6 -> 7 -> 8 -> 9 -> 10 -> 11 -> 12 -> 13 -> 14 -> 15 -> 16 -> 17 -> 18 -> 19 -> 20 -> 21 -> 22 -> 23 -> 24 -> 25 -> 26 -> 27 -> 28 -> 29 -> 30 -> 31 -> 32 -> 33 -> 34 -> 35 -> 36 -> 37 -> 38 -> 39 -> 40 -> 41 -> 42 -> 43 -> 44 -> 45 -> 46 -> 47 -> 48 -> 49","482"
"2258","0 -> 1 -> 2 -> 3 -> 4 -> 5 -> 6 -> 7 -> 8 -> 9 -> 10 -> 11 -> 12 -> 13 -> 14 -> 15 -> 17 -> 18 -> 19 -> 20 -> 21 -> 22 -> 23 -> 24 -> 25 -> 26 -> 27 -> 28 -> 29 -> 30 -> 31 -> 32 -> 33 -> 34 -> 35 -> 36 -> 37 -> 38 -> 39 -> 40 -> 41 -> 42 -> 43 -> 44 -> 45 -> 46 -> 47 -> 48 -> 49","494"
"2259","0 -> 1 -> 2 -> 3 -> 4 -> 5 -> 6 -> 7 -> 8 -> 9 -> 10 -> 11 -> 12 -> 13 -> 14 -> 15 -> 16 -> 17 -> 18 -> 19 -> 20 -> 21 -> 22 -> 23 -> 24 -> 25 -> 26 -> 27 -> 28 -> 29 -> 30 -> 31 -> 32 -> 33 -> 34 -> 35 -> 36 -> 37 -> 38 -> 39 -> 40 -> 41 -> 42 -> 43 -> 44 -> 45 -> 46 -> 47 -> 48 -> 49","488"
"2260","0 -> 1 -> 2 -> 3 -> 4 -> 5 -> 6 -> 7 -> 8 -> 9 -> 10 -> 11 -> 12 -> 13 -> 14 -> 15 -> 16 -> 17 -> 18 -> 19 -> 20 -> 21 -> 22 -> 23 -> 24 -> 25 -> 26 -> 27 -> 28 -> 29 -> 30 -> 31 -> 32 -> 33 -> 34 -> 35 -> 36 -> 37 -> 38 -> 39 -> 40 -> 41 -> 42 -> 43 -> 44 -> 45 -> 46 -> 47 -> 48 -> 49","590"
"2261","0 -> 1 -> 2 -> 3 -> 4 -> 5 -> 6 -> 7 -> 8 -> 9 -> 10 -> 11 -> 12 -> 13 -> 14 -> 15 -> 16 -> 17 -> 18 -> 19 -> 20 -> 21 -> 22 -> 23 -> 24 -> 25 -> 26 -> 27 -> 28 -> 29 -> 30 -> 31 -> 32 -> 33 -> 34 -> 35 -> 36 -> 37 -> 38 -> 39 -> 40 -> 41 -> 42 -> 43 -> 44 -> 45 -> 46 -> 47 -> 48 -> 49","560"
"2262","0 -> 1 -> 2 -> 3 -> 4 -> 5 -> 6 -> 7 -> 8 -> 9 -> 10 -> 11 -> 12 -> 13 -> 14 -> 15 -> 16 -> 17 -> 18 -> 19 -> 20 -> 21 -> 22 -> 23 -> 24 -> 25 -> 26 -> 27 -> 28 -> 29 -> 30 -> 31 -> 32 -> 33 -> 34 -> 35 -> 36 -> 37 -> 38 -> 39 -> 40 -> 41 -> 42 -> 43 -> 44 -> 45 -> 46 -> 47 -> 48 -> 49","584"
"2263","0 -> 1 -> 2 -> 3 -> 4 -> 5 -> 6 -> 7 -> 8 -> 9 -> 10 -> 11 -> 12 -> 13 -> 14 -> 15 -> 16 -> 17 -> 18 -> 19 -> 20 -> 21 -> 22 -> 23 -> 24 -> 25 -> 26 -> 27 -> 28 -> 29 -> 30 -> 31 -> 32 -> 33 -> 34 -> 35 -> 36 -> 37 -> 38 -> 39 -> 40 -> 41 -> 42 -> 43 -> 44 -> 45 -> 46 -> 47 -> 48 -> 49","542"
"2264","0 -> 1 -> 2 -> 4 -> 5 -> 6 -> 8 -> 9 -> 10 -> 11 -> 12 -> 13 -> 14 -> 15 -> 16 -> 17 -> 18 -> 19 -> 20 -> 21 -> 22 -> 23 -> 24 -> 25 -> 26 -> 27 -> 28 -> 29 -> 30 -> 31 -> 32 -> 33 -> 34 -> 35 -> 36 -> 37 -> 38 -> 39 -> 40 -> 41 -> 42 -> 43 -> 44 -> 45 -> 46 -> 47 -> 48 -> 49","596"
"2265","0 -> 1 -> 2 -> 3 -> 4 -> 5 -> 6 -> 7 -> 8 -> 9 -> 10 -> 11 -> 12 -> 13 -> 14 -> 15 -> 16 -> 17 -> 18 -> 19 -> 20 -> 21 -> 22 -> 23 -> 24 -> 25 -> 26 -> 27 -> 28 -> 29 -> 30 -> 31 -> 32 -> 33 -> 34 -> 35 -> 36 -> 37 -> 38 -> 39 -> 40 -> 41 -> 42 -> 43 -> 44 -> 45 -> 46 -> 47 -> 48 -> 49","590"
"2266","0 -> 2 -> 4 -> 8 -> 9 -> 10 -> 11 -> 12 -> 13 -> 14 -> 15 -> 16 -> 17 -> 18 -> 19 -> 20 -> 21 -> 22 -> 23 -> 25 -> 26 -> 27 -> 28 -> 30 -> 31 -> 32 -> 33 -> 35 -> 36 -> 37 -> 38 -> 39 -> 40 -> 41 -> 43 -> 44 -> 46 -> 47 -> 48 -> 49","590"
"2267","0 -> 1 -> 2 -> 3 -> 4 -> 5 -> 6 -> 7 -> 8 -> 9 -> 10 -> 11 -> 12 -> 13 -> 14 -> 15 -> 16 -> 17 -> 18 -> 19 -> 20 -> 21 -> 22 -> 23 -> 24 -> 25 -> 26 -> 27 -> 28 -> 29 -> 30 -> 31 -> 32 -> 33 -> 34 -> 35 -> 36 -> 37 -> 38 -> 39 -> 40 -> 41 -> 42 -> 43 -> 44 -> 45 -> 46 -> 47 -> 48 -> 49","560"
"2268","0 -> 1 -> 3 -> 4 -> 5 -> 6 -> 8 -> 9 -> 10 -> 11 -> 12 -> 13 -> 14 -> 15 -> 16 -> 17 -> 18 -> 19 -> 20 -> 21 -> 22 -> 23 -> 24 -> 25 -> 26 -> 27 -> 28 -> 29 -> 30 -> 31 -> 32 -> 33 -> 34 -> 35 -> 36 -> 37 -> 38 -> 39 -> 40 -> 41 -> 42 -> 43 -> 44 -> 45 -> 46 -> 47 -> 48 -> 49","608"
"2269","0 -> 1 -> 2 -> 3 -> 4 -> 5 -> 6 -> 7 -> 8 -> 9 -> 10 -> 11 -> 12 -> 13 -> 14 -> 15 -> 16 -> 17 -> 18 -> 19 -> 20 -> 21 -> 22 -> 23 -> 24 -> 25 -> 26 -> 27 -> 28 -> 29 -> 30 -> 31 -> 32 -> 33 -> 34 -> 35 -> 36 -> 37 -> 38 -> 39 -> 40 -> 41 -> 42 -> 43 -> 44 -> 45 -> 46 -> 47 -> 48 -> 49","578"
"2270","0 -> 1 -> 2 -> 3 -> 4 -> 5 -> 6 -> 7 -> 8 -> 9 -> 10 -> 11 -> 12 -> 13 -> 14 -> 15 -> 16 -> 17 -> 18 -> 19 -> 20 -> 21 -> 22 -> 23 -> 24 -> 25 -> 26 -> 27 -> 28 -> 29 -> 30 -> 31 -> 32 -> 33 -> 34 -> 35 -> 36 -> 37 -> 38 -> 39 -> 40 -> 41 -> 42 -> 43 -> 44 -> 45 -> 46 -> 47 -> 48 -> 49","632"
"2271","0 -> 1 -> 2 -> 3 -> 4 -> 5 -> 6 -> 7 -> 8 -> 9 -> 10 -> 11 -> 12 -> 13 -> 14 -> 15 -> 16 -> 17 -> 18 -> 19 -> 20 -> 21 -> 22 -> 23 -> 24 -> 25 -> 26 -> 27 -> 28 -> 29 -> 30 -> 31 -> 32 -> 33 -> 34 -> 35 -> 36 -> 37 -> 38 -> 39 -> 40 -> 41 -> 42 -> 43 -> 44 -> 45 -> 46 -> 47 -> 48 -> 49","650"
"2272","0 -> 1 -> 2 -> 4 -> 6 -> 7 -> 8 -> 9 -> 10 -> 11 -> 13 -> 14 -> 16 -> 17 -> 18 -> 19 -> 20 -> 21 -> 22 -> 23 -> 24 -> 25 -> 26 -> 27 -> 28 -> 29 -> 30 -> 31 -> 32 -> 33 -> 34 -> 35 -> 36 -> 37 -> 38 -> 39 -> 40 -> 41 -> 42 -> 43 -> 44 -> 45 -> 46 -> 47 -> 48 -> 49","614"
"2273","0 -> 2 -> 3 -> 4 -> 5 -> 6 -> 7 -> 8 -> 9 -> 10 -> 11 -> 12 -> 13 -> 14 -> 15 -> 16 -> 17 -> 18 -> 19 -> 20 -> 21 -> 22 -> 23 -> 24 -> 25 -> 26 -> 27 -> 28 -> 29 -> 30 -> 31 -> 32 -> 33 -> 34 -> 35 -> 36 -> 37 -> 38 -> 39 -> 40 -> 41 -> 42 -> 43 -> 44 -> 45 -> 46 -> 47 -> 48 -> 49","608"
"2274","0 -> 1 -> 2 -> 3 -> 4 -> 5 -> 6 -> 7 -> 8 -> 9 -> 10 -> 11 -> 12 -> 13 -> 14 -> 15 -> 16 -> 17 -> 18 -> 19 -> 20 -> 21 -> 22 -> 23 -> 24 -> 25 -> 26 -> 27 -> 28 -> 29 -> 30 -> 31 -> 32 -> 33 -> 34 -> 35 -> 36 -> 37 -> 38 -> 39 -> 40 -> 41 -> 42 -> 43 -> 44 -> 45 -> 46 -> 47 -> 48 -> 49","596"
"2275","0 -> 2 -> 4 -> 5 -> 6 -> 7 -> 8 -> 9 -> 10 -> 11 -> 12 -> 13 -> 14 -> 15 -> 16 -> 17 -> 18 -> 19 -> 20 -> 21 -> 22 -> 23 -> 24 -> 25 -> 26 -> 27 -> 28 -> 29 -> 30 -> 31 -> 32 -> 33 -> 34 -> 35 -> 36 -> 37 -> 38 -> 39 -> 40 -> 41 -> 42 -> 43 -> 44 -> 45 -> 46 -> 47 -> 48 -> 49","638"
"2276","0 -> 1 -> 2 -> 3 -> 4 -> 5 -> 6 -> 7 -> 8 -> 9 -> 10 -> 11 -> 12 -> 13 -> 14 -> 15 -> 16 -> 17 -> 18 -> 19 -> 20 -> 21 -> 22 -> 23 -> 24 -> 25 -> 26 -> 27 -> 28 -> 29 -> 30 -> 31 -> 32 -> 33 -> 34 -> 35 -> 36 -> 37 -> 38 -> 39 -> 40 -> 41 -> 42 -> 43 -> 44 -> 45 -> 46 -> 47 -> 48 -> 49","602"
"2277","0 -> 1 -> 2 -> 3 -> 4 -> 5 -> 6 -> 7 -> 8 -> 9 -> 10 -> 11 -> 12 -> 13 -> 14 -> 15 -> 16 -> 17 -> 18 -> 19 -> 20 -> 21 -> 22 -> 23 -> 24 -> 25 -> 26 -> 27 -> 28 -> 29 -> 30 -> 31 -> 32 -> 33 -> 34 -> 35 -> 36 -> 37 -> 38 -> 39 -> 40 -> 41 -> 42 -> 43 -> 44 -> 45 -> 46 -> 47 -> 48 -> 49","644"
"2278","0 -> 1 -> 2 -> 3 -> 4 -> 5 -> 6 -> 7 -> 8 -> 9 -> 10 -> 11 -> 12 -> 13 -> 14 -> 15 -> 16 -> 17 -> 18 -> 19 -> 20 -> 21 -> 22 -> 23 -> 24 -> 25 -> 26 -> 27 -> 28 -> 29 -> 30 -> 31 -> 32 -> 33 -> 34 -> 35 -> 36 -> 37 -> 38 -> 39 -> 40 -> 41 -> 42 -> 43 -> 44 -> 45 -> 46 -> 47 -> 48 -> 49","614"
"2279","0 -> 2 -> 4 -> 3 -> 5 -> 6 -> 7 -> 8 -> 9 -> 11 -> 12 -> 13 -> 15 -> 16 -> 17 -> 18 -> 20 -> 21 -> 22 -> 23 -> 24 -> 25 -> 26 -> 27 -> 28 -> 29 -> 30 -> 31 -> 32 -> 33 -> 34 -> 35 -> 36 -> 37 -> 38 -> 39 -> 40 -> 41 -> 42 -> 43 -> 44 -> 45 -> 46 -> 47 -> 48 -> 49","656"
"2280","0 -> 2 -> 8 -> 9 -> 7 -> 8 -> 47 -> 48 -> 49 
or 
No path found","680"
"2281","0 -> 1 -> 2 -> 3 -> 4 -> 5 -> 6 -> 7 -> 8 -> 9 -> 10 -> 11 -> 12 -> 13 -> 14 -> 15 -> 16 -> 17 -> 18 -> 19 -> 20 -> 21 -> 22 -> 23 -> 24 -> 25 -> 26 -> 27 -> 28 -> 29 -> 30 -> 31 -> 32 -> 33 -> 34 -> 35 -> 36 -> 37 -> 38 -> 39 -> 40 -> 41 -> 42 -> 43 -> 44 -> 45 -> 46 -> 47 -> 48 -> 49","698"
"2282","0 -> 2 -> 4 -> 5 -> 6 -> 8 -> 11 -> 12 -> 13 -> 14 -> 15 -> 16 -> 17 -> 18 -> 19 -> 20 -> 21 -> 22 -> 23 -> 24 -> 26 -> 27 -> 28 -> 29 -> 30 -> 31 -> 32 -> 33 -> 34 -> 35 -> 36 -> 37 -> 38 -> 39 -> 40 -> 41 -> 42 -> 43 -> 44 -> 45 -> 46 -> 47 -> 48 -> 49","698"
"2283","0 -> 1 -> 2 -> 3 -> 4 -> 5 -> 6 -> 7 -> 8 -> 9 -> 11 -> 12 -> 14 -> 15 -> 16 -> 18 -> 19 -> 20 -> 21 -> 22 -> 23 -> 24 -> 25 -> 26 -> 27 -> 28 -> 29 -> 30 -> 31 -> 32 -> 33 -> 34 -> 35 -> 36 -> 37 -> 38 -> 39 -> 40 -> 41 -> 42 -> 43 -> 44 -> 45 -> 46 -> 47 -> 48 -> 49","680"
"2284","0 -> 2 -> 4 -> 8 -> 12 -> 14 -> 15 -> 13 -> 5 -> 21 -> 23 -> 47 -> 49 
or 'No path found'","746"
"2285","0 -> 2 -> 4 -> 7 -> 5 -> 9 -> 11 -> 13 -> 0 
No path found","710"
"2286","0 -> 1 -> 2 -> 4 -> 5 -> 6 -> 7 -> 8 -> 9 -> 10 -> 11 -> 12 -> 13 -> 14 -> 15 -> 16 -> 17 -> 18 -> 19 -> 20 -> 21 -> 22 -> 23 -> 24 -> 25 -> 26 -> 27 -> 28 -> 29 -> 30 -> 31 -> 32 -> 33 -> 34 -> 35 -> 36 -> 37 -> 38 -> 39 -> 40 -> 41 -> 42 -> 43 -> 44 -> 45 -> 46 -> 47 -> 48 -> 49","656"
"2287","0 -> 2 -> 3 -> 4 -> 5 -> 6 -> 7 -> 8 -> 9 -> 11 -> 12 -> 13 -> 14 -> 15 -> 17 -> 18 -> 19 -> 20 -> 21 -> 22 -> 23 -> 24 -> 25 -> 26 -> 27 -> 28 -> 29 -> 30 -> 31 -> 32 -> 33 -> 34 -> 35 -> 36 -> 37 -> 38 -> 39 -> 40 -> 41 -> 42 -> 43 -> 44 -> 45 -> 46 -> 47 -> 48 -> 49","668"
"2288","0 -> 1 -> 2 -> 4 -> 7 -> 8 -> 9 -> 10 -> 11 -> 12 -> 13 -> 14 -> 15 -> 16 -> 17 -> 18 -> 19 -> 20 -> 21 -> 22 -> 23 -> 24 -> 25 -> 26 -> 27 -> 28 -> 29 -> 30 -> 31 -> 32 -> 33 -> 34 -> 35 -> 36 -> 37 -> 38 -> 39 -> 40 -> 41 -> 42 -> 43 -> 44 -> 45 -> 46 -> 47 -> 48 -> 49","704"
"2289","0 -> 1 -> 2 -> 3 -> 4 -> 5 -> 6 -> 7 -> 8 -> 9 -> 10 -> 11 -> 12 -> 13 -> 14 -> 15 -> 16 -> 17 -> 18 -> 19 -> 20 -> 21 -> 22 -> 23 -> 24 -> 25 -> 26 -> 27 -> 28 -> 29 -> 30 -> 31 -> 32 -> 33 -> 34 -> 35 -> 36 -> 37 -> 38 -> 39 -> 40 -> 41 -> 42 -> 43 -> 44 -> 45 -> 46 -> 47 -> 48 -> 49","710"
"2290","0 -> 1 -> 2 -> 3 -> 4 -> 5 -> 6 -> 7 -> 8 -> 9 -> 10 -> 11 -> 12 -> 13 -> 14 -> 15 -> 16 -> 17 -> 18 -> 19 -> 20 -> 21 -> 22 -> 23 -> 24 -> 25 -> 26 -> 27 -> 28 -> 29 -> 30 -> 31 -> 32 -> 33 -> 34 -> 35 -> 36 -> 37 -> 38 -> 39 -> 40 -> 41 -> 42 -> 43 -> 44 -> 45 -> 46 -> 47 -> 48 -> 49","806"
"2291","0 -> 1 -> 2 -> 3 -> 4 -> 5 -> 6 -> 7 -> 8 -> 9 -> 10 -> 11 -> 12 -> 13 -> 14 -> 15 -> 16 -> 17 -> 18 -> 19 -> 20 -> 21 -> 22 -> 23 -> 24 -> 25 -> 26 -> 27 -> 28 -> 29 -> 30 -> 31 -> 32 -> 33 -> 34 -> 35 -> 36 -> 37 -> 38 -> 39 -> 40 -> 41 -> 42 -> 43 -> 44 -> 45 -> 46 -> 47 -> 48 -> 49","812"
"2292","0 -> 2 -> 3 -> 5 -> 6 -> 4 -> 1 -> 2 -> 14 -> 15 -> 16 -> 17 -> 19 -> 21 -> 22 -> 23 -> 24 -> 25 -> 26 -> 27 -> 28 -> 29 -> 30 -> 31 -> 32 -> 33 -> 34 -> 35 -> 36 -> 37 -> 38 -> 39 -> 40 -> 41 -> 42 -> 43 -> 44 -> 45 -> 46 -> 47 -> 48 -> 49","812"
"2293","0 -> 1 -> 3 -> 4 -> 6 -> 7 -> 8 -> 9 -> 10 -> 11 -> 12 -> 14 -> 15 -> 16 -> 17 -> 18 -> 19 -> 20 -> 21 -> 22 -> 23 -> 24 -> 25 -> 26 -> 27 -> 28 -> 29 -> 30 -> 31 -> 32 -> 33 -> 34 -> 35 -> 36 -> 37 -> 38 -> 39 -> 40 -> 41 -> 42 -> 43 -> 44 -> 45 -> 46 -> 47 -> 48 -> 49","806"
"2294","0 -> 1 -> 2 -> 3 -> 5 -> 6 -> 7 -> 8 -> 9 -> 10 -> 11 -> 12 -> 13 -> 14 -> 15 -> 16 -> 17 -> 18 -> 19 -> 20 -> 21 -> 22 -> 23 -> 24 -> 25 -> 26 -> 27 -> 28 -> 29 -> 30 -> 31 -> 32 -> 33 -> 34 -> 35 -> 36 -> 37 -> 38 -> 39 -> 40 -> 41 -> 42 -> 43 -> 44 -> 45 -> 46 -> 47 -> 48 -> 49","818"
"2295","0 -> 2 -> 4 -> 3 -> 5 -> 6 -> 8 -> 9 -> 10 -> 11 -> 12 -> 13 -> 1 -> 2 -> 3 -> 4 -> 5 -> 7 -> 8 -> 9 -> 10 -> 11 -> 14 -> 15 -> 16 -> 17 -> 18 -> 19 -> 20 -> 21 -> 22 -> 23 -> 24 -> 25 -> 26 -> 27 -> 28 -> 29 -> 30 -> 31 -> 32 -> 33 -> 34 -> 35 -> 36 -> 37 -> 38 -> 39 -> 40 -> 41 -> 42 -> 43 -> 44 -> 45 -> 46 -> 47 -> 48 -> 49","812"
"2296","0 -> 1 -> 3 -> 4 -> 5 -> 6 -> 7 -> 8 -> 9 -> 10 -> 11 -> 12 -> 13 -> 14 -> 15 -> 16 -> 17 -> 18 -> 19 -> 20 -> 21 -> 22 -> 23 -> 24 -> 25 -> 26 -> 27 -> 28 -> 29 -> 30 -> 31 -> 32 -> 33 -> 34 -> 35 -> 36 -> 37 -> 38 -> 39 -> 40 -> 41 -> 42 -> 43 -> 44 -> 45 -> 46 -> 47 -> 48 -> 49","800"
"2297","0 -> 1 -> 2 -> 3 -> 4 -> 5 -> 6 -> 7 -> 8 -> 9 -> 11 -> 12 -> 13 -> 14 -> 15 -> 16 -> 17 -> 18 -> 19 -> 20 -> 21 -> 22 -> 23 -> 24 -> 25 -> 26 -> 27 -> 28 -> 29 -> 30 -> 31 -> 32 -> 33 -> 34 -> 35 -> 36 -> 37 -> 38 -> 39 -> 40 -> 41 -> 42 -> 43 -> 44 -> 45 -> 46 -> 47 -> 48 -> 49","818"
"2298","0 -> 2 -> 1 -> 3 -> 34 -> 15 -> 43 -> 44 -> 62 -> 41 -> 39 -> 41 -> 39 -> 80 -> 37 -> 15 -> 17 -> 47 -> 48 -> 49
'No path found'","818"
"2299","0 -> 1 -> 2 -> 3 -> 4 -> 5 -> 6 -> 7 -> 8 -> 9 -> 11 -> 12 -> 13 -> 14 -> 15 -> 16 -> 17 -> 18 -> 19 -> 20 -> 21 -> 22 -> 23 -> 24 -> 25 -> 26 -> 27 -> 28 -> 29 -> 30 -> 31 -> 32 -> 33 -> 34 -> 35 -> 36 -> 37 -> 38 -> 39 -> 40 -> 41 -> 42 -> 43 -> 44 -> 45 -> 46 -> 47 -> 48 -> 49","818"
"2300","0 -> 2 -> 4 -> 6 -> 8 -> 9 -> 10 -> 11 -> 12 -> 13 -> 14 -> 15 -> 16 -> 17 -> 18 -> 19 -> 20 -> 21 -> 22 -> 23 -> 24 -> 25 -> 26 -> 27 -> 28 -> 29 -> 30 -> 31 -> 32 -> 33 -> 34 -> 35 -> 36 -> 37 -> 38 -> 39 -> 40 -> 41 -> 42 -> 43 -> 44 -> 45 -> 46 -> 47 -> 48 -> 49","854"
"2301","0 -> 2 -> 1 -> 3 -> 4 -> 5 -> 7 -> 8 -> 9 -> 11 -> 13 -> 15 -> 17 -> 19 -> 21 -> 22 -> 24 -> 25 -> 27 -> 28 -> 29 -> 30 -> 31 -> 32 -> 33 -> 34 -> 35 -> 36 -> 37 -> 38 -> 39 -> 40 -> 41 -> 43 -> 44 -> 45 -> 46 -> 47 -> 48 -> 49","848"
"2302","0 -> 2 -> 4 -> 5 -> 6 -> 7 -> 8 -> 9 -> 10 -> 11 -> 12 -> 14 -> 15 -> 16 -> 17 -> 18 -> 19 -> 20 -> 21 -> 22 -> 23 -> 24 -> 25 -> 26 -> 27 -> 28 -> 29 -> 30 -> 31 -> 32 -> 33 -> 34 -> 35 -> 36 -> 37 -> 38 -> 39 -> 40 -> 41 -> 42 -> 43 -> 44 -> 45 -> 46 -> 47 -> 48 -> 49","824"
"2303","0 -> 2 -> 0 
0 -> 1 -> 3 -> 9 -> 11 -> 13 -> 15 -> 16 -> 18 -> 15 -> 17 -> 18 -> 19 -> 29 -> 31 -> 44 -> 46 -> 49","824"
"2304","0 -> 2 -> 4 -> 6 -> 8 -> 9 -> 10 -> 12 -> 13 -> 14 -> 15 -> 16 -> 18 -> 19 -> 20 -> 21 -> 22 -> 23 -> 24 -> 25 -> 26 -> 27 -> 28 -> 29 -> 30 -> 31 -> 32 -> 33 -> 34 -> 35 -> 36 -> 37 -> 38 -> 39 -> 40 -> 41 -> 42 -> 43 -> 44 -> 45 -> 46 -> 47 -> 48 -> 49","836"
"2305","0 -> 1 -> 2 -> 3 -> 4 -> 5 -> 6 -> 7 -> 8 -> 9 -> 10 -> 11 -> 12 -> 13 -> 14 -> 15 -> 16 -> 17 -> 18 -> 19 -> 20 -> 21 -> 22 -> 23 -> 24 -> 25 -> 26 -> 27 -> 28 -> 29 -> 30 -> 31 -> 32 -> 33 -> 34 -> 35 -> 36 -> 37 -> 38 -> 39 -> 40 -> 41 -> 42 -> 43 -> 44 -> 45 -> 46 -> 47 -> 48 -> 49","818"
"2306","0 -> 1 -> 2 -> 3 -> 5 -> 6 -> 7 -> 8 -> 9 -> 10 -> 11 -> 12 -> 13 -> 14 -> 15 -> 16 -> 17 -> 18 -> 19 -> 20 -> 21 -> 22 -> 23 -> 24 -> 25 -> 26 -> 27 -> 28 -> 29 -> 30 -> 31 -> 32 -> 33 -> 34 -> 35 -> 36 -> 37 -> 38 -> 39 -> 40 -> 41 -> 42 -> 43 -> 44 -> 45 -> 46 -> 47 -> 48 -> 49","848"
"2307","0 -> 1 -> 2 -> 3 -> 4 -> 5 -> 6 -> 7 -> 8 -> 9 -> 10 -> 11 -> 12 -> 13 -> 14 -> 15 -> 16 -> 17 -> 18 -> 19 -> 20 -> 21 -> 22 -> 23 -> 24 -> 25 -> 26 -> 27 -> 28 -> 29 -> 30 -> 31 -> 32 -> 33 -> 34 -> 35 -> 36 -> 37 -> 38 -> 39 -> 40 -> 41 -> 42 -> 43 -> 44 -> 45 -> 46 -> 47 -> 48 -> 49","824"
"2308","0 -> 2 -> 8 -> 15 -> 16 -> 18 -> 20 -> 18 -> 19 -> 20 -> 22 -> 23 -> 25 -> 26 -> 27 -> 28 -> 29 -> 30 -> 31 -> 32 -> 33 -> 34 -> 35 -> 36 -> 37 -> 38 -> 39 -> 40 -> 41 -> 42 -> 43 -> 44 -> 45 -> 46 -> 47 -> 48 -> 49","824"
"2309","0 -> 2 -> 3 -> 4 -> 5 -> 6 -> 8 -> 9 -> 10 -> 11 -> 12 -> 14 -> 15 -> 16 -> 18 -> 19 -> 20 -> 21 -> 22 -> 23 -> 24 -> 25 -> 26 -> 27 -> 28 -> 29 -> 30 -> 31 -> 32 -> 33 -> 34 -> 35 -> 36 -> 37 -> 38 -> 39 -> 40 -> 41 -> 42 -> 43 -> 44 -> 45 -> 46 -> 47 -> 48 -> 49","818"
"2310","0 -> 7 -> 6 -> 8 -> 9 -> 10 -> 12 -> 43 -> 22 -> 23 -> 24 -> 35 -> 37 -> 36 -> 45 -> 46 -> 49 
or 
No path found","332"
"2311","0 -> 1 -> 2 -> 3 -> 5 -> 6 -> 8 -> 43 -> 42 -> 40 -> 38 -> 39 -> 48 -> 49","392"
"2312","0 -> 10 -> 11 -> 14 -> 15 -> 21 -> 22 -> 25 -> 28 -> 24 -> 34 -> 35 -> 39 -> 40 -> 41 -> 43 -> 6 -> 11 -> 20 -> 21 -> 22 -> 23 -> 24 -> 25 -> 27 -> 45 -> 47 -> 49","368"
"2313","0 -> 4 -> 5 -> 8 -> 4 -> 3 -> 5 -> 6 -> 10 -> 29 -> 33 -> 35 -> 37 -> 38 -> 39 -> 47 -> 49 
or 
No path found","380"
"2314","0 -> 3 -> 26 -> 32 -> 18 -> 13 -> 12 -> 13 -> 10 -> 9 -> 34 -> 36 -> 33 -> 44 -> 43 -> 46 -> 24 -> 23 -> 21 -> 14 -> 16 -> 45 -> 47 -> 48 -> 46 -> 44 -> 43 -> 34 -> 37 -> 12 -> 11 -> 13 -> 2 -> 3 -> 26 -> 32 -> 79 -> 40 -> 39 -> 41 -> 23 -> 25 -> 18 -> 17 -> 20 -> 39 -> 47 -> 45 -> 42 -> 29 -> 30 -> 4 -> 6 -> 5 -> 7 -> 18 -> 20 -> 46 -> 48 -> 47 -> 31 -> 29","428"
"2315","0 -> 1 -> 5 -> 4 -> 3 -> 46 -> 45 -> 48 -> 49 
or 
No path found","344"
"2316","0 -> 1 -> 4 -> 6 -> 5 -> 3 -> 30 -> 32 -> 21 -> 26 -> 44 -> 47 -> 46 -> 42 -> 39 -> 38 -> 37 -> 36 -> 34 -> 36 -> 37 -> 53 -> 39 -> 41 -> 44 -> 41 -> 20 -> 21 -> 16 -> 20 -> 19 -> 18 -> 23 -> 25 -> 29 -> 38 -> 33 -> 35 -> 31 -> 32 -> 30 -> 12 -> 10 -> 0","374"
"2317","0 -> 1 -> 5 -> 28 -> 45 -> 49 
No path found","404"
"2318","0 -> 2 -> 11 -> 14 -> 15 -> 26 -> 27 -> 49 
No path found","350"
"2319","0 -> 4 -> 6 -> 25 -> 44 -> 45 -> 49 
or 
0 -> 1 -> 2 -> 3 -> 4 -> 6 -> 25 -> 44 -> 45 -> 49 
or 
0 -> 1 -> 2 -> 4 -> 6 -> 25 -> 44 -> 47 -> 49","422"
"2320","0 -> 2 -> 26 -> 28 -> 29 -> 31 -> 32 -> 33 -> 34 -> 36 -> 38 -> 39 -> 41 -> 43 -> 44 -> 45 -> 46 -> 47 -> 48 -> 49","542"
"2321","0 -> 3 -> 4 -> 31 -> 24 -> 31 -> 34 -> 41 -> 46 -> 44 -> 47 -> 21 -> 23 -> 38 -> 39 -> 77 -> 48 -> 49
'No path found'","506"
"2322","0 -> 2 -> 5 -> 4 -> 2 -> 35 -> 36 -> 47 -> 48 -> 49 
No path found","614"
"2323","0 -> 2 -> 5 -> 8 -> 6 -> 3 -> 4 -> 5 -> 6 -> 53 -> 47 -> 48 -> 32 -> 25 -> 22 -> 25 -> 14 -> 12 -> 10 -> 14 -> 4 -> 31 -> 33 -> 36 -> 43 -> 46 -> 49 -> 40","584"
"2324","0 -> 2 -> 0 -> 4 -> 3 -> 13 -> 11 -> 17 -> 18 -> 20 -> 21 -> 24 -> 15 -> 22 -> 23 -> 27 -> 26 -> 5 -> 6 -> 7 -> 8 -> 12 -> 14 -> 10 -> 30 -> 32 -> 31 -> 33 -> 56 -> 31 -> 28 -> 27 -> 9 -> 10 -> 20 -> 21 -> 39 -> 41 -> 47 -> 43 -> 44 -> 46 -> 48 -> 49","560"
"2325","0 -> 3 -> 1 -> 2 -> 34 -> 33 -> 35 -> 40 -> 44 -> 43 -> 46 -> 49 
or 
No path found","536"
"2326","0 -> 2 -> 3 -> 4 -> 6 -> 7 -> 8 -> 9 -> 12 -> 13 -> 14 -> 15 -> 16 -> 17 -> 18 -> 19 -> 20 -> 21 -> 22 -> 23 -> 24 -> 25 -> 26 -> 27 -> 28 -> 29 -> 30 -> 31 -> 32 -> 33 -> 34 -> 35 -> 36 -> 37 -> 38 -> 39 -> 40 -> 41 -> 42 -> 43 -> 44 -> 45 -> 46 -> 47 -> 48 -> 49","572"
"2327","0 -> 1 -> 4 -> 5 -> 8 -> 9 -> 12 -> 11 -> 36 -> 38 -> 42 -> 46 -> 47 -> 48 -> 49","500"
"2328","0 -> 1 -> 3 -> 5 -> 8 -> 10 -> 11 -> 15 -> 17 -> 19 -> 23 -> 24 -> 26 -> 30 -> 31 -> 32 -> 35 -> 38 -> 39 -> 40 -> 41 -> 42 -> 44 -> 46 -> 47 -> 48 -> 49","614"
"2329","0 -> 1 -> 2 -> 4 -> 7 -> 45 -> 48 -> 49 
No path found","524"
"2330","0 -> 1 -> 3 -> 4 -> 5 -> 8 -> 9 -> 10 -> 11 -> 13 -> 16 -> 17 -> 20 -> 21 -> 23 -> 24 -> 27 -> 28 -> 29 -> 31 -> 32 -> 33 -> 35 -> 36 -> 37 -> 39 -> 40 -> 41 -> 43 -> 44 -> 45 -> 46 -> 47 -> 49","680"
"2331","0 -> 3 -> 5 -> 9 -> 10 -> 12 -> 11 -> 15 -> 14 -> 17 -> 18 -> 19 -> 20 -> 21 -> 22 -> 27 -> 31 -> 32 -> 34 -> 36 -> 37 -> 40 -> 42 -> 43 -> 45 -> 48 -> 46 -> 47 -> 44 -> 41 -> 38 -> 36 -> 35 -> 33 -> 30 -> 26 -> 25 -> 23 -> 24 -> 22 -> 28 -> 29 -> 27 -> 31 -> 32 -> 34 -> 36 -> 37 -> 40 -> 49","644"
"2332","0 -> 2 -> 4 -> 14 -> 12 -> 26 -> 29 -> 30 -> 31 -> 34 -> 35 -> 44 -> 37 -> 5 -> 7 -> 8 -> 3 -> 5 -> 6 -> 9 -> 10 -> 11 -> 20 -> 21 -> 22 -> 23 -> 24 -> 25 -> 26 -> 28 -> 30 -> 31 -> 32 -> 33 -> 34 -> 35 -> 36 -> 37 -> 38 -> 39 -> 40 -> 41 -> 42 -> 43 -> 44 -> 45 -> 46 -> 47 -> 48 -> 49","686"
"2333","0 -> 1 -> 2 -> 3 -> 4 -> 5 -> 6 -> 7 -> 8 -> 9 -> 10 -> 11 -> 12 -> 13 -> 14 -> 15 -> 16 -> 17 -> 18 -> 19 -> 20 -> 21 -> 22 -> 23 -> 24 -> 25 -> 26 -> 27 -> 28 -> 29 -> 30 -> 31 -> 32 -> 33 -> 34 -> 35 -> 36 -> 37 -> 38 -> 39 -> 40 -> 41 -> 42 -> 43 -> 44 -> 45 -> 46 -> 47 -> 48 -> 49","686"
"2334","0 -> 1 -> 2 -> 3 -> 4 -> 5 -> 6 -> 7 -> 8 -> 9 -> 10 -> 11 -> 12 -> 13 -> 14 -> 15 -> 16 -> 17 -> 18 -> 19 -> 20 -> 21 -> 22 -> 23 -> 24 -> 25 -> 26 -> 27 -> 28 -> 29 -> 30 -> 31 -> 32 -> 33 -> 34 -> 35 -> 36 -> 37 -> 38 -> 39 -> 40 -> 41 -> 42 -> 43 -> 44 -> 45 -> 46 -> 47 -> 48 -> 49","752"
"2335","0 -> 2 -> 5 -> 8 -> 9 -> 11 -> 13 -> 15 -> 16 -> 18 -> 20 -> 22 -> 23 -> 24 -> 25 -> 26 -> 27 -> 28 -> 29 -> 30 -> 33 -> 34 -> 35 -> 36 -> 37 -> 38 -> 39 -> 40 -> 41 -> 43 -> 44 -> 45 -> 46 -> 47 -> 48 -> 49","722"
"2336","0 -> 1 -> 4 -> 6 -> 8 -> 11 -> 38 -> 39 -> 42 -> 44 -> 46 -> 47 -> 49 
or 
No path found","704"
"2337","0 -> 5 -> 9 -> 10 -> 11 -> 16 -> 17 -> 18 -> 26 -> 27 -> 28 -> 31 -> 33 -> 34 -> 35 -> 36 -> 39 -> 40 -> 41 -> 42 -> 43 -> 44 -> 45 -> 46 -> 47 -> 48 -> 49","734"
"2338","0 -> 3 -> 40 -> 41 -> 42 -> 44 -> 47 -> 48 -> 49 
No path found","746"
"2339","0 -> 2 -> 4 -> 8 -> 10 -> 11 -> 12 -> 13 -> 14 -> 15 -> 22 -> 23 -> 24 -> 25 -> 26 -> 28 -> 30 -> 31 -> 34 -> 38 -> 39 -> 42 -> 43 -> 44 -> 46 -> 47 -> 48 -> 49","668"
"2340","0 -> 1 -> 2 -> 4 -> 6 -> 7 -> 8 -> 9 -> 10 -> 11 -> 12 -> 13 -> 14 -> 15 -> 16 -> 17 -> 18 -> 19 -> 20 -> 21 -> 22 -> 23 -> 24 -> 25 -> 26 -> 27 -> 28 -> 29 -> 30 -> 31 -> 32 -> 33 -> 34 -> 35 -> 36 -> 37 -> 38 -> 39 -> 40 -> 41 -> 42 -> 43 -> 44 -> 45 -> 46 -> 47 -> 48 -> 49","890"
"2341","0 -> 1 -> 2 -> 3 -> 5 -> 6 -> 8 -> 9 -> 10 -> 11 -> 12 -> 13 -> 14 -> 15 -> 16 -> 17 -> 18 -> 19 -> 20 -> 21 -> 22 -> 23 -> 24 -> 25 -> 26 -> 27 -> 28 -> 29 -> 30 -> 31 -> 32 -> 33 -> 34 -> 35 -> 36 -> 37 -> 38 -> 39 -> 40 -> 41 -> 42 -> 43 -> 44 -> 45 -> 46 -> 47 -> 48 -> 49","926"
"2342","0 -> 3 -> 1 -> 2 -> 4 -> 5 -> 6 -> 7 -> 8 -> 9 -> 10 -> 11 -> 12 -> 13 -> 14 -> 15 -> 16 -> 17 -> 18 -> 19 -> 20 -> 21 -> 22 -> 23 -> 24 -> 25 -> 26 -> 27 -> 28 -> 29 -> 30 -> 31 -> 32 -> 33 -> 34 -> 35 -> 36 -> 37 -> 38 -> 39 -> 40 -> 41 -> 42 -> 43 -> 44 -> 45 -> 46 -> 47 -> 48 -> 49","950"
"2343","0 -> 5 -> 1 -> 2 -> 3 -> 4 -> 6 -> 7 -> 9 -> 11 -> 12 -> 14 -> 16 -> 17 -> 18 -> 20 -> 21 -> 23 -> 29 -> 30 -> 31 -> 34 -> 37 -> 39 -> 41 -> 42 -> 43 -> 44 -> 45 -> 47 -> 48 -> 49","932"
"2344","0 -> 1 -> 4 -> 6 -> 7 -> 8 -> 11 -> 10 -> 13 -> 15 -> 14 -> 16 -> 17 -> 18 -> 20 -> 21 -> 22 -> 23 -> 24 -> 25 -> 26 -> 27 -> 28 -> 30 -> 31 -> 32 -> 33 -> 34 -> 35 -> 36 -> 37 -> 38 -> 39 -> 40 -> 41 -> 42 -> 43 -> 44 -> 45 -> 46 -> 47 -> 48 -> 49","980"
"2345","0 -> 4 -> 12 -> 16 -> 32 -> 35 -> 34 -> 36 -> 33 -> 28 -> 29 -> 27 -> 31 -> 26 -> 32 -> 34 -> 23 -> 22 -> 20 -> 23 -> 25 -> 24 -> 17 -> 21 -> 17 -> 19 -> 20 -> 22 -> 19 -> 21 -> 19 -> 20 -> 23 -> 25 -> 23 -> 24 -> 17 -> 19 -> 16 -> 19 -> 17 -> 14 -> 15 -> 16 -> 14 -> 11 -> 12 -> 13 -> 11 -> 9 -> 10 -> 8 -> 7 -> 4 -> 3 -> 5 -> 2 -> 1","944"
"2346","0 -> 1 -> 2 -> 3 -> 4 -> 6 -> 5 -> 17 -> 20 -> 19 -> 22 -> 23 -> 42 -> 43 -> 47 -> 48 -> 49","1046"
"2347","0 -> 2 -> 4 -> 5 -> 6 -> 7 -> 9 -> 10 -> 12 -> 13 -> 14 -> 15 -> 17 -> 18 -> 19 -> 20 -> 21 -> 22 -> 23 -> 24 -> 25 -> 26 -> 27 -> 28 -> 29 -> 30 -> 31 -> 32 -> 33 -> 34 -> 35 -> 36 -> 37 -> 38 -> 39 -> 40 -> 41 -> 42 -> 43 -> 44 -> 45 -> 46 -> 47 -> 48 -> 49","932"
"2348","0 -> 2 -> 8 -> 13 -> 30 -> 32 -> 41 -> 49 
No path found","968"
"2349","0 -> 1 -> 2 -> 4 -> 6 -> 7 -> 8 -> 9 -> 10 -> 11 -> 12 -> 13 -> 14 -> 15 -> 16 -> 17 -> 18 -> 19 -> 20 -> 21 -> 22 -> 23 -> 24 -> 25 -> 26 -> 27 -> 28 -> 29 -> 30 -> 31 -> 32 -> 33 -> 34 -> 35 -> 36 -> 37 -> 38 -> 39 -> 40 -> 41 -> 42 -> 43 -> 44 -> 45 -> 46 -> 47 -> 48 -> 49","986"
"2350","0 -> 1 -> 4 -> 5 -> 7 -> 8 -> 9 -> 10 -> 11 -> 15 -> 17 -> 18 -> 19 -> 20 -> 21 -> 22 -> 23 -> 24 -> 25 -> 26 -> 27 -> 28 -> 29 -> 30 -> 31 -> 32 -> 33 -> 34 -> 35 -> 36 -> 37 -> 38 -> 39 -> 40 -> 41 -> 42 -> 43 -> 44 -> 45 -> 46 -> 47 -> 48 -> 49","1178"
"2351","0 -> 3 -> 6 -> 5 -> 7 -> 10 -> 9 -> 27 -> 28 -> 27 -> 31 -> 29 -> 32 -> 37 -> 43 -> 38 -> 40 -> 39 -> 41 -> 44 -> 45 -> 46 -> 47 -> 48 -> 49","1124"
"2352","0 -> 1 -> 3 -> 4 -> 5 -> 7 -> 9 -> 11 -> 12 -> 13 -> 14 -> 15 -> 16 -> 18 -> 19 -> 20 -> 21 -> 22 -> 23 -> 24 -> 25 -> 26 -> 27 -> 28 -> 29 -> 30 -> 31 -> 32 -> 33 -> 34 -> 35 -> 36 -> 37 -> 38 -> 39 -> 40 -> 41 -> 42 -> 43 -> 44 -> 45 -> 46 -> 47 -> 48 -> 49","1148"
"2353","0 -> 3 -> 9 -> 12 -> 13 -> 15 -> 16 -> 18 -> 19 -> 23 -> 25 -> 26 -> 27 -> 29 -> 31 -> 32 -> 33 -> 34 -> 35 -> 36 -> 37 -> 38 -> 39 -> 40 -> 41 -> 42 -> 43 -> 44 -> 45 -> 46 -> 47 -> 48 -> 49","1118"
"2354","0 -> 1 -> 2 -> 3 -> 4 -> 5 -> 7 -> 8 -> 9 -> 10 -> 11 -> 12 -> 13 -> 14 -> 15 -> 16 -> 17 -> 18 -> 19 -> 20 -> 21 -> 22 -> 23 -> 24 -> 25 -> 26 -> 27 -> 28 -> 29 -> 30 -> 31 -> 32 -> 33 -> 34 -> 35 -> 36 -> 37 -> 38 -> 39 -> 40 -> 41 -> 42 -> 43 -> 44 -> 45 -> 46 -> 47 -> 48 -> 49","1100"
"2355","0 -> 3 -> 4 -> 7 -> 5 -> 6 -> 9 -> 8 -> 11 -> 12 -> 13 -> 14 -> 15 -> 16 -> 17 -> 18 -> 19 -> 20 -> 21 -> 22 -> 23 -> 24 -> 25 -> 26 -> 27 -> 28 -> 29 -> 30 -> 31 -> 32 -> 33 -> 34 -> 35 -> 36 -> 37 -> 38 -> 39 -> 40 -> 41 -> 42 -> 43 -> 44 -> 45 -> 46 -> 47 -> 48 -> 49","1142"
"2356","0 -> 2 -> 6 -> 19 -> 23 -> 18 -> 16 -> 29 -> 32 -> 31 -> 34 -> 38 -> 37 -> 38 -> 31 -> 28 -> 25 -> 27 -> 30 -> 32 -> 36 -> 37 -> 40 -> 41 -> 3 -> 7 -> 44 -> 35 -> 33 -> 36 -> 39 -> 43 -> 58 -> 29 -> 31 -> 34 -> 38 -> 95 -> 49","1118"
"2357","0 -> 5 -> 6 -> 8 -> 9 -> 7 -> 3 -> 6 -> 8 -> 5 -> 4 -> 5 -> 89 -> 6 -> 8 -> 10 -> 14 -> 19 -> 11 -> 13 -> 4 -> 16 -> 70 -> 36 -> 44 -> 47 -> 48 -> 57 -> 49","1136"
"2358","0 -> 1 -> 2 -> 3 -> 4 -> 5 -> 6 -> 7 -> 8 -> 9 -> 10 -> 11 -> 12 -> 13 -> 14 -> 15 -> 16 -> 17 -> 18 -> 19 -> 20 -> 21 -> 22 -> 23 -> 24 -> 25 -> 26 -> 27 -> 28 -> 29 -> 30 -> 31 -> 32 -> 33 -> 34 -> 35 -> 36 -> 37 -> 38 -> 39 -> 40 -> 41 -> 42 -> 43 -> 44 -> 45 -> 46 -> 47 -> 48 -> 49","1112"
"2359","0 -> 2 -> 4 -> 5 -> 7 -> 9 -> 10 -> 11 -> 12 -> 13 -> 15 -> 16 -> 17 -> 18 -> 19 -> 20 -> 21 -> 22 -> 23 -> 24 -> 25 -> 26 -> 27 -> 28 -> 29 -> 30 -> 31 -> 32 -> 33 -> 34 -> 35 -> 36 -> 37 -> 38 -> 39 -> 40 -> 41 -> 42 -> 43 -> 44 -> 45 -> 46 -> 47 -> 48 -> 49","1178"
"2360","0 -> 2 -> 41 -> 45 -> 39 -> 41 -> 49","1250"
"2361","0 -> 3 -> 48
3 -> 4 -> 62
4 -> 5 -> 7
5 -> 6 -> 73
6 -> 8 -> 36
8 -> 11 -> 53
11 -> 14 -> 47
14 -> 16 -> 59
16 -> 17 -> 9
17 -> 19 -> 30
19 -> 20 -> 93
20 -> 21 -> 35
21 -> 22 -> 18
22 -> 23 -> 23
23 -> 26 -> 76
26 -> 27 -> 100
27 -> 28 -> 82
28 -> 33 -> 24
33 -> 34 -> 4
34 -> 35 -> 30
35 -> 36 -> 42
36 -> 37 -> 36
37 -> 38 -> 51
38 -> 39 -> 99
39 -> 40 -> 93
40 -> 41 -> 100
41 -> 43 -> 58
43 -> 44 -> 57
44 -> 46 -> 45
46 -> 47 -> 13
47 -> 48 -> 0
48 -> 49 -> 94","1304"
"2362","0 -> 2 -> 3 -> 4 -> 5 -> 7 -> 8 -> 10 -> 11 -> 13 -> 14 -> 15 -> 16 -> 17 -> 18 -> 19 -> 20 -> 21 -> 22 -> 23 -> 24 -> 25 -> 26 -> 27 -> 28 -> 29 -> 30 -> 31 -> 32 -> 33 -> 34 -> 35 -> 36 -> 37 -> 38 -> 39 -> 40 -> 41 -> 42 -> 43 -> 44 -> 45 -> 46 -> 47 -> 48 -> 49","1238"
"2363","0 -> 3 -> 7 -> 10 -> 13 -> 16 -> 19 -> 20 -> 21 -> 22 -> 23 -> 24 -> 25 -> 26 -> 27 -> 28 -> 29 -> 30 -> 31 -> 32 -> 33 -> 34 -> 35 -> 36 -> 37 -> 38 -> 39 -> 40 -> 41 -> 42 -> 43 -> 44 -> 45 -> 46 -> 47 -> 48 -> 49","1250"
"2364","0 -> 1 -> 2 -> 3 -> 4 -> 5 -> 6 -> 7 -> 8 -> 9 -> 10 -> 11 -> 12 -> 13 -> 14 -> 15 -> 16 -> 17 -> 18 -> 19 -> 20 -> 21 -> 22 -> 23 -> 24 -> 25 -> 26 -> 27 -> 28 -> 29 -> 30 -> 31 -> 32 -> 33 -> 34 -> 35 -> 36 -> 37 -> 38 -> 39 -> 40 -> 41 -> 42 -> 43 -> 44 -> 45 -> 46 -> 47 -> 48 -> 49","1286"
"2365","0 -> 3 -> 7 -> 16 -> 25 -> 28 -> 29 -> 32 -> 31 -> 30 -> 34 -> 35 -> 34 -> 36 -> 32 -> 34 -> 78 -> 43 -> 47 -> 51 -> 33 -> 35 -> 38 -> 24 -> 23 -> 25 -> 43 -> 45 -> 73 -> 41 -> 42 -> 100 -> 43 -> 47 -> 99 -> 46 -> 49 -> 79 -> 41 -> 42 -> 90 -> 2 -> 4 -> 54 -> 17 -> 21 -> 0","1250"
"2366","0 -> 1 -> 2 -> 3 -> 4 -> 5 -> 6 -> 7 -> 8 -> 9 -> 10 -> 11 -> 12 -> 13 -> 14 -> 15 -> 16 -> 17 -> 18 -> 19 -> 20 -> 21 -> 22 -> 23 -> 24 -> 25 -> 26 -> 27 -> 28 -> 29 -> 30 -> 31 -> 32 -> 33 -> 34 -> 35 -> 36 -> 37 -> 38 -> 39 -> 40 -> 41 -> 42 -> 43 -> 44 -> 45 -> 46 -> 47 -> 48 -> 49","1286"
"2367","0 -> 2 -> 18 -> 20 -> 22 -> 23 -> 24 -> 25 -> 26 -> 28 -> 31 -> 32 -> 33 -> 35 -> 37 -> 38 -> 40 -> 41 -> 42 -> 43 -> 44 -> 45 -> 46 -> 47 -> 48 -> 49","1292"
"2368","0 -> 2 -> 8 -> 12 -> 18 -> 40 -> 43 -> 45 -> 49
No path found","1286"
"2369","0 -> 3 -> 5 -> 8 -> 9 -> 10 -> 11 -> 12 -> 13 -> 14 -> 15 -> 16 -> 17 -> 18 -> 19 -> 20 -> 21 -> 22 -> 23 -> 24 -> 25 -> 26 -> 27 -> 28 -> 29 -> 30 -> 31 -> 32 -> 33 -> 34 -> 35 -> 36 -> 37 -> 38 -> 39 -> 40 -> 41 -> 42 -> 43 -> 44 -> 45 -> 46 -> 47 -> 48 -> 49","1286"
"2370","0 -> 2 -> 6 -> 41 -> 43 -> 47 -> 49
No path found","1406"
"2371","0 -> 2 -> 5 -> 9 -> 13 -> 15 -> 16 -> 17 -> 18 -> 19 -> 20 -> 21 -> 22 -> 23 -> 24 -> 25 -> 26 -> 27 -> 28 -> 29 -> 30 -> 31 -> 32 -> 33 -> 34 -> 35 -> 36 -> 37 -> 38 -> 39 -> 40 -> 41 -> 42 -> 43 -> 44 -> 45 -> 46 -> 47 -> 48 -> 49","1382"
"2372","0 -> 3 -> 9 -> 11 -> 15 -> 18 -> 20 -> 21 -> 22 -> 23 -> 24 -> 25 -> 26 -> 27 -> 28 -> 29 -> 30 -> 31 -> 32 -> 33 -> 34 -> 35 -> 36 -> 37 -> 38 -> 39 -> 40 -> 41 -> 42 -> 43 -> 44 -> 45 -> 46 -> 47 -> 48 -> 49","1364"
"2373","0 -> 3 -> 7 -> 10 -> 11 -> 17 -> 20 -> 22 -> 23 -> 24 -> 25 -> 26 -> 27 -> 28 -> 29 -> 30 -> 31 -> 32 -> 33 -> 34 -> 35 -> 36 -> 37 -> 38 -> 39 -> 40 -> 41 -> 42 -> 43 -> 44 -> 45 -> 46 -> 47 -> 48 -> 49","1382"
"2374","0 -> 2 -> 1 -> 6 -> 5 -> 11 -> 15 -> 16 -> 12 -> 13 -> 14 -> 17 -> 18 -> 19 -> 20 -> 21 -> 22 -> 23 -> 24 -> 25 -> 26 -> 27 -> 28 -> 29 -> 30 -> 31 -> 32 -> 33 -> 34 -> 35 -> 36 -> 37 -> 38 -> 39 -> 40 -> 41 -> 42 -> 43 -> 44 -> 45 -> 46 -> 47 -> 48 -> 49","1388"
"2375","0 -> 2 -> 4 -> 6 -> 11 -> 12 -> 13 -> 14 -> 16 -> 17 -> 18 -> 19 -> 20 -> 21 -> 22 -> 23 -> 24 -> 25 -> 26 -> 27 -> 28 -> 29 -> 30 -> 31 -> 32 -> 33 -> 34 -> 35 -> 36 -> 37 -> 38 -> 39 -> 40 -> 41 -> 42 -> 43 -> 44 -> 45 -> 46 -> 47 -> 48 -> 49","1406"
"2376","0 -> 1 -> 2 -> 3 -> 4 -> 6 -> 8 -> 9 -> 10 -> 11 -> 12 -> 13 -> 14 -> 15 -> 16 -> 17 -> 18 -> 19 -> 20 -> 21 -> 22 -> 23 -> 24 -> 25 -> 26 -> 27 -> 28 -> 29 -> 30 -> 31 -> 32 -> 33 -> 34 -> 35 -> 36 -> 37 -> 38 -> 39 -> 40 -> 41 -> 42 -> 43 -> 44 -> 45 -> 46 -> 47 -> 48 -> 49","1334"
"2377","0 -> 1 -> 2 -> 3 -> 5 -> 7 -> 10 -> 11 -> 12 -> 13 -> 15 -> 16 -> 17 -> 18 -> 19 -> 20 -> 21 -> 22 -> 23 -> 24 -> 25 -> 26 -> 27 -> 28 -> 29 -> 30 -> 31 -> 32 -> 33 -> 34 -> 35 -> 36 -> 37 -> 38 -> 39 -> 40 -> 41 -> 42 -> 43 -> 44 -> 45 -> 46 -> 47 -> 48 -> 49","1394"
"2378","0 -> 1 -> 2 -> 5 -> 6 -> 8 -> 9 -> 11 -> 13 -> 15 -> 16 -> 17 -> 18 -> 19 -> 20 -> 21 -> 22 -> 23 -> 24 -> 25 -> 26 -> 27 -> 28 -> 29 -> 30 -> 31 -> 32 -> 33 -> 34 -> 35 -> 36 -> 37 -> 38 -> 39 -> 40 -> 41 -> 42 -> 43 -> 44 -> 45 -> 46 -> 47 -> 48 -> 49","1370"
"2379","0 -> 1 -> 8 -> 11 -> 42 -> 44 -> 47 -> 48 -> 49 
No path found","1334"
"2380","0 -> 3 -> 8 -> 12 -> 13 -> 19 -> 35 -> 38 -> 49 
or 
No path found","380"
"2381","0 -> 5 -> 7 -> 6 -> 18 -> 21 -> 18 -> 24 -> 28 -> 25 -> 27 -> 24 -> 28 -> 26 -> 32 -> 41 -> 49 
No path found","368"
"2382","0 -> 3 -> 5 -> 4 -> 7 -> 18 -> 19 -> 22 -> 25 -> 29 -> 42 -> 43 -> 47 -> 49 
No path found","386"
"2383","0 -> 2 -> 36 -> 38 -> 39 -> 47 -> 49 
or 
No path found","446"
"2384","0 -> 3 -> 43 -> 47 -> 49 
No path found","350"
"2385","0 -> 1 -> 3 -> 13 -> 14 -> 26 -> 30 -> 31 -> 32 -> 25 -> 30 -> 49 
No path found","404"
"2386","0 -> 4 -> 26 -> 30 -> 28 -> 40 -> 44 -> 10 -> 12 -> 15 -> 39 -> 41 -> 0 
No path found","380"
"2387","0 -> 1 -> 2 -> 5 -> 8 -> 10 -> 6 -> 13 -> 7 -> 11 -> 5 -> 32 -> 37 -> 26 -> 25 -> 28 -> 29 -> 27 -> 45 -> 46 -> 48 -> 49","374"
"2388","0 -> 16 -> 40 -> 42 -> 41 -> 23 -> 25 -> 24 -> 26 -> 27 -> 29 -> 25 -> 28 -> 46 -> 45 -> 48 -> 47 -> 49
'No path found'","320"
"2389","0 -> 4 -> 12 -> 13 -> 21 -> 35 -> 38 -> 40 -> 43 -> 46 -> 48 -> 49","398"
"2390","0 -> 1 -> 2 -> 5 -> 8 -> 13 -> 16 -> 17 -> 15 -> 14 -> 13 -> 18 -> 23 -> 24 -> 25 -> 26 -> 28 -> 22 -> 20 -> 11 -> 10 -> 27 -> 29 -> 31 -> 33 -> 30 -> 32 -> 11 -> 16 -> 17 -> 19 -> 22 -> 41 -> 43 -> 45 -> 49","584"
"2391","0 -> 3 -> 4 -> 2 -> 8 -> 11 -> 12 -> 7 -> 29 -> 31 -> 35 -> 39 -> 44 -> 47 -> 48 -> 49 
No path found","524"
"2392","0 -> 5 -> 9 -> 6 -> 3 -> 7 -> 33 -> 31 -> 32 -> 43 -> 34 -> 35 -> 44 -> 45 -> 46 -> 26 -> 28 -> 40 -> 38 -> 36 -> 35 -> 37 -> 27 -> 25 -> 27 -> 33 -> 66 -> 33 -> 39 -> 30 -> 11 -> 13 -> 7 -> 34 -> 42 -> 38 -> 40 -> 48 -> 47 -> 26 -> 27 -> 50 -> 49","554"
"2393","0 -> 1 -> 3 -> 44 -> 43 -> 49 
or 
No path found","536"
"2394","0 -> 3 -> 6 -> 8 -> 14 -> 17 -> 20 -> 21 -> 25 -> 26 -> 27 -> 28 -> 32 -> 33 -> 35 -> 40 -> 41 -> 42 -> 45 -> 47 -> 49","566"
"2395","0 -> 2 -> 3 -> 5 -> 7 -> 9 -> 10 -> 12 -> 15 -> 16 -> 18 -> 21 -> 22 -> 24 -> 25 -> 26 -> 27 -> 28 -> 29 -> 31 -> 32 -> 33 -> 34 -> 35 -> 36 -> 38 -> 39 -> 40 -> 41 -> 42 -> 43 -> 44 -> 45 -> 46 -> 47 -> 48 -> 49","536"
"2396","0 -> 2 -> 28 -> 25 -> 29 -> 34 -> 35 -> 32 -> 36 -> 34 -> 49 
No path found","512"
"2397","0 -> 4 -> 32 -> 38 -> 13 -> 20 -> 23 -> 38 -> 15 -> 14 -> 18 -> 22 -> 25 -> 36 -> 38 -> 33 -> 44 -> 43 -> 34 -> 29 -> 31 -> 26 -> 35 -> 39 -> 46 -> 49","590"
"2398","0 -> 1 -> 3 -> 7 -> 42 -> 49 
No path found","518"
"2399","0 -> 5 -> 1 -> 2 -> 3 -> 4 -> 6 -> 8 -> 10 -> 12 -> 11 -> 29 -> 31 -> 34 -> 32 -> 33 -> 30 -> 1 -> 4 -> 45 -> 46 -> 47 -> 49","554"
"2400","0 -> 2 -> 9 -> 11 -> 15 -> 17 -> 18 -> 21 -> 22 -> 23 -> 24 -> 26 -> 27 -> 28 -> 29 -> 31 -> 32 -> 33 -> 34 -> 35 -> 36 -> 38 -> 39 -> 40 -> 42 -> 43 -> 44 -> 46 -> 48 -> 49","704"
"2401","0 -> 2 -> 4 -> 6 -> 8 -> 11 -> 14 -> 18 -> 20 -> 25 -> 28 -> 29 -> 32 -> 35 -> 37 -> 41 -> 43 -> 46 -> 47 -> 49
No path found","692"
"2402","0 -> 3 -> 4 -> 5 -> 6 -> 7 -> 8 -> 9 -> 10 -> 11 -> 12 -> 13 -> 14 -> 15 -> 16 -> 17 -> 18 -> 19 -> 20 -> 21 -> 22 -> 23 -> 24 -> 25 -> 26 -> 27 -> 28 -> 29 -> 30 -> 31 -> 32 -> 33 -> 34 -> 35 -> 36 -> 37 -> 38 -> 39 -> 40 -> 41 -> 42 -> 43 -> 44 -> 45 -> 46 -> 47 -> 48 -> 49","722"
"2403","0 -> 4 -> 6 -> 9 -> 13 -> 18 -> 20 -> 21 -> 22 -> 23 -> 24 -> 26 -> 27 -> 28 -> 29 -> 30 -> 32 -> 33 -> 34 -> 35 -> 36 -> 37 -> 38 -> 39 -> 40 -> 41 -> 42 -> 43 -> 44 -> 45 -> 46 -> 47 -> 48 -> 49","818"
"2404","0 -> 2 -> 4 -> 17 -> 21 -> 26 -> 29 -> 30 -> 31 -> 32 -> 35 -> 36 -> 38 -> 43 -> 46 -> 47 -> 49 
or 
No path found","788"
"2405","0 -> 4 -> 3 -> 10 -> 11 -> 15 -> 16 -> 17 -> 18 -> 19 -> 20 -> 22 -> 23 -> 24 -> 25 -> 26 -> 27 -> 28 -> 29 -> 30 -> 31 -> 32 -> 33 -> 34 -> 35 -> 36 -> 37 -> 38 -> 39 -> 40 -> 41 -> 42 -> 43 -> 44 -> 45 -> 46 -> 47 -> 48 -> 49","710"
"2406","0 -> 2 -> 8 -> 7 -> 3 -> 4 -> 6 -> 5 -> 9 -> 11 -> 10 -> 12 -> 13 -> 30 -> 31 -> 34 -> 35 -> 43 -> 44 -> 42 -> 43 -> 47 -> 48 -> 49","698"
"2407","0 -> 3 -> 1 -> 2 -> 46 -> 47 -> 49 
No path found","746"
"2408","0 -> 3 -> 4 -> 8 -> 10 -> 9 -> 13 -> 11 -> 17 -> 12 -> 13 -> 35 -> 36 -> 38 -> 41 -> 43 -> 44 -> 47 -> 48 -> 49
No path found","722"
"2409","0 -> 1 -> 6 -> 9 -> 8 -> 4 -> 5 -> 9 -> 14 -> 11 -> 10 -> 12 -> 45 -> 13 -> 20 -> 32 -> 34 -> 17 -> 22 -> 19 -> 23 -> 26 -> 48 -> 2 -> 5 -> 28 -> 6 -> 7 -> 33 -> 34 -> 38 -> 43 -> 45 -> 44 -> 46 -> 42 -> 47 -> 49","746"
"2410","0 -> 1 -> 2 -> 7 -> 12 -> 13 -> 14 -> 15 -> 16 -> 17 -> 18 -> 19 -> 20 -> 21 -> 22 -> 23 -> 24 -> 25 -> 26 -> 27 -> 28 -> 29 -> 30 -> 31 -> 32 -> 33 -> 34 -> 35 -> 36 -> 37 -> 38 -> 39 -> 40 -> 41 -> 42 -> 43 -> 44 -> 45 -> 46 -> 47 -> 48 -> 49","1082"
"2411","0 -> 2 -> 20 -> 25 -> 28 -> 31 -> 30 -> 28 -> 46 -> 49","1022"
"2412","0 -> 1 -> 2 -> 3 -> 4 -> 5 -> 6 -> 7 -> 8 -> 9 -> 10 -> 11 -> 12 -> 13 -> 14 -> 15 -> 16 -> 17 -> 18 -> 19 -> 20 -> 21 -> 22 -> 23 -> 24 -> 25 -> 26 -> 27 -> 28 -> 29 -> 30 -> 31 -> 32 -> 33 -> 34 -> 35 -> 36 -> 37 -> 38 -> 39 -> 40 -> 41 -> 42 -> 43 -> 44 -> 45 -> 46 -> 47 -> 48 -> 49","1046"
"2413","0 -> 2 -> 13 -> 14 -> 15 -> 12 -> 31 -> 34 -> 35 -> 41 -> 44 -> 45 -> 49
No path found","1136"
"2414","0 -> 2 -> 5 -> 8 -> 10 -> 12 -> 23 -> 11 -> 14 -> 17 -> 18 -> 20 -> 22 -> 25 -> 26 -> 32 -> 35 -> 38 -> 42 -> 44 -> 46 -> 47 -> 48 -> 49","1088"
"2415","0 -> 6 -> 8 -> 2 -> 4 -> 33 -> 35 -> 38 -> 46 -> 47 -> 49","1052"
"2416","0 -> 1 -> 2 -> 5 -> 8 -> 11 -> 14 -> 15 -> 20 -> 21 -> 22 -> 23 -> 24 -> 25 -> 26 -> 27 -> 28 -> 29 -> 30 -> 31 -> 32 -> 33 -> 34 -> 35 -> 36 -> 37 -> 38 -> 39 -> 40 -> 41 -> 42 -> 43 -> 44 -> 45 -> 46 -> 47 -> 48 -> 49","1058"
"2417","0 -> 2 -> 43 -> 49","1100"
"2418","0 -> 2 -> 4 -> 6 -> 7 -> 8 -> 9 -> 10 -> 12 -> 14 -> 15 -> 16 -> 17 -> 18 -> 19 -> 20 -> 21 -> 22 -> 23 -> 24 -> 25 -> 26 -> 27 -> 28 -> 29 -> 30 -> 31 -> 32 -> 33 -> 34 -> 35 -> 36 -> 37 -> 38 -> 39 -> 40 -> 41 -> 42 -> 43 -> 44 -> 45 -> 46 -> 47 -> 48 -> 49","1046"
"2419","0 -> 4 -> 3 -> 5 -> 7 -> 9 -> 10 -> 8 -> 13 -> 14 -> 17 -> 18 -> 19 -> 20 -> 21 -> 22 -> 23 -> 24 -> 25 -> 26 -> 27 -> 28 -> 29 -> 30 -> 31 -> 32 -> 33 -> 34 -> 35 -> 36 -> 37 -> 38 -> 39 -> 40 -> 41 -> 42 -> 43 -> 44 -> 45 -> 46 -> 47 -> 48 -> 49","1124"
"2420","0 -> 1 -> 2 -> 3 -> 4 -> 5 -> 6 -> 7 -> 8 -> 9 -> 10 -> 11 -> 12 -> 13 -> 14 -> 15 -> 16 -> 17 -> 18 -> 19 -> 20 -> 21 -> 22 -> 23 -> 24 -> 25 -> 26 -> 27 -> 28 -> 29 -> 30 -> 31 -> 32 -> 33 -> 34 -> 35 -> 36 -> 37 -> 38 -> 39 -> 40 -> 41 -> 42 -> 43 -> 44 -> 45 -> 46 -> 47 -> 48 -> 49","1436"
"2421","0 -> 3 -> 5 -> 7 -> 9 -> 11 -> 14 -> 17 -> 20 -> 22 -> 23 -> 25 -> 27 -> 28 -> 29 -> 30 -> 31 -> 32 -> 33 -> 34 -> 35 -> 36 -> 37 -> 38 -> 39 -> 40 -> 41 -> 42 -> 43 -> 44 -> 45 -> 46 -> 47 -> 48 -> 49","1478"
"2422","0 -> 2 -> 4 -> 1 -> 3 -> 7 -> 15 -> 33 -> 35 -> 37 -> 43 -> 45 -> 48 -> 49
No path found","1400"
"2423","0 -> 2 -> 8 -> 13 -> 28 -> 30 -> 36 -> 40 -> 41 -> 46 -> 47 -> 49","1382"
"2424","0 -> 1 -> 2 -> 3 -> 4 -> 6 -> 7 -> 8 -> 9 -> 12 -> 13 -> 14 -> 15 -> 16 -> 17 -> 18 -> 19 -> 20 -> 21 -> 22 -> 23 -> 24 -> 25 -> 26 -> 27 -> 28 -> 29 -> 30 -> 31 -> 32 -> 33 -> 34 -> 35 -> 36 -> 37 -> 38 -> 39 -> 40 -> 41 -> 42 -> 43 -> 44 -> 45 -> 46 -> 47 -> 48 -> 49","1472"
"2425","0 -> 3 -> 7 -> 8 -> 9 -> 11 -> 23 -> 26 -> 28 -> 31 -> 34 -> 35 -> 38 -> 39 -> 40 -> 43 -> 46 -> 47 -> 48 -> 49
'No path found'","1502"
"2426","0 -> 3 -> 4 -> 9 -> 12 -> 16 -> 15 -> 13 -> 18 -> 27 -> 31 -> 34 -> 33 -> 35 -> 36 -> 38 -> 39 -> 40 -> 41 -> 43 -> 44 -> 45 -> 46 -> 47 -> 48 -> 49","1490"
"2427","0 -> 2 -> 8 -> 14 -> 15 -> 14 -> 16 -> 28 -> 31 -> 34 -> 38 -> 35 -> 38 -> 22 -> 25 -> 17 -> 19 -> 20 -> 21 -> 23 -> 25 -> 24 -> 27 -> 29 -> 30 -> 33 -> 36 -> 32 -> 36 -> 13 -> 15 -> 18 -> 15 -> 16 -> 28 -> 31 -> 34 -> 44 -> 48 -> 45 -> 47 -> 46 -> 47 -> 98","1388"
"2428","0 -> 2 -> 6 -> 7 -> 8 -> 10 -> 11 -> 12 -> 13 -> 14 -> 16 -> 17 -> 18 -> 19 -> 20 -> 21 -> 22 -> 23 -> 24 -> 25 -> 26 -> 27 -> 28 -> 29 -> 30 -> 31 -> 32 -> 33 -> 34 -> 35 -> 36 -> 37 -> 38 -> 39 -> 40 -> 41 -> 42 -> 43 -> 44 -> 45 -> 46 -> 47 -> 48 -> 49","1358"
"2429","0 -> 1 -> 2 -> 3 -> 4 -> 5 -> 6 -> 7 -> 8 -> 9 -> 10 -> 11 -> 12 -> 13 -> 14 -> 15 -> 16 -> 17 -> 18 -> 19 -> 20 -> 21 -> 22 -> 23 -> 24 -> 25 -> 26 -> 27 -> 28 -> 29 -> 30 -> 31 -> 32 -> 33 -> 34 -> 35 -> 36 -> 37 -> 38 -> 39 -> 40 -> 41 -> 42 -> 43 -> 44 -> 45 -> 46 -> 47 -> 48 -> 49","1412"
"2430","0 -> 8 -> 7 -> 32 -> 34 -> 76 -> 21 -> 28 -> 11 -> 17 -> 73 -> 14 -> 15 -> 12 -> 16 -> 49 -> 0 
No path found","1742"
"2431","0 -> 3 -> 6 -> 2 -> 4 -> 8 -> 11 -> 14 -> 20 -> 23 -> 59 -> 78 -> 19 -> 24 -> 57 -> 33 -> 34 -> 58 -> 27 -> 29 -> 55 -> 44 -> 47 -> 45 -> 6 -> 7 -> 62 -> 9 -> 13 -> 7 -> 12 -> 15 -> 22 -> 14 -> 59 -> 11 -> 17 -> 47 -> 48 -> 60 -> 21 -> 25 -> 24 -> 11 -> 12 -> 87 -> 45 -> 49 -> 64 -> 1 -> 3 -> 100 -> 9 -> 10 -> 33","1682"
"2432","0 -> 3 -> 12 -> 15 -> 24 -> 26 -> 30 -> 35 -> 36 -> 40 -> 43 -> 45 -> 47 -> 48 -> 49","1640"
"2433","0 -> 3 -> 4 -> 7 -> 1 -> 2 -> 9 -> 10 -> 11 -> 12 -> 13 -> 14 -> 15 -> 16 -> 17 -> 18 -> 19 -> 20 -> 21 -> 22 -> 23 -> 24 -> 25 -> 26 -> 27 -> 28 -> 29 -> 30 -> 31 -> 32 -> 33 -> 34 -> 35 -> 36 -> 37 -> 38 -> 39 -> 40 -> 41 -> 42 -> 43 -> 44 -> 45 -> 46 -> 47 -> 48 -> 49","1700"
"2434","0 -> 3 -> 43 -> 49","1676"
"2435","0 -> 4 -> 8 -> 10 -> 15 -> 17 -> 19 -> 20 -> 21 -> 22 -> 23 -> 24 -> 25 -> 26 -> 27 -> 28 -> 29 -> 30 -> 31 -> 32 -> 33 -> 34 -> 35 -> 36 -> 37 -> 38 -> 39 -> 40 -> 41 -> 42 -> 43 -> 44 -> 45 -> 46 -> 47 -> 48 -> 49","1742"
"2436","0 -> 3 -> 8 -> 15 -> 33 -> 39 -> 45 -> 49 
No path found","1694"
"2437","0 -> 3 -> 13 -> 7 -> 12 -> 33 -> 42 -> 100
No path found","1640"
"2438","0 -> 2 -> 19 -> 41 -> 46 -> 80 -> 49 
No path found","1640"
"2439","0 -> 1 -> 2 -> 3 -> 4 -> 5 -> 6 -> 7 -> 8 -> 9 -> 10 -> 11 -> 12 -> 13 -> 14 -> 15 -> 16 -> 17 -> 18 -> 19 -> 20 -> 21 -> 22 -> 23 -> 24 -> 25 -> 26 -> 27 -> 28 -> 29 -> 30 -> 31 -> 32 -> 33 -> 34 -> 35 -> 36 -> 37 -> 38 -> 39 -> 40 -> 41 -> 42 -> 43 -> 44 -> 45 -> 46 -> 47 -> 48 -> 49","1616"
"2440","0 -> 6 -> 26 -> 18 -> 23 -> 45 -> 49 -> 51
No path found","1814"
"2441","0 -> 2 -> 6 -> 11 -> 13 -> 15 -> 10 -> 14 -> 12 -> 16 -> 22 -> 23 -> 20 -> 22 -> 31 -> 34 -> 37 -> 38 -> 32 -> 36 -> 34 -> 33 -> 35 -> 41 -> 43 -> 47 -> 48 -> 49","1886"
"2442","0 -> 6 -> 50 -> 8 -> 35 -> 41 -> 36 -> 39 -> 0 -> 1 -> 60 -> 9 -> 10 -> 56 -> 7 -> 13 -> 99 -> 7 -> 12 -> 80 -> 31 -> 34 -> 29 -> 43 -> 44 -> 9 -> 34 -> 39 -> 0 -> 8 -> 14 -> 83 -> 14 -> 20 -> 52 -> 21 -> 25 -> 45 -> 11 -> 15 -> 77 -> 13 -> 17 -> 45 -> 36 -> 41 -> 85 -> 31 -> 35 -> 6 -> 21 -> 28 -> 36 -> 7 -> 8 -> 34 -> 21 -> 22 -> 98 -> 2 -> 3 -> 62 -> 13 -> 19 -> 61 -> 11 -> 16 -> 20 -> 10 -> 13 -> 90 -> 6 -> 10 -> 87 -> 10 -> 12 -> 95 -> 10 -> 16 -> 24 -> 40 -> 45 -> 23 -> 44 -> 46 -> 11 -> 44 -> 49 -> 90 -> 8 -> 13 -> 91 -> 31 -> 36 -> 12 -> 18 -> 56 -> 39 -> 41 -> 93 -> 13 -> 16 -> 86 -> 41 -> 42 -> 56 -> 15 -> 19 -> 7 -> 10 -> 11 -> 93 -> 19 -> 24 -> 51 -> 5 -> 8 -> 95 -> 42 -> 44 -> 0 -> 11 -> 13 -> 85 -> 45 -> 46 -> 11 -> 0 -> 6 -> 50 -> 27 -> 28 -> 64 -> 0 -> 8 -> 35 -> 33 -> 36 -> 98 -> 0 -> 1 -> 60 -> 25 -> 26 -> 24 -> 16 -> 22 -> 18 -> 18 -> 19 -> 56 -> 16 -> 17 -> 84 -> 30 -> 33 -> 13 -> 16 -> 21 -> 31 -> 22 -> 25 -> 56 -> 41 -> 43 -> 11 -> 45 -> 47 -> 8 -> 34 -> 40 -> 69 -> 19 -> 20 -> 38 -> 48 -> 49 -> 92 -> 12 -> 15 -> 22 -> 27 -> 31 -> 42 -> 26 -> 28 -> 34 -> 1 -> 6 -> 53 -> 41 -> 44 -> 90 -> 42 -> 45 -> 75 -> 24 -> 29 -> 93 -> 27 -> 32 -> 93 -> 37 -> 40 -> 50 -> 19 -> 22 -> 30 -> 18 -> 26 -> 27 -> 15 -> 1 -> 2 -> 48 -> 27 -> 30 -> 5 -> 39 -> 45 -> 30 -> 0 -> 4 -> 1 -> 40 -> 42 -> 34 -> 7 -> 11 -> 62 -> 9 -> 13 -> 20 -> 7 -> 9 -> 45 -> 12 -> 13 -> 100 -> 8 -> 11 -> 94 -> 41 -> 47 -> 18 -> 1 -> 7 -> 42 -> 37 -> 41 -> 19 -> 42 -> 48 -> 27 -> 38 -> 42 -> 15 -> 13 -> 18 -> 96 -> 21 -> 23 -> 34 -> 36 -> 43 -> 80 -> 44 -> 47 -> 25 -> 7 -> 14 -> 82 -> 22 -> 28 -> 11 -> 19 -> 21 -> 6 -> 40 -> 44 -> 10 -> 17 -> 20 -> 58 -> 39 -> 42 -> 33 -> 22 -> 26 -> 17 -> 18 -> 34 -> 46 -> 47 -> 60 -> 26 -> 30 -> 30 -> 34 -> 38 -> 48 -> 6 -> 12 -> 65 -> 9 -> 12 -> 23 -> 15 -> 18 -> 100 -> 26 -> 27 -> 31 -> 3 -> 5 -> 94 -> 36 -> 40 -> 1 -> 25 -> 27 -> 86 -> 25 -> 29 -> 71 -> 14 -> 16 -> 53 -> 42 -> 46 -> 21 -> 30 -> 32 -> 19 -> 12 -> 17 -> 30 -> 15 -> 20 -> 38 -> 18 -> 22 -> 64 -> 4 -> 8 -> 61 -> 23 -> 31 -> 48 -> 38 -> 40 -> 54 -> 23 -> 24 -> 89 -> 6 -> 8 -> 66 -> 19 -> 25 -> 36 -> 12 -> 16 -> 59 -> 3 -> 8 -> 72 -> 18 -> 25 -> 77 -> 46 -> 48 -> 77 -> 28 -> 35 -> 61 -> 9 -> 16 -> 25 -> 23 -> 25 -> 31 -> 28 -> 30 -> 35 -> 29 -> 30 -> 66 -> 18 -> 21 -> 87 -> 28 -> 32 -> 85 -> 47 -> 48 -> 29 -> 38 -> 41 -> 37 -> 36 -> 37 -> 68 -> 4 -> 5 -> 1 -> 35 -> 40 -> 59 -> 29 -> 33 -> 34 -> 14 -> 19 -> 18 -> 34 -> 36 -> 46 -> 11 -> 14 -> 26 -> 16 -> 20 -> 28 -> 32 -> 33 -> 50 -> 20 -> 24 -> 73 -> 29 -> 34 -> 19 -> 11 -> 17 -> 94 -> 40 -> 41 -> 30 -> 31 -> 32 -> 67 -> 28 -> 31 -> 98 -> 39 -> 40 -> 14 -> 31 -> 33 -> 45 -> 24 -> 28 -> 53 -> 27 -> 29 -> 38 -> 6 -> 11 -> 93 -> 39 -> 44 -> 91 -> 14 -> 18 -> 12 -> 2 -> 8 -> 6 -> 43 -> 45 -> 19","1880"
"2443","0 -> 6 -> 4 -> 8 -> 34 -> 45 -> 47 -> 49 
No path found","1880"
"2444","0 -> 5 -> 3 -> 7 -> 12 -> 82 -> 39 -> 42 -> 48 -> 24 -> 29 -> 14 -> 71 -> 43 -> 47 -> 67 -> 49
No path found","1820"
"2445","0 -> 4 -> 3 -> 8 -> 7 -> 9 -> 10 -> 13 -> 28 -> 6 -> 11 -> 24 -> 35 -> 39 -> 38 -> 46 -> 43 -> 48 -> 49
No path found","1844"
"2446","0 -> 2 -> 8 -> 11 -> 17 -> 39 -> 41 -> 38 -> 37 -> 34 -> 31 -> 32 -> 36 -> 35 -> 33 -> 40 -> 38 -> 39 -> 42 -> 43 -> 44 -> 45 -> 46 -> 47 -> 48 -> 49","1904"
"2447","0 -> 4 -> 6 -> 3 -> 22 -> 25 -> 28 -> 23 -> 24 -> 18 -> 20 -> 22 -> 30 -> 32 -> 33 -> 31 -> 34 -> 35 -> 36 -> 38 -> 39 -> 40 -> 41 -> 42 -> 43 -> 44 -> 45 -> 46 -> 47 -> 48 -> 49","1934"
"2448","0 -> 3 -> 8 -> 43 -> 46 -> 49 
No path found","1832"
"2449","0 -> 2 -> 8 -> 9 -> 11 -> 17 -> 54 -> 31 -> 16 -> 28 -> 75 -> 31 -> 16 -> 28 -> 34 -> 30 -> 2 -> 39 -> 43 -> 41 -> 20 -> 25 -> 94 -> 21 -> 26 -> 57 -> 22 -> 27 -> 75 -> 22 -> 17 -> 54 -> 11 -> 13 -> 31 -> 29 -> 47 -> 0","1856"
"2450","0 -> 2 -> 6 -> 8 -> 7 -> 9 -> 10 -> 13 -> 16 -> 22 -> 23 -> 34 -> 37 -> 43 -> 45 -> 38 -> 46 -> 49","434"
"2451","0 -> 4 -> 18 -> 39 -> 47 -> 46 -> 47 -> 49 
No path found","416"
"2452","0 -> 1 -> 7 -> 11 -> 13 -> 8 -> 9 -> 6 -> 9 -> 7 -> 27 -> 31 -> 36 -> 30 -> 36 -> 38 -> 44 -> 47 -> 49
No path found","374"
"2453","0 -> 2 -> 6 -> 11 -> 13 -> 9 -> 7 -> 11 -> 32 -> 36 -> 32 -> 31 -> 32 -> 24 -> 26 -> 25 -> 46 -> 42 -> 46 -> 45 -> 46 -> 49","422"
"2454","0 -> 1 -> 2 -> 3 -> 4 -> 5 -> 6 -> 9 -> 10 -> 11 -> 12 -> 14 -> 15 -> 17 -> 18 -> 19 -> 20 -> 21 -> 23 -> 26 -> 27 -> 28 -> 29 -> 30 -> 32 -> 33 -> 34 -> 35 -> 36 -> 37 -> 38 -> 39 -> 40 -> 41 -> 43 -> 44 -> 45 -> 46 -> 47 -> 48 -> 49","452"
"2455","0 -> 2 -> 9 -> 43 -> 46 -> 47 -> 49 
or 
No path found","326"
"2456","0 -> 1 -> 18 -> 20 -> 8 -> 9 -> 8 -> 12 -> 45 -> 47 -> 48 -> 27 -> 28 -> 26 -> 29 -> 30 -> 33 -> 35 -> 42 -> 34 -> 46 -> 43 -> 46 -> 44 -> 40 -> 45 -> 48 -> 49","386"
"2457","0 -> 2 -> 16 -> 26 -> 38 -> 42 -> 47 -> 41 -> 20 -> 12 -> 15 -> 21 -> 4 -> 7 -> 3 -> 16 -> 26 -> 80 -> 39 -> 44 -> 43 -> 42 -> 38 -> 39 -> 82 -> 47 -> 41 -> 5 -> 20 -> 21 -> 53 -> 12 -> 20 -> 63 -> 4 -> 7 -> 46 -> 3 -> 16 -> 26 -> 80 -> 49","392"
"2458","0 -> 4 -> 18 -> 20 -> 38 -> 40 -> 39 -> 40 -> 49 
No path found","398"
"2459","0 -> 2 -> 12 -> 20 -> 27 -> 30 -> 31 -> 39 -> 46 -> 47 -> 49 
or 
No path found","464"
"2460","0 -> 1 -> 3 -> 8 -> 4 -> 5 -> 9 -> 14 -> 16 -> 25 -> 35 -> 44 -> 49 
or 'No path found'","548"
"2461","0 -> 3 -> 44 -> 40 -> 39 -> 42 -> 85 -> 33 -> 39 -> 37 -> 43 -> 99 -> 46 -> 48 -> 70 
'No path found'","548"
"2462","0 -> 3 -> 4 -> 8 -> 10 -> 9 -> 5 -> 9 -> 12 -> 19 -> 21 -> 23 -> 18 -> 22 -> 16 -> 15 -> 26 -> 15 -> 16 -> 11 -> 14 -> 13 -> 14 -> 32 -> 34 -> 30 -> 35 -> 27 -> 35 -> 44 -> 48 -> 47 -> 49","530"
"2463","0 -> 1 -> 2 -> 3 -> 4 -> 7 -> 11 -> 14 -> 15 -> 19 -> 27 -> 32 -> 37 -> 39 -> 41 -> 42 -> 43 -> 45 -> 47 -> 48 -> 49","650"
"2464","0 -> 5 -> 6 -> 8 -> 9 -> 10 -> 12 -> 14 -> 17 -> 18 -> 20 -> 21 -> 22 -> 25 -> 27 -> 28 -> 30 -> 32 -> 33 -> 34 -> 36 -> 38 -> 39 -> 41 -> 42 -> 43 -> 44 -> 45 -> 46 -> 47 -> 48","530"
"2465","0 -> 6 -> 11 -> 96 
No path found","518"
"2466","0 -> 1 -> 3 -> 27 -> 31 -> 35 -> 41 -> 42 -> 49 
No path found","548"
"2467","0 -> 7 -> 29 -> 36 -> 38 -> 44 -> 48 -> 49 
or 
No path found","482"
"2468","0 -> 4 -> 12 -> 14 -> 17 -> 25 -> 22 -> 24 -> 26 -> 32 -> 38 -> 42 -> 44 -> 48 -> 49 
No path found","596"
"2469","0 -> 4 -> 16 -> 27 -> 31 -> 37 -> 38 -> 39 -> 41 -> 44 -> 45 -> 48 -> 49 
No path found","596"
"2470","0 -> 2 -> 14 -> 16 -> 11 -> 13 -> 37 -> 44 -> 47 -> 49","638"
"2471","0 -> 13 -> 9 -> 10 -> 14 -> 12 -> 18 -> 71 -> 22 -> 17 -> 19 -> 26 -> 41 -> 20 -> 21 -> 4 -> 5 -> 12 -> 30 -> 36 -> 90 -> 38 -> 39 -> 32 -> 35 -> 39 -> 72 -> 40 -> 38 -> 43 -> 47 -> 48 -> 45 -> 48 -> 0","656"
"2472","0 -> 5 -> 18 -> 12 -> 21 -> 28 -> 33 -> 29 -> 34 -> 31 -> 41 -> 37 -> 38 -> 39 -> 48 -> 49 
No path found","716"
"2473","0 -> 4 -> 5 -> 6 -> 7 -> 3 -> 16 -> 12 -> 14 -> 17 -> 15 -> 11 -> 26 -> 31 -> 10 -> 25 -> 34 -> 49
No path found","722"
"2474","0 -> 1 -> 2 -> 11 -> 17 -> 14 -> 21 -> 25 -> 9 -> 6 -> 11 -> 28 -> 27 -> 16 -> 17 -> 42 -> 47 -> 49
No path found","800"
"2475","0 -> 2 -> 9 -> 6 -> 4 -> 10 -> 11 -> 12 -> 8 -> 30 -> 31 -> 32 -> 34 -> 45 -> 49 
No path found","728"
"2476","0 -> 1 -> 4 -> 5 -> 6 -> 9 -> 11 -> 15 -> 14 -> 12 -> 30 -> 33 -> 40 -> 44 -> 41 -> 23 -> 26 -> 32 -> 35 -> 38 -> 47 -> 49","662"
"2477","0 -> 3 -> 6 -> 7 -> 12 -> 13 -> 14 -> 20 -> 22 -> 26 -> 27 -> 30 -> 38 -> 39 -> 41 -> 43 -> 45 -> 46 -> 47 -> 48 -> 49","746"
"2478","0 -> 2 -> 43 -> 45 -> 47 -> 49 
No path found","734"
"2479","0 -> 1 -> 4 -> 7 -> 17 -> 22 -> 24 -> 41 -> 45 -> 48 -> 49 
or 
No path found","764"
"2480","0 -> 3 -> 5 -> 8 -> 4 -> 10 -> 12 -> 92 -> 36 -> 41 -> 47 -> 63 -> 40 -> 45 -> 46 -> 95 -> 43 -> 76 -> 2 -> 12 -> 62 -> 40 -> 41 -> 36 -> 38 -> 85 -> 6 -> 7 -> 22 -> 6 -> 9 -> 84 -> 18 -> 23 -> 49 -> 20 -> 33 -> 42 -> 15 -> 16 -> 63 -> 15 -> 19 -> 66 -> 43 -> 46 -> 69 -> 22 -> 28 -> 50 -> 33 -> 38 -> 7 -> 17 -> 19 -> 61 -> 35 -> 36 -> 62 -> 35 -> 39 -> 95 -> 29 -> 35 -> 41 -> 18 -> 21 -> 55 -> 26 -> 29 -> 76 -> 11 -> 19 -> 73 -> 22 -> 33 -> 26 -> 28 -> 3","1046"
"2481","0 -> 6 -> 24 -> 26 -> 28 -> 10 -> 9 -> 12 -> 19 -> 31 -> 36 -> 93 -> 49","1184"
"2482","0 -> 6 -> 11 -> 14 -> 15 -> 17 -> 18 -> 20 -> 22 -> 24 -> 26 -> 28 -> 30 -> 32 -> 34 -> 36 -> 38 -> 40 -> 42 -> 44 -> 46 -> 47 -> 48 -> 49","1118"
"2483","0 -> 3 -> 18 -> 1 -> 4 -> 7 -> 41 -> 13 -> 17 -> 30 -> 14 -> 18 -> 60 -> 19 -> 73 -> 2 -> 3 -> 99 -> 41 -> 43 -> 45 -> 88 -> 31 -> 33 -> 77 -> 6 -> 12 -> 1 -> 31 -> 32 -> 32 -> 35 -> 37 -> 84 -> 30 -> 35 -> 52 -> 48 -> 49 -> 40","1070"
"2484","0 -> 1 -> 2 -> 3 -> 4 -> 5 -> 6 -> 7 -> 8 -> 9 -> 10 -> 11 -> 12 -> 13 -> 14 -> 15 -> 16 -> 17 -> 18 -> 19 -> 20 -> 21 -> 22 -> 23 -> 24 -> 25 -> 26 -> 27 -> 28 -> 29 -> 30 -> 31 -> 32 -> 33 -> 34 -> 35 -> 36 -> 37 -> 38 -> 39 -> 40 -> 41 -> 42 -> 43 -> 44 -> 45 -> 46 -> 47 -> 48 -> 49","1184"
"2485","0 -> 4 -> 9 -> 13 -> 18 -> 19 -> 20 -> 28 -> 31 -> 34 -> 36 -> 40 -> 43 -> 47 -> 48 -> 49","1070"
"2486","0 -> 1 -> 2 -> 3 -> 6 -> 8 -> 9 -> 10 -> 11 -> 12 -> 14 -> 15 -> 16 -> 17 -> 18 -> 19 -> 20 -> 21 -> 22 -> 23 -> 24 -> 25 -> 26 -> 27 -> 28 -> 29 -> 30 -> 31 -> 32 -> 33 -> 34 -> 35 -> 36 -> 37 -> 38 -> 39 -> 40 -> 41 -> 42 -> 43 -> 44 -> 45 -> 46 -> 47 -> 48 -> 49","1148"
"2487","0 -> 1 -> 4 -> 5 -> 6 -> 7 -> 8 -> 9 -> 10 -> 11 -> 12 -> 13 -> 14 -> 15 -> 16 -> 17 -> 18 -> 19 -> 20 -> 21 -> 22 -> 23 -> 24 -> 25 -> 26 -> 27 -> 28 -> 29 -> 30 -> 31 -> 32 -> 33 -> 34 -> 35 -> 36 -> 37 -> 38 -> 39 -> 40 -> 41 -> 42 -> 43 -> 44 -> 45 -> 46 -> 47 -> 48 -> 49","1226"
"2488","0 -> 2 -> 6 -> 10 -> 9 -> 11 -> 12 -> 18 -> 21 -> 28 -> 29 -> 36 -> 39 -> 46 -> 49 
No path found","1100"
"2489","0 -> 2 -> 9 -> 34 -> 39 -> 48 -> 49 
No path found","1148"
"2490","0 -> 2 -> 51 -> 0 
No path found","1550"
"2491","0 -> 3 -> 8 -> 22 -> 23 -> 32 -> 39 -> 28 -> 31 -> 29 -> 33 -> 41 -> 49 
No path found","1634"
"2492","0 -> 4 -> 8 -> 9 -> 12 -> 15 -> 16 -> 22 -> 26 -> 23 -> 28 -> 29 -> 31 -> 32 -> 34 -> 38 -> 43 -> 46 -> 48 -> 49","1610"
"2493","0 -> 3 -> 7 -> 10 -> 11 -> 14 -> 21 -> 23 -> 35 -> 39 -> 41 -> 43 -> 45 -> 49 
No path found","1634"
"2494","0 -> 1 -> 3 -> 4 -> 5 -> 13 -> 17 -> 26 -> 27 -> 32 -> 34 -> 43 -> 46 -> 48 -> 49 
No path found","1658"
"2495","0 -> 1 -> 3 -> 5 -> 6 -> 8 -> 9 -> 11 -> 12 -> 13 -> 14 -> 15 -> 16 -> 17 -> 18 -> 19 -> 20 -> 21 -> 22 -> 23 -> 24 -> 25 -> 26 -> 27 -> 28 -> 29 -> 30 -> 31 -> 32 -> 33 -> 34 -> 35 -> 36 -> 37 -> 38 -> 39 -> 40 -> 41 -> 42 -> 43 -> 44 -> 45 -> 46 -> 47 -> 48 -> 49","1622"
"2496","0 -> 6 -> 2 -> 11 -> 19 -> 23 -> 26 -> 31 -> 34 -> 36 -> 39 -> 40 -> 41 -> 43 -> 45 -> 47 -> 49","1628"
"2497","0 -> 1 -> 4 -> 5 -> 10 -> 11 -> 12 -> 15 -> 18 -> 22 -> 26 -> 29 -> 32 -> 33 -> 38 -> 41 -> 44 -> 45 -> 46 -> 47 -> 48 -> 49","1688"
"2498","0 -> 3 -> 47 -> 49 
No path found","1610"
"2499","0 -> 1 -> 10 -> 3 -> 8 -> 15 -> 36 -> 37 -> 48 -> 49","1640"
"2500","0 -> 6 -> 18 -> 41 -> 42 -> 44 -> 47 -> 48 -> 49 
No path found","2234"
"2501","0 -> 1 -> 2 -> 3 -> 6 -> 7 -> 8 -> 9 -> 5 -> 4 -> 15 -> 22 -> 23 -> 21 -> 25 -> 26 -> 27 -> 28 -> 29 -> 33 -> 37 -> 38 -> 39 -> 41 -> 43 -> 44 -> 45 -> 46 -> 47 -> 48 -> 49","2204"
"2502","0 -> 7 -> 11 -> 16 -> 10 -> 19 -> 22 -> 43 -> 44 -> 48 -> 49
No path found","2186"
"2503","0 -> 5 -> 48 -> 11 -> 96 -> 22 -> 30 -> 81 -> 40 -> 95 -> 25 -> 27 -> 16 -> 20 -> 13 -> 14 -> 13 -> 22 -> 70 -> 17 -> 18 -> 77 -> 28 -> 35 -> 59 -> 32 -> 33 -> 6 -> 8 -> 26 -> 40 -> 44 -> 49 -> 25 -> 31 -> 26 -> 54 -> 29 -> 30 -> 29 -> 12 -> 15 -> 22 -> 24 -> 33 -> 70 -> 24 -> 30 -> 94 -> 13 -> 23 -> 51 -> 35 -> 40 -> 5 -> 11 -> 33 -> 95 -> 34 -> 36 -> 11 -> 38 -> 96 -> 42 -> 43 -> 58 -> 5 -> 7 -> 3 -> 36 -> 38 -> 94 -> 19 -> 20 -> 21 -> 30 -> 36 -> 9 -> 28 -> 31 -> 77 -> 22 -> 24 -> 96 -> 35 -> 42 -> 23 -> 32 -> 35 -> 64 -> 10 -> 13 -> 22 -> 35 -> 41 -> 19 -> 41 -> 44 -> 11 -> 41 -> 43 -> 96 -> 39 -> 49 -> 43 -> 37 -> 59 -> 17 -> 21 -> 75 -> 0 -> 4 -> 29 -> 34 -> 38 -> 42 -> 15 -> 18 -> 26 -> 42 -> 44 -> 61 -> 11 -> 16 -> 9 -> 44 -> 48 -> 11 -> 27 -> 35 -> 86 -> 39 -> 41 -> 1 -> 6 -> 9 -> 95 -> 43 -> 45 -> 93 -> 40 -> 41 -> 70 -> 10 -> 21 -> 91 -> 21 -> 27 -> 38 -> 20 -> 23 -> 60 -> 23 -> 24 -> 19 -> 46 -> 48 -> 69 -> 25 -> 32 -> 54 -> 29 -> 32 -> 88 -> 41 -> 46 -> 74 -> 18 -> 29 -> 77 -> 21 -> 23 -> 39 -> 9 -> 10 -> 96 -> 27 -> 33 -> 21 -> 35 -> 37 -> 50 -> 13 -> 18 -> 42 -> 33 -> 38 -> 98 -> 42 -> 46 -> 23 -> 33 -> 42 -> 61 -> 29 -> 34 -> 61 -> 39 -> 42 -> 29 -> 34 -> 61 -> 5 -> 11 -> 33 -> 3 -> 6 -> 86 -> 4 -> 7 -> 37 -> 35 -> 38 -> 2","2264"
"2504","0 -> 5 -> 11 -> 15 -> 22 -> 36 -> 47 -> 49 
No path found","2204"
"2505","0 -> 6 -> 4 -> 43 -> 5 -> 12 -> 15 -> 12 -> 70 -> 13 -> 44 -> 77 -> 38 -> 41 -> 50 -> 22 -> 30 -> 34 -> 1 -> 7 -> 73 -> 29 -> 35 -> 68 -> 17 -> 20 -> 67 -> 16 -> 20 -> 87 -> 24 -> 31 -> 83 -> 15 -> 20 -> 2 -> 38 -> 42 -> 9 -> 10 -> 43 -> 7 -> 32 -> 80 -> 36 -> 44 -> 32 -> 71 -> 30 -> 34 -> 0","2270"
"2506","0 -> 1 -> 2 -> 3 -> 4 -> 5 -> 6 -> 7 -> 8 -> 9 -> 10 -> 11 -> 12 -> 13 -> 14 -> 15 -> 16 -> 17 -> 18 -> 19 -> 20 -> 21 -> 22 -> 23 -> 24 -> 25 -> 26 -> 27 -> 28 -> 29 -> 30 -> 31 -> 32 -> 33 -> 34 -> 35 -> 36 -> 37 -> 38 -> 39 -> 40 -> 41 -> 42 -> 43 -> 44 -> 45 -> 46 -> 47 -> 48 -> 49","2246"
"2507","0 -> 11 -> 16 -> 27 -> 36 -> 43 -> 44 -> 46 -> 47 -> 48 -> 49","2228"
"2508","0 -> 1 -> 2 -> 3 -> 5 -> 6 -> 7 -> 9 -> 10 -> 11 -> 12 -> 13 -> 15 -> 16 -> 17 -> 18 -> 19 -> 20 -> 21 -> 22 -> 23 -> 24 -> 25 -> 26 -> 27 -> 28 -> 29 -> 30 -> 31 -> 32 -> 33 -> 34 -> 35 -> 36 -> 37 -> 38 -> 39 -> 40 -> 41 -> 42 -> 43 -> 44 -> 45 -> 46 -> 47 -> 48 -> 49","2222"
"2509","0 -> 1 -> 4 -> 6 -> 8 -> 11 -> 15 -> 14 -> 20 -> 21 -> 22 -> 23 -> 24 -> 25 -> 26 -> 27 -> 28 -> 29 -> 30 -> 31 -> 32 -> 33 -> 34 -> 35 -> 36 -> 37 -> 38 -> 39 -> 40 -> 41 -> 42 -> 43 -> 44 -> 45 -> 46 -> 47 -> 48 -> 49","2180"
"2510","0 -> 5 -> 15 -> 17 -> 1 -> 4 -> 6 -> 7 -> 12 -> 13 -> 18 -> 11 -> 10 -> 8 -> 14 -> 20 -> 21 -> 22 -> 23 -> 24 -> 25 -> 26 -> 27 -> 28 -> 29 -> 30 -> 31 -> 32 -> 33 -> 34 -> 35 -> 36 -> 37 -> 38 -> 39 -> 40 -> 41 -> 42 -> 43 -> 44 -> 45 -> 46 -> 47 -> 48 -> 49","2600"
"2511","0 -> 2 -> 8 -> 6 -> 14 -> 19 -> 31 -> 15 -> 11 -> 24 -> 45 -> 49 -> 22 -> 46 -> 48 -> 89
No path found","2648"
"2512","0 -> 3 -> 84 -> 42 -> 43 -> 43 -> 49 
No path found","2636"
"2513","0 -> 4 -> 7 -> 5 -> 10 -> 11 -> 14 -> 20 -> 21 -> 15 -> 17 -> 16 -> 19 -> 18 -> 25 -> 26 -> 23 -> 30 -> 31 -> 27 -> 28 -> 32 -> 33 -> 34 -> 35 -> 36 -> 37 -> 38 -> 39 -> 40 -> 41 -> 42 -> 43 -> 44 -> 45 -> 46 -> 47 -> 48 -> 49","2582"
"2514","0 -> 6 -> 17 -> 55 -> 10 -> 7 -> 39 -> 3 -> 5 -> 9 -> 22 -> 93 -> 14 -> 24 -> 56 -> 15 -> 24 -> 68 -> 12 -> 19 -> 68 -> 38 -> 44 -> 97 -> 25 -> 28 -> 49 -> 44 -> 49 -> 24 -> 36 -> 43 -> 4 -> 1 -> 6 -> 17 -> 55 -> 5 -> 7 -> 39 -> 3 -> 15 -> 67 -> 29 -> 34 -> 64 -> 37 -> 42 -> 81 -> 4 -> 15 -> 84 -> 27 -> 36 -> 88 -> 1 -> 5 -> 82 -> 33 -> 36 -> 52 -> 34 -> 39 -> 27 -> 31 -> 29 -> 4 -> 10 -> 60 -> 20 -> 22 -> 44 -> 40 -> 44 -> 19 -> 32 -> 38 -> 69 -> 11 -> 14 -> 55 -> 13 -> 23 -> 73 -> 22 -> 29 -> 0","2552"
"2515","0 -> 4 -> 15 -> 39 -> 42 -> 49
No path found","2600"
"2516","0 -> 2 -> 53 
No path found","2624"
"2517","0 -> 11 -> 39 -> 30 -> 49","2678"
"2518","0 -> 2 -> 3 -> 45 -> 48 -> 49 
No path found","2558"
"2519","0 -> 7 -> 11 -> 13 -> 36 -> 45 -> 48 -> 49
No path found","2564"
"2520","0 -> 3 -> 8 -> 4 -> 7 -> 21 -> 33 -> 32 -> 31 -> 43 -> 49","362"
"2521","0 -> 6 -> 1 -> 25 -> 32 -> 41 -> 48 -> 49","368"
"2522","0 -> 8 -> 22 -> 26 -> 31 -> 30 -> 39 -> 46 -> 48 -> 49","380"
"2523","0 -> 4 -> 5 -> 1 -> 11 -> 29 -> 30 -> 7 -> 24 -> 25 -> 22 -> 31 -> 18 -> 34 -> 33 -> 42 -> 38 -> 47 -> 48 -> 49
'No path found'","410"
"2524","0 -> 3 -> 11 -> 13 -> 38 -> 44 -> 49 
No path found","374"
"2525","0 -> 4 -> 15 -> 17 -> 12 -> 23 -> 26 -> 34 -> 52 -> 35 -> 31 -> 33 -> 41 -> 47 -> 49 
No path found","362"
"2526","0 -> 4 -> 12 -> 9 -> 18 -> 21 -> 22 -> 34 -> 41 -> 43 -> 49","380"
"2527","0 -> 6 -> 14 -> 17 -> 25 -> 30 -> 35 -> 44 -> 40 -> 38 -> 42 -> 49 
No path found","362"
"2528","0 -> 3 -> 10 -> 28 -> 39 -> 47 -> 49 
No path found","350"
"2529","0 -> 4 -> 6 -> 21 -> 4 -> 21 -> 9 -> 21 -> 14 -> 11 -> 14 -> 0 
or 
0 -> 2 -> 4 -> 6 -> 21 -> 4 -> 21 -> 9 -> 21 -> 14 -> 11 -> 14 -> 0","344"
"2530","0 -> 6 -> 43 -> 22 -> 23 -> 42 -> 47 -> 48 -> 49 
No path found","578"
"2531","0 -> 7 -> 0 
No path found","524"
"2532","0 -> 3 -> 11 -> 15 -> 8 -> 28 -> 36 -> 44 -> 48 
or 
No path found","512"
"2533","0 -> 3 -> 4 -> 5 -> 9 -> 6 -> 12 -> 38 -> 39 -> 46 -> 47 -> 48 -> 49 
No path found","590"
"2534","0 -> 4 -> 12 -> 8 -> 11 -> 15 -> 27 -> 32 -> 43 -> 38 -> 37 -> 38 -> 43 -> 46 -> 34 -> 30 -> 33 -> 21 -> 20 -> 24 -> 20 -> 26 -> 22 -> 31 -> 44 -> 41 -> 48 -> 42 -> 40 -> 49","578"
"2535","0 -> 8 -> 11 -> 5 -> 23 -> 11 -> 30 -> 32 -> 49 
No path found","656"
"2536","0 -> 6 -> 10 -> 12 -> 43 -> 49 
No path found","566"
"2537","0 -> 1 -> 2 -> 11 -> 14 -> 5 -> 12 -> 13 -> 21 -> 15 -> 16 -> 31 -> 28 -> 29 -> 24 -> 32 -> 25 -> 33 -> 41 -> 43 -> 47 -> 49","560"
"2538","0 -> 8 -> 2 -> 15 -> 25 -> 38 -> No path found","536"
"2539","0 -> 4 -> 2 -> 6 -> 8 -> 29 -> 41 -> 43 -> 56 -> 49 
No path found","488"
"2540","0 -> 2 -> 13 -> 17 -> 14 -> 29 -> 42 -> 45 -> 46 -> 47 -> 49 
No path found","590"
"2541","0 -> 8 -> 22 -> 25 -> 28 -> 33 -> 47 -> 49 
No path found","764"
"2542","0 -> 4 -> 8 -> 13 -> 1 -> 9 -> 2 -> 17 -> 32 -> 36 -> 43 -> 47 -> 49 
or 'No path found'","776"
"2543","0 -> 6 -> 9 -> 5 -> 3 -> 4 -> 13 -> 19 -> 33 -> 38 -> 49
No path found","806"
"2544","0 -> 2 -> 39 -> 36 -> 39 -> 33 -> 30 -> 21 -> 26 -> 23 -> 22 -> 4 -> 11 -> 10 -> 5 -> 12 -> 24 -> 18 -> 19 -> 17 -> 27 -> 28 -> 34 -> 31 -> 38 -> 46 -> 47 -> 48 -> 49","782"
"2545","0 -> 7 -> 15 -> 27 -> 29 -> 43 -> 45 -> 49
No path found","728"
"2546","0 -> 2 -> 8 -> 25 -> 31 -> 34 -> 39 -> 44 -> 47 -> 43 -> 46 -> 45 -> 49 
No path found","704"
"2547","0 -> 2 -> 23 -> 26 -> 38 -> 41 -> 48 -> 49 
No path found","794"
"2548","0 -> 5 -> 1 -> 2 -> 8 -> 11 -> 16 -> 25 -> 23 -> 17 -> 10 -> 28 -> 33 -> 31 -> 35 -> 57 -> 42 -> 43 -> 58 -> 49
'No path found'","812"
"2549","0 -> 6 -> 2 -> 8 -> 17 -> 18 -> 19 -> 32 -> 16 -> 27 -> 29 -> 42 -> 34 -> 37 -> 31 -> 36 -> 23 -> 11 -> 13 -> 25 -> 22 -> 27 -> 43 -> 44 -> 46 -> 49","710"
"2550","0 -> 7 -> 4 -> 28 -> 36 -> 38 -> 45 -> 47 -> 49 
No path found","986"
"2551","0 -> 6 -> 7 -> 44 -> 46 -> 49 
No path found","1028"
"2552","0 -> 3 -> 9 -> 11 -> 19 -> 15 -> 18 -> 22 -> 26 -> 28 -> 31 -> 40 -> 44 -> 38 -> 39 -> 43 -> 47 -> 48 -> 49
No path found","992"
"2553","0 -> 3 -> 13 -> 37 -> 39 -> 48 
No path found","1190"
"2554","0 -> 3 -> 27 -> 31 -> 46 -> 41 -> 49
No path found","1142"
"2555","0 -> 1 -> 3 -> 8 -> 4 -> 10 -> 5 -> 9 -> 17 -> 18 -> 13 -> 19 -> 8 -> 6 -> 8 -> 1 -> 17 -> 20 -> 25 -> 29 -> 31 -> 32 -> 44 -> 45 -> 47 -> 49","1034"
"2556","0 -> 6 -> 11 -> 97 -> 26 -> 44 -> 14 -> 28 -> 37 -> 7 -> 13 -> 24 -> 65 -> 40 -> 42 -> 81 -> 43 -> 49
'No path found'","1082"
"2557","0 -> 2 -> 5 -> 8 -> 9 -> 14 -> 15 -> 20 -> 21 -> 23 -> 35 -> 37 -> 44 -> 48 -> 49","1136"
"2558","0 -> 13 -> 0 -> 14 -> 29 -> 18 -> 30 -> 43 -> 5 -> 9 -> 17 -> 84 -> 11 -> 25 -> 8 -> 15 -> 22 -> 23 -> 84 -> 20 -> 27 -> 3 -> 9 -> 11 -> 99 -> 27 -> 35 -> 63 -> 1 -> 2 -> 77 -> 29 -> 35 -> 49 -> 34 -> 41 -> 92 -> 10 -> 11 -> 24 -> 7 -> 9 -> 52 -> 3 -> 4 -> 5 -> 74 -> 6 -> 11 -> 42 -> 43 -> 46 -> 45","1070"
"2559","0 -> 4 -> 6 -> 11 -> 12 -> 15 -> 16 -> 17 -> 18 -> 20 -> 22 -> 23 -> 24 -> 25 -> 26 -> 27 -> 28 -> 29 -> 30 -> 31 -> 32 -> 33 -> 34 -> 35 -> 36 -> 37 -> 38 -> 39 -> 40 -> 41 -> 42 -> 43 -> 44 -> 45 -> 46 -> 47 -> 48 -> 49","1040"
"2560","0 -> 5 -> 14 -> 20 -> 23 -> 31 -> 35 -> 48 -> 49 
No path found","1568"
"2561","0 -> 11 -> 22 -> 39 -> 2 -> 3 -> 4 -> 13 -> 84 -> 2 -> 12 -> 91 -> 41 -> 48 -> 23 -> 26 -> 27 -> 29 -> 34 -> 35 -> 31 -> 36 -> 53 -> 30 -> 40 -> 53 -> 39 -> 45 -> 42 -> 41 -> 43 -> 41 -> 22 -> 27 -> 49 -> 0","1694"
"2562","0 -> 1 -> 6 -> 14 -> 27 -> 38 -> 47 -> 48 -> 49 
No path found","1646"
"2563","0 -> 1 -> 2 -> 6 -> 3 -> 5 -> 7 -> 8 -> 9 -> 11 -> 12 -> 13 -> 14 -> 15 -> 16 -> 17 -> 18 -> 19 -> 20 -> 21 -> 22 -> 23 -> 24 -> 25 -> 26 -> 27 -> 28 -> 29 -> 30 -> 31 -> 32 -> 33 -> 34 -> 35 -> 36 -> 37 -> 38 -> 39 -> 40 -> 41 -> 42 -> 43 -> 44 -> 45 -> 46 -> 47 -> 48 -> 49","1514"
"2564","0 -> 4 -> 12 -> 22 -> 42 -> 48 -> 58 -> 14 -> 28 -> 15 -> 26 -> 29 -> 33 -> 37 -> 89 -> 11 -> 13 -> 61 -> 20 -> 34 -> 78 -> 38 -> 39 -> 25 -> 30 -> 31 -> 42 -> 11 -> 21 -> 18 -> 22 -> 46 -> 47 -> 62 -> 29 -> 33 -> 21 -> 44 -> 47 -> 31 -> 14 -> 19 -> 40 -> 20 -> 22 -> 69 -> 23 -> 31 -> 70 -> 36 -> 38 -> 14 -> 6 -> 8 -> 44 -> 14 -> 17 -> 72 -> 21 -> 33 -> 16 -> 18 -> 26 -> 47 -> 28 -> 35 -> 4 -> 32 -> 33 -> 36 -> 5 -> 8 -> 15 -> 54 -> 26 -> 43 -> 55 -> 47 -> 48 -> 54 -> 41 -> 44 -> 2 -> 39 -> 42 -> 26 -> 25 -> 30 -> 24 -> 14 -> 21 -> 30 -> 14 -> 17 -> 91 -> 13 -> 33 -> 39 -> 77 -> 33 -> 41 -> 61 -> 30 -> 32 -> 20 -> 11 -> 14 -> 16 -> 26 -> 31 -> 95 -> 20 -> 28 -> 68 -> 27 -> 34 -> 16 -> 6 -> 12 -> 49 -> 36 -> 49 -> 1","1628"
"2565","0 -> 3 -> 9 -> 20 -> 23 -> 35 -> 24 -> 28 -> 8 -> 5 -> 16 -> 61 -> 26 -> 32 -> 38 -> 85 -> 49 
No path found","1670"
"2566","0 -> 5 -> 9 -> 18 -> 22 -> 37 -> 49 
No path found","1652"
"2567","0 -> 5 -> 4 -> 3 -> 24 -> 33 -> 25 -> 29 -> 33 -> 44 -> 43 -> 26 -> 34 -> 41 -> 49 -> 48 -> 47 -> 46 -> 40 -> 43 -> 98 -> 38 -> 42 -> 96 -> 13 -> 30 -> 28 -> 14 -> 16 -> 23 -> 31 -> 35 -> 36 -> 57 -> 11 -> 19 -> 82 -> 26 -> 45 -> 50 -> 1 -> 6 -> 29 -> 21 -> 29 -> 91 -> 16 -> 20 -> 14 -> 40 -> 41 -> 66 -> 39 -> 41 -> 3 -> 23 -> 27 -> 13 -> 34 -> 36 -> 84 -> 33 -> 41 -> 91 -> 31 -> 34 -> 21 -> 14 -> 16 -> 61 -> 45 -> 48 -> 9","1646"
"2568","0 -> 1 -> 4 -> 6 -> 4 -> 15 -> 20 -> 29 -> 31 -> 38 -> 49","1688"
"2569","0 -> 2 -> 3 -> 7 -> 10 -> 20 -> 25 -> 34 -> 39 -> 48 -> 49","1532"
"2570","0 -> 2 -> 7 -> 9 -> 13 -> 4 -> 5 -> 6 -> 12 -> 15 -> 11 -> 15 -> 6 -> 8 -> 22 -> 11 -> 4 -> 2 -> 8 -> 51 -> 14 -> 16 -> 84 -> 33 -> 34 -> 32 -> 40 -> 35 -> 42 -> 35 -> 38 -> 29 -> 43 -> 51 -> 37 -> 43 -> 51 -> 11 -> 22 -> 18 -> 4 -> 2 -> 7 -> 13 -> 25 -> 14 -> 19 -> 59 -> 41 -> 48 -> 57 -> 39 -> 42 -> 0 -> 34 -> 37 -> 13 -> 34 -> 38 -> 71 -> 34 -> 45 -> 16","2492"
"2571","0 -> 4 -> 3 -> 5 -> 10 -> 15 -> 0 
No path found","2468"
"2572","0 -> 4 -> 21 -> 34 -> 39 -> 43 -> 46 -> 47 -> 48 -> 49
No path found","2432"
"2573","0 -> 5 -> 4 -> 6 -> 18 -> 33 -> 21 -> 3 -> 7 -> 19 -> 38 -> 46 -> 41 -> 47 -> 49 
No path found","2546"
"2574","0 -> 6 -> 43 -> 22 -> 32 -> 63 -> 26 -> 29 -> 9 -> 38 -> 42 -> 27 -> 49
No path found","2390"
"2575","0 -> 7 -> 18 -> 25 -> 36 -> 39 -> 80 -> 1 -> 7 -> 24 -> 28 -> 32 -> 46 -> 39 -> 48 -> 71 -> 14 -> 18 -> 71 -> 2 -> 11 -> 78 -> 31 -> 39 -> 42 -> 6 -> 7 -> 78 -> 39 -> 43 -> 40 -> 22 -> 30 -> 94 -> 30 -> 36 -> 60 -> 7 -> 18 -> 25 -> 2 -> 6 -> 83 -> 27 -> 45 -> 20 -> 11 -> 13 -> 44 -> 30 -> 31 -> 59 -> 0 -> 1 -> 79 -> 26 -> 34 -> 26 -> 6 -> 14 -> 42 -> 34 -> 35 -> 100 -> 33 -> 37 -> 26 -> 35 -> 38 -> 94 -> 8 -> 20 -> 40 -> 25 -> 31 -> 93 -> 41 -> 47 -> 37 -> 27 -> 39 -> 41 -> 3 -> 12 -> 89 -> 39 -> 42 -> 83 -> 18 -> 24 -> 86 -> 38 -> 47 -> 40 -> 29 -> 38 -> 22 -> 8 -> 72 -> 0 -> 9 -> 33 -> 29 -> 44 -> 100 -> 24 -> 32 -> 69 -> 17 -> 19 -> 76 -> 46 -> 47 -> 45 -> 16 -> 18 -> 26 -> 13 -> 15 -> 89 -> 3 -> 11 -> 98 -> 19 -> 23 -> 67 -> 11 -> 18 -> 44 -> 44 -> 48 -> 30 -> 30 -> 33 -> 4 -> 12 -> 25 -> 71 -> 40 -> 42 -> 59 -> 8 -> 24 -> 79 -> 29 -> 34 -> 20 -> 11 -> 23 -> 30 -> 32 -> 35 -> 43 -> 12 -> 13 -> 31 -> 29 -> 39 -> 50 -> 5 -> 12 -> 38 -> 41 -> 43 -> 12 -> 5 -> 23 -> 47 -> 39 -> 41 -> 4 -> 26 -> 29 -> 3 -> 0 -> 2 -> 42 -> 14 -> 15 -> 54 -> 18 -> 32 -> 10 -> 27 -> 28 -> 82 -> 30 -> 43 -> 70 -> 3 -> 6 -> 65 -> 33 -> 36 -> 70 -> 3 -> 17 -> 44 -> 10 -> 24 -> 81 -> 34 -> 37 -> 19 -> 32 -> 42 -> 24 -> 43 -> 46 -> 71 -> 42 -> 47 -> 81 -> 23 -> 26 -> 14 -> 33 -> 45 -> 37 -> 34 -> 38 -> 18 -> 32 -> 98 -> 48 -> 49 -> 94 -> 17 -> 27 -> 87 -> 18 -> 26 -> 49 -> 9 -> 21 -> 31 -> 26 -> 40 -> 13 -> 32 -> 43 -> 32 -> 45 -> 47 -> 34 -> 40 -> 43 -> 44 -> 0 -> 10 -> 79 -> 10 -> 19 -> 16 -> 17 -> 21 -> 97 -> 22 -> 29 -> 40 -> 29 -> 41 -> 17 -> 20 -> 15 -> 9 -> 12 -> 18 -> 9 -> 11 -> 20 -> 5 -> 13 -> 26 -> 5 -> 18 -> 85 -> 33 -> 34 -> 15 -> 22 -> 94 -> 5 -> 18 -> 85 -> 33 -> 34 -> 15 -> 24 -> 27 -> 92 -> 29 -> 33 -> 35 -> 21 -> 29 -> 52 -> 24 -> 33 -> 70 -> 4 -> 5 -> 83 -> 0 -> 17 -> 31 -> 16 -> 19 -> 23 ->","2426"
"2576","0 -> 3 -> 8 -> 4 -> 15 -> 23 -> 34 -> 39 -> 3 -> 31 -> 45 -> 49 
No path found","2396"
"2577","0 -> 5 -> 8 -> 12 -> 93 -> 38 -> 40 -> 23 
No path found","2414"
"2578","0 -> 14 -> 20 -> 24 -> 30 -> 40 -> 44 -> 49
No path found","2366"
"2579","0 -> 4 -> 7 -> 13 -> 18 -> 39 -> 45 -> 48 -> 49 
No path found","2492"
"2580","0 -> 6 -> 16 -> 23 -> 31 -> 38 -> 49 
No path found","3314"
"2581","0 -> 6 -> 10 -> 12 -> 8 -> 9 -> 18 -> 24 -> 27 -> 35 -> 38 -> 32 -> 33 -> 28 -> 37 -> 42 -> 48 -> 49
No path found","3314"
"2582","0 -> 4 -> 13 -> 33 -> 43 -> 45 -> 47 -> 48 -> 49 
No path found","3392"
"2583","0 -> 3 -> 8 -> 9 -> 0 -> 6 -> 89 -> 2 -> 3 -> 37 -> 46 -> 49 -> 88","3374"
"2584","0 -> 6 -> 11 -> 43 -> 47 -> 49
No path found","3416"
"2585","0 -> 5 -> 8 -> 9 -> 14 -> 20 -> 33 -> 36 -> 32 -> 34 -> 28 -> 23 -> 30 -> 18 -> 22 -> 37 -> 46 -> 47 -> 48 -> 49","3326"
"2586","0 -> 8 -> 3 -> 12 -> 39 -> 46 -> 54 -> 69 -> 44 -> 47 -> 68 -> 93 -> 81 -> 55 -> 43 -> 45 -> 81 -> 55 -> 43 -> 47 -> 68 -> 14 -> 34 -> 42 -> 93 -> 41 -> 48 -> 83 -> 20 -> 40 -> 92 -> 44 -> 47 -> 100 -> 9 -> 15 -> 8 -> 31 -> 34 -> 79 -> 24 -> 30 -> 80 -> 3 -> 4 -> 7 -> 91 -> 9 -> 22 -> 34 -> 79 -> 39 -> 49 -> 28 -> 14 -> 30 -> 73 -> 11 -> 17 -> 53 -> 6 -> 22 -> 67 -> 35 -> 41 -> 1 -> 9 -> 11 -> 68 -> 7 -> 19 -> 45 -> 25 -> 29 -> 25 -> 5 -> 7 -> 61 -> 5 -> 17 -> 14 -> 13 -> 90 -> 13 -> 20 -> 13 -> 74 -> 15 -> 22 -> 75 -> 27 -> 35 -> 65 -> 6 -> 8 -> 25 -> 18 -> 20 -> 27 -> 7 -> 17 -> 62 -> 3 -> 10 -> 48 -> 40 -> 41 -> 80 -> 31 -> 32 -> 68 -> 46 -> 48 -> 95 -> 6 -> 10 -> 10 -> 26 -> 27 -> 36 -> 39 -> 6 -> 41 -> 42 -> 27 -> 46 -> 47 -> 3 -> 8 -> 23 -> 24 -> 35 -> 1 -> 12 -> 35 -> 43 -> 45 -> 92 -> 17 -> 26 -> 33 -> 46 -> 49 -> 36 -> 38 -> 84 -> 43 -> 49 -> 87 -> 1 -> 25 -> 95 -> 38 -> 46 -> 90 -> 3 -> 9 -> 56 -> 33 -> 37 -> 54 -> 41 -> 45 -> 81 -> 42 -> 43 -> 55 -> 13 -> 14 -> 57 -> 7 -> 15 -> 34 -> 33 -> 36 -> 34 -> 15 -> 26 -> 87 -> 30 -> 38 -> 91 -> 25 -> 44 -> 35 -> 6 -> 28 -> 100 -> 27 -> 32 -> 28 -> 19 -> 24 -> 84 -> 5 -> 18 -> 67 -> 28 -> 41 -> 6 -> 32 -> 41 -> 12 -> 28 -> 7 -> 22 -> 28 -> 36 -> 100 -> 0 -> 5 -> 77 -> 28 -> 37 -> 6 -> 32 -> 41 -> 32 -> 27 -> 19 -> 24 -> 84 -> 5 -> 18 -> 67 ->","3332"
"2587","0 -> 3 -> 80 -> 4 -> 15 -> 92 -> 34 -> 39 -> 25 -> 41 -> 45 -> 70 -> 41 -> 43 -> 79 -> 44 -> 47 -> 3 -> 16 -> 30 -> 24 -> 42 -> 77 -> 23 -> 35 -> 57 -> 31 -> 38 -> 37 -> 51 -> 5 -> 14 -> 43 -> 19 -> 24 -> 82 -> 25 -> 39 -> 97 -> 31 -> 46 -> 62 -> 25 -> 30 -> 31 -> 24 -> 43 -> 49 -> 51 -> 5 -> 14 -> 43 -> 19 -> 24 -> 82 -> 3 -> 6 -> 84 -> 41 -> 48 -> 13 -> 27 -> 35 -> 67 -> 10 -> 23 -> 31 -> 45 -> 57 -> 1 -> 11 -> 95 -> 15 -> 16 -> 87 -> 0 -> 4 -> 1","3248"
"2588","0 -> 2 -> 5 -> 31 -> 13 -> 33 -> 34 -> 20 -> 0 
No path found","3404"
"2589","0 -> 1 -> 2 -> 3 -> 8 -> 7 -> 20 -> 11 -> 10 -> 16 -> 28 -> 17 -> 21 -> 22 -> 23 -> 18 -> 25 -> 26 -> 27 -> 38 -> 42 -> 48 -> 49","3266"
"2590","0 -> 1 -> 6 -> 14 -> 31 -> 41 -> 49 
or 
0 -> 1 -> 16 -> 9 -> 15 -> 10 -> 12 -> 19 -> 46 -> 49 
or 
No path found","386"
"2591","0 -> 6 -> 25 -> 27 -> 9 -> 43 -> 74 -> 39 -> 65 -> 49 
No path found","332"
"2592","0 -> 2 -> 27 -> 36 -> 38 -> 47 -> 49 
or 
0 -> 12 -> 15 -> 16 -> 23 -> 27 -> 29 -> 38 -> 47 -> 49 
or 
No path found","386"
"2593","0 -> 2 -> 8 -> 31 -> 4 -> 31 -> 33 -> 16 -> 33 -> 36 -> 37 -> 29 -> 13 -> 22 -> 28 -> 34 -> 39 -> 43 -> 38 -> 22 -> 43 -> 36 -> 35 -> 20 -> 9 -> 10 -> 1 -> 25 -> 14 -> 29 -> 17 -> 38 -> 47 -> 29 -> 37 -> 24 -> 45 -> 24 -> 23 -> 20 -> 41 -> 32 -> 41 -> 49","416"
"2594","0 -> 4 -> 5 -> 11 -> 12 -> 13 -> 21 -> 35 -> 18 -> 35 -> 24 -> 36 -> 29 -> 44 -> 47 -> 39 -> 30 -> 23 -> 41 -> 49","374"
"2595","0 -> 4 -> 11 -> 20 -> 13 -> 32 -> 21 -> 34 -> 29 -> 34 -> 41 -> 36 -> 46 -> 48 -> 49 
or 'No path found'","422"
"2596","0 -> 5 -> 8 -> 26 -> 38 -> 41 -> 49 
or 
0 -> 20 -> 14 -> 17 -> 21 -> 27 -> 38 -> 41 -> 49 
or 
0 -> 6 -> 8 -> 26 -> 38 -> 41 -> 49","338"
"2597","0 -> 1 -> 13 -> 9 -> 14 -> 10 -> 47 -> 49 
No path found","422"
"2598","0 -> 8 -> 14 -> 18 -> 10 -> 7 -> 6 -> 25 -> 39 -> 47 -> 43 -> 36 -> 17 -> 30 -> 32 -> 26 -> 2 -> 3 -> 45 -> 33 -> 21 -> 12 -> 29 -> 35 -> 28 -> 27 -> 31 -> 20 -> 1 -> 9 -> 11 -> 25 -> 6 -> 7 -> 13 -> 10 -> 7 -> 6 -> 25 -> 42 -> 8 -> 39 -> 37 -> 34 -> 26 -> 32 -> 30 -> 27 -> 30 -> 20 -> 1 -> 9 -> 11 -> 3 -> 49","356"
"2599","0 -> 4 -> 9 -> 11 -> 25 -> 23 -> 22 -> 21 -> 20 -> 13 -> 3 -> 15 -> 25 -> 48 -> 46 -> 43 -> 46 -> 45 -> 14 -> 26 -> 13 -> 27 -> 35 -> 41 -> 33 -> 41 -> 44 -> 45 -> 44 -> 23 -> 0","368"
"2600","0 -> 2 -> 4 -> 30 -> 35 -> 46 -> 47 -> 49 
No path found","584"
"2601","0 -> 11 -> 26 -> 33 -> 38 -> 40 -> 43 -> 49 
No path found","506"
"2602","0 -> 2 -> 3 -> 8 -> 19 -> 21 -> 26 -> 11 -> 16 -> 25 -> 33 -> 41 -> 47 -> 49 
or 'No path found'","542"
"2603","0 -> 23 -> 22 -> 32 -> 33 -> 11 -> 13 -> 4 -> 7 -> 3 -> 11 -> 15 -> 17 -> 79 -> 36 -> 38 -> 24 -> 42 -> 25 -> 42 -> 100 -> 34 -> 37 -> 5 -> 47 -> 37 -> 5 -> 43 -> 48 -> 6 -> 23 -> 22 -> 34 -> 15 -> 22 -> 28 -> 35 -> 42 -> 39 -> 24 -> 27 -> 49 -> 11","506"
"2604","0 -> 3 -> 4 -> 5 -> 16 -> 24 -> 18 -> 6 -> 9 -> 26 -> 34 -> 43 -> 50 -> 49 
or 
No path found","458"
"2605","0 -> 5 -> 6 -> 9 -> 16 -> 17 -> 18 -> 21 -> 22 -> 23 -> 24 -> 27 -> 29 -> 31 -> 33 -> 35 -> 36 -> 37 -> 39 -> 40 -> 41 -> 42 -> 43 -> 48 -> 49","434"
"2606","0 -> 6 -> 22 -> 13 -> 36 -> 77 -> 26 -> 45 -> 46 -> 43 -> 24 -> 23 -> 44 -> 42 -> 47 -> 48 -> 49 
No path found","608"
"2607","0 -> 12 -> 19 -> 31 -> 47 -> 48 -> 49 
or 
No path found","482"
"2608","0 -> 4 -> 26 -> 4 -> 18 -> 23 -> 46 -> 38 -> 42 -> 47 -> 45 -> 39 -> 35 -> 28 -> 8 -> 16 -> 6 -> 1 -> 3 -> 27 -> 41 -> 27 -> 10 -> 21 -> 14 -> 15 -> 44 -> 17 -> 19 -> 44 -> 47 -> 60 -> 20 -> 32 -> 46 -> 32 -> 25 -> 32 -> 34 -> 37 -> 71 -> 9 -> 22 -> 11 -> 20 -> 11 -> 14 -> 24 -> 16 -> 33 -> 21 -> 17 -> 27 -> 29 -> 31 -> 40 -> 31 -> 29 -> 11 -> 15 -> 19 -> 66 -> 15 -> 14 -> 25 -> 41 -> 89 -> 38 -> 41 -> 69","590"
"2609","0 -> 4 -> 9 -> 1 -> 11 -> 20 -> 22 -> 16 -> 8 -> 23 -> 26 -> 2 -> 14 -> 24 -> 14 -> 25 -> 15 -> 34 -> 46 -> 43 -> 45 -> 44 -> 41 -> 36 -> 30 -> 38 -> 31 -> 42 -> 48 -> 49","518"
"2610","0 -> 3 -> 6 -> 4 -> 8 -> 9 -> 15 -> 20 -> 12 -> 29 -> 35 -> 36 -> 35 -> 42 -> 43 -> 48 -> 49 
or 
No path found","680"
"2611","0 -> 4 -> 6 -> 28 -> 45 -> 44 -> 38 -> 41 -> 49 
No path found","632"
"2612","0 -> 9 -> 18 -> 15 -> 34 -> 33 -> 31 -> 39 -> 41 -> 49
No path found","728"
"2613","0 -> 12 -> 11 -> 41 -> 48 -> 49 
No path found","650"
"2614","0 -> 18 -> 4 -> 9 -> 13 -> 17 -> 23 -> 1 -> 28 -> 30 -> 27 -> 30 -> 25 -> 16 -> 2 -> 11 -> 20 -> 24 -> 15 -> 19 -> 11 -> 29 -> 41 -> 18 -> 38 -> 44 -> 38 -> 49","686"
"2615","0 -> 10 -> 71 -> 14 -> 31 -> 49
No path found","716"
"2616","0 -> 1 -> 14 -> 23 -> 29 -> 38 -> 43 -> 48 
No path found","746"
"2617","0 -> 2 -> 18 -> 28 -> 21 -> 29 -> 95 
No path found","722"
"2618","0 -> 10 -> 11 -> 43 -> 45 -> 17 -> 13 -> 26 -> 34 -> 48 -> 49 
No path found","650"
"2619","0 -> 2 -> 6 -> 8 -> 32 -> 35 -> 38 -> 47 -> 49 
or 
No path found","716"
"2620","0 -> 3 -> 4 -> 6 -> 10 -> 24 -> 28 -> 33 -> 39 -> 38 -> 47 -> 49","950"
"2621","0 -> 4 -> 20 -> 94 -> No path found","1010"
"2622","0 -> 3 -> 18 -> 6 -> 9 -> 22 -> 35 -> 40 -> 47 -> 43 -> 49","1064"
"2623","0 -> 7 -> 9 -> 13 -> 12 -> 39 -> 45 -> 49 
No path found","1076"
"2624","0 -> 16 -> 20 -> 28 -> 38 -> 44 -> 46 -> 47 -> 49 
No path found","1034"
"2625","0 -> 1 -> 3 -> 7 -> 9 -> 22 -> 36 -> 44 -> 35 -> 43 -> 47 -> 49","938"
"2626","0 -> 13 -> 33 -> 21 -> 34 -> 49 
No path found","1070"
"2627","0 -> 4 -> 22 -> 34 -> 48 -> 49 
No path found","1052"
"2628","0 -> 3 -> 12 -> 26 -> 34 -> 38 -> 46 -> 49 
No path found","986"
"2629","0 -> 18 -> 2 -> 13 -> 20 -> 23 -> 49 
No path found","1094"
"2630","0 -> 1 -> 8 -> 18 -> 35 -> 41 -> 48 -> 49 
No path found","1562"
"2631","0 -> 8 -> 1 -> 3 -> 9 -> 13 -> 51 -> 39 -> 46 -> 24 -> 4 -> 7 -> 8 -> 32 -> 38 -> 50 -> 14 -> 26 -> 61 -> 22 -> 33 -> 93 -> 16 -> 27 -> 94 -> 6 -> 11 -> 45 -> 13 -> 15 -> 65 -> 39 -> 42 -> 19 -> 49 -> 81 -> 18 -> 37 -> 8 -> 0","1478"
"2632","0 -> 5 -> 8 -> 9 -> 40 -> 46 -> 48 -> 49
No path found","1520"
"2633","0 -> 1 -> 3 -> 4 -> 6 -> 8 -> 9 -> 12 -> 13 -> 11 -> 14 -> 15 -> 21 -> 22 -> 25 -> 26 -> 27 -> 29 -> 30 -> 32 -> 33 -> 34 -> 35 -> 36 -> 37 -> 38 -> 39 -> 40 -> 41 -> 42 -> 43 -> 44 -> 45 -> 46 -> 47 -> 48 -> 49","1466"
"2634","0 -> 9 -> 15 -> 18 -> 10 -> 11 -> 66 -> 35 -> 46 -> 16 -> 44 -> 45 -> 28 -> 43 -> 81 -> 19 -> 26 -> 93 -> 24 -> 48 -> 24 -> 30 -> 78 -> 22 -> 35 -> 11 -> 36 -> 37 -> 73 -> 6 -> 21 -> 60 -> 11 -> 25 -> 24 -> 32 -> 48 -> 27 -> 29 -> 72 -> 14 -> 25 -> 0","1574"
"2635","0 -> 9 -> 68 -> 26 -> 34 -> 29 -> 44 -> 78 -> 48 -> 12 
No path found","1562"
"2636","0 -> 3 -> 8 -> 15 -> 17 -> 24 -> 56 -> 34 -> 43 -> 49 
No path found","1532"
"2637","0 -> 1 -> 2 -> 16 -> 20 -> 31 -> 40 -> 48 -> 49
No path found","1400"
"2638","0 -> 20 -> 16 -> 30 -> 15 -> 10 -> 24 -> 27 -> 26 -> 41 -> 45 -> 40 -> 47 -> 80 -> 33 -> 44 -> 57 -> 95 -> 31 -> 40 -> 36 -> 27 -> 32 -> 100 -> 47 -> 80 -> 37 -> 42 -> 18 -> 38 -> 92 -> 34 -> 37 -> 97 -> 18 -> 34 -> 49 -> 22 -> 23 -> 60 -> 41 -> 47 -> 92 -> 43 -> 63 -> 44 -> 49 -> 44 -> 7 -> 15 -> 81 -> 3 -> 13 -> 2 -> 7 -> 15 -> 81 -> 3 -> 11 -> 4 -> 8 -> 14 -> 57 -> 11 -> 21 -> 81 -> 3 -> 22 -> 19 -> 36 -> 27 -> 98 -> 29 -> 36 -> 98 -> 9 -> 18 -> 34 -> 19 -> 38 -> 22 -> 98 -> 20 -> 27 -> 76 -> 26 -> 41 -> 93 -> 16 -> 30 -> 94 -> 10 -> 15 -> 0 -> 5 -> 10 -> 7 -> 28 -> 47 -> 27 -> 31 -> 96 -> 9 -> 18 -> 34 -> 25 -> 29 -> 16 -> 65 -> 5 -> 17 -> 21 -> 59 -> 43 -> 44 -> 53 -> 34 -> 41 -> 93 -> 8 -> 10 -> 76 -> 14 -> 22 -> 25 -> 24 -> 29 -> 59 -> 36 -> 43 -> 76 -> 6 -> 8 -> 84 -> 0 -> 2 -> 26 -> 24 -> 32 -> 28 -> 29 -> 32 -> 37 -> 15 -> 19 -> 66 -> 42 -> 47 -> 95 -> 17 -> 29 -> 89 -> 33 -> 48 -> 6 -> 42 -> 43 -> 72 -> 11 -> 12 -> 61 -> 35 -> 37 -> 57 -> 9 -> 21 -> 91 -> 9 -> 12 -> 20 -> 37 -> 40 -> 89 -> 19 -> 42 -> 12 -> 27 -> 34 -> 48 -> 8 -> 13 -> 77 -> 35 -> 40 -> 31 -> 17 -> 21 -> 47 -> 35 -> 38 -> 83 -> 11 -> 37 -> 56 -> 0 -> 25 -> 18 -> 23 -> 49 -> 11","1442"
"2639","0 -> 2 -> 13 -> 4 -> 9 -> 16 -> 20 -> 26 -> 35 -> 40 -> 44 -> 47 -> 48 -> 49
No path found","1508"
"2640","0 -> 3 -> 14 -> 22 -> 38 -> 46 -> 48 -> 49
No path found","2432"
"2641","0 -> 7 -> 90 -> 3 -> 25 -> 41 -> 68 -> 49 
No path found","2162"
"2642","0 -> 13 -> 0 
0 -> 14 -> 2 
0 -> 5 -> 6 
0 -> 8 -> 28 
0 -> 31 -> 26 
0 -> 20 -> 74 
0 -> 17 -> 96 
0 -> 8 -> 28","2366"
"2643","0 -> 3 -> 7 -> 11 -> 32 -> 38 -> 49 
No path found","2342"
"2644","0 -> 7 -> 11 -> 20 -> 9 -> 28 -> 12 -> 14 -> 5 -> 17 -> 15 -> 46 -> 47 -> 49 
No path found","2330"
"2645","0 -> 8 -> 11 -> 21 -> 36 -> 15 -> 19 -> 36 -> 15 -> 16 -> 23 -> 34 -> 1 -> 6 -> 7 -> 68 -> 12 -> 26 -> 14 -> 19 -> 1 -> 30 -> 38 -> 72 -> 42 -> 73 -> 0
No path found","2396"
"2646","0 -> 3 -> 22 -> 26 -> 54 -> 27 -> 40 -> 36 -> 90 -> 49
No path found","2258"
"2647","0 -> 7 -> 9 -> 10 -> 11 -> 25 -> 41 -> 49 
No path found","2168"
"2648","0 -> 2 -> 11 -> 20 -> 83 -> 9 -> 63 -> 7 -> 5 -> 22 -> 44 -> 13 -> 27 -> 95 -> 23 -> 27 -> 92 -> 16 -> 23 -> 22 -> 26 -> 38 -> 5 -> 33 -> 34 -> 21 -> 2 -> 23 -> 93 -> 17 -> 21 -> 92 -> 40 -> 44 -> 44 -> 35 -> 37 -> 22 -> 12 -> 19 -> 52 -> 18 -> 28 -> 44 -> 16 -> 15 -> 40 -> 51 -> 15 -> 22 -> 25 -> 0 -> 10 -> 32 -> 1 -> 8 -> 45 -> 40 -> 43 -> 75 -> 6 -> 9 -> 92 -> 25 -> 29 -> 7 -> 21 -> 32 -> 100 -> 34 -> 44 -> 25 -> 0 -> 8 -> 65 -> 30 -> 42 -> 43 -> 39 -> 40 -> 54 -> 27 -> 41 -> 49 -> 33 -> 35 -> 65 -> 6 -> 29 -> 67 -> 10 -> 27 -> 26 -> 2 -> 14 -> 21 -> 43 -> 44 -> 35 -> 4 -> 31 -> 31 -> 40 -> 45 -> 42 -> 23 -> 26 -> 98 -> 16 -> 18 -> 56 -> 1 -> 10 -> 79 -> 7 -> 23 -> 17 -> 37 -> 41 -> 9","2264"
"2649","0 -> 25 -> 36 -> 40 -> 41 -> 43 -> 49
No path found","2258"
"2650","0 -> 2 -> 57 -> 18 -> 31 -> 80 -> 33 -> 40 -> 54 -> 17 -> 46 -> 41 -> 14 -> 21 -> 37 -> 34 -> 57 -> 4 -> 12 -> 62 -> 28 -> 36 -> 44 -> 27 -> 49 -> 46 -> 86 -> 10 -> 13 -> 22 -> 12 -> 45 -> 64 -> 34 -> 35 -> 55 -> 13 -> 23 -> 80 -> 7 -> 14 -> 14 -> 28 -> 44 -> 31 -> 45 -> 48 -> 86 -> 12 -> 17 -> 81 -> 42 -> 45 -> 5 -> 23 -> 36 -> 1 -> 29 -> 35 -> 36 -> 80 -> 10 -> 12 -> 83 -> 9 -> 23 -> 63 -> 30 -> 40 -> 65 -> 30 -> 45 -> 23 -> 17 -> 26 -> 82 -> 37 -> 39 -> 78 -> 16 -> 26 -> 51 -> 26 -> 28 -> 34 -> 11 -> 19 -> 91 -> 24 -> 26 -> 91 -> 31 -> 39 -> 99 -> 15 -> 21 -> 87 -> 23 -> 28 -> 66 -> 2 -> 15 -> 85 -> 8 -> 21 -> 67 -> 10 -> 20 -> 80 -> 41 -> 46 -> 34 -> 37 -> 0 -> 3 -> 7 -> 11 -> 12 -> 84 -> 14 -> 16 -> 23 -> 5 -> 11 -> 43 -> 30 -> 36 -> 44 -> 19 -> 22 -> 60 -> 11 -> 27 -> 85 -> 36 -> 46 -> 85 -> 6 -> 17 -> 73 -> 18 -> 33 -> 89 -> 18 -> 37 -> 100 -> 4 -> 5 -> 97 -> 26 -> 31 -> 6 -> 45 -> 47 -> 9 -> 7 -> 18 -> 72 -> 6 -> 28 -> 59 -> 23 -> 38 -> 82 -> 22 -> 23 -> 48 -> 38 -> 48 -> 33 -> 17 -> 25 -> 21 -> 13 -> 17 -> 91 -> 40 -> 49 -> 12 -> 16 -> 50 -> 3 -> 6 -> 46 -> 8 -> 14 -> 34 -> 20 -> 36 -> 52 -> 17 -> 29 -> 39 -> 37 -> 41 -> 37 -> 35 -> 44 -> 69 -> 10 -> 14 -> 64 -> 14 -> 28 -> 33 -> 2 -> 4 -> 97 -> 15 -> 31 -> 68 -> 1 -> 30 -> 87 -> 4 -> 6 -> 51 -> 20 -> 32 -> 52 -> 1 -> 8 -> 64 -> 16 -> 23 -> 19 -> 22 -> 38 -> 14 -> 18 -> 20 -> 47 -> 48 -> 10 -> 40 -> 49 -> 12 -> 16 -> 50 -> 3 -> 6 -> 46 -> 8 -> 14 -> 34 -> 20 -> 36 -> 52 -> 17 -> 29 -> 39 -> 37 -> 41 -> 27 -> 29 -> 23 -> 58 -> 41 -> 49 -> 69 -> 19 -> 20 -> 78 -> 7 -> 17 -> 82 -> 3 -> 23 -> 90 -> 4 -> 15 -> 48 -> 41 -> 42 -> 19 -> 1 -> 6 -> 74 -> 30 -> 47 -> 29 -> 8 -> 27 -> 11 -> 1 -> 13 -> 58 -> 12 -> 13 -> 54 -> 36 -> 48 -> 31 -> 36 -> 44 -> 66 -> 10 -> 16 -> 73 -> 12 -> 21 -> 89 -> 5 -> 6 -> 12 -> 18 -> 19 -> 22 -> 24 -> 32 -> 18 -> 43 -> 45 -> 49 -> 13 -> 14 -> 6 -> 27 -> 38 -> 31 -> 40 -> 47 -> 46 -> 86 -> 40 -> 45 -> 64 -> 25 -> 49 -> 22 -> 34 -> 39 -> 65 -> 13 -> 27 -> 36 -> 21 -> 30 -> 86 -> 29 -> 38 -> 41 -> 18 -> 28 -> 17 -> 16 -> 29 -> 16 -> 15 -> 18 -> 40 -> 41 -> 28 -> 47 -> 43 -> 1 -> 9 -> 23 -> 62 -> 0 -> 14 -> 2 -> 32 -> 48 -> 1 -> 33 -> 46 -> 54 -> 21 -> 44 -> 30 -> 38 -> 98 -> 32 -> 34 -> 79 -> 11 -> 24 -> 13 -> 18 -> 26 -> 3 -> 17 -> 17 -> 3 -> 35 -> 6 -> 42 -> 46 -> 8 -> 14 -> 24 -> 79 -> 21 -> 32 -> 62 -> 3 -> 4 -> 22 -> 13 -> 16 -> 58 -> 24 -> 39 -> 4 -> 2 -> 39 -> 70 -> 11 -> 13 -> 78 -> 38 -> 47 -> 60 -> 7 -> 23 -> 10 -> 21 -> 28 -> 80 -> 9 -> 22 -> 89 -> 43 -> 46 -> 30 -> 3 -> 25 -> 38 -> 23 -> 30 -> 95 -> 5 -> 23 -> 21 -> 27 -> 43 -> 84 -> 19 -> 36 -> 1 -> 39 -> 41 -> 51 -> 20 -> 29 -> 14 -> 19 -> 21 -> 45 -> 0 -> 15 -> 31 -> 35 -> 46 -> 2 -> 12 -> 15 -> 65 -> 37 -> 43 -> 67 -> 0 -> 1 -> 46 -> 2 -> 11 -> 2","3530"
"2651","0 -> 9 -> 22 -> 24 -> 41 -> 49
No path found","3608"
"2652","0 -> 25 -> 34 -> 98
No path found","3542"
"2653","0 -> 15 -> 28 -> 7 -> 8 -> 16 -> 4 -> 32 -> 41 -> 31 -> 49 
No path found","3530"
"2654","0 -> 3 -> 28 -> 21 -> 27 -> 30 -> 94 -> 45 -> 73 -> 49 
No path found","3686"
"2655","0 -> 10 -> 8 -> 11 -> 13 -> 41 -> 31 -> 44 -> 40 -> 45 -> 49
No path found","3644"
"2656","0 -> 19 -> 30 -> 38 -> 41 -> 44 -> 48 -> 49","3554"
"2657","0 -> 5 -> 30 -> 74 -> 74 -> 36 -> 45 -> 49 
No path found","3470"
"2658","0 -> 4 -> 5 -> 9 -> 23 -> 11 -> 14 -> 10 -> 33 -> 47 -> 49","3572"
"2659","0 -> 3 -> 8 -> 70 -> 32 -> 21 -> 30 -> 2 -> 41 -> 49 
No path found","3518"
"2660","0 -> 15 -> 22 -> 31 -> 43 -> 36 -> 41 -> 49 
or 
No path found","368"
"2661","0 -> 14 -> 33 -> 40 -> 46 -> 49 
No path found","320"
"2662","0 -> 8 -> 9 -> 22 -> 16 -> 15 -> 5 -> 31 -> 32 -> 43 -> 49","326"
"2663","0 -> 4 -> 3 -> 10 -> 12 -> 36 -> 42 -> 44 -> 47 -> 48 -> 49 
or 
No path found","404"
"2664","0 -> 7 -> 5 -> 7 -> 34 -> 41 -> 30 -> 24 -> 39 -> 46 -> 49 
or 
0 -> 7 -> 5 -> 7 -> 34 -> 40 -> 38 -> 22 -> 27 -> 42 -> 47 -> 49","314"
"2665","0 -> 4 -> 5 -> 7 -> 43 -> 26 -> 46 -> 39 -> 48 -> 49 
or 
No path found","338"
"2666","0 -> 1 -> 18 -> 2 -> 46 -> 41 -> 49 
No path found","326"
"2667","0 -> 7 -> 11 -> 5 -> 14 -> 6 -> 26 -> 9 -> 13 -> 18 -> 34 -> 27 -> 30 -> 40 -> 25 -> 42 -> 47 -> 48 -> 39 -> 43 -> 38 -> 37 -> 20 -> 27 -> 10 -> 20 -> 42 -> 7 -> 11 -> 16 -> 5 -> 18 -> 48 -> 66","332"
"2668","0 -> 1 -> 5 -> 7 -> 3 -> 45 -> 48 -> 49 
or 
No path found","332"
"2669","0 -> 10 -> 21 -> 33 -> 46 -> 49 
No path found","374"
"2670","0 -> 1 -> 4 -> 5 -> 7 -> 14 -> 15 -> 23 -> 25 -> 38 -> 41 -> 36 -> 41 -> 49 
or 'No path found'","530"
"2671","0 -> 2 -> 21 -> 17 -> 36 -> 11 -> 28 -> 32 -> 37 -> 42 -> 47 -> 40 -> 36 -> 49 
No path found","488"
"2672","0 -> 7 -> 11 -> 3 -> 32 -> 41 -> 39 -> 40 -> 49 
No path found","542"
"2673","0 -> 22 -> 0 
No path found","494"
"2674","0 -> 4 -> 15 -> 17 -> 22 -> 23 -> 42 -> 34 -> 37 -> 43 -> 44 -> 47 -> 49 
No path found","476"
"2675","0 -> 4 -> 6 -> 9 -> 13 -> 26 -> 41 -> 47 -> 46 -> 44 -> 40 -> 43 -> 48 -> 49 
No path found","488"
"2676","0 -> 4 -> 6 -> 3 -> 25 -> 34 -> 43 -> 28 -> 48 -> 49 
or 
No path found","482"
"2677","0 -> 21 -> 35 -> 10 -> 7 -> 22 -> 20 -> 45 -> 17 -> 26 -> 44 -> 45 -> 23 -> 15 -> 12 -> 22 -> 27 -> 24 -> 26 -> 33 -> 25 -> 33 -> 39 -> 21 -> 39 -> 34 -> 41 -> 37 -> 42 -> 32 -> 40 -> 47 -> 18 -> 46 -> 23 -> 48 -> 29 -> 38 -> 22 -> 49","476"
"2678","0 -> 10 -> 32 -> 38 -> 49 
No path found","512"
"2679","0 -> 10 -> 36 -> 14 -> 21 -> 20 -> 17 -> 19 -> 55 -> 4 -> 32 -> 37 -> 28 -> 41 -> 47 -> 12 -> 27 -> 48 -> 33 -> 39 -> 44 -> 23 -> 13 -> 1 -> 30 -> 41 -> 30 -> 32 -> 10 -> 39 -> 20 -> 3 -> 4 -> 18 -> 2 -> 19 -> 21 -> 45 -> 49 -> 72","482"
"2680","0 -> 6 -> 8 -> 11 -> 19 -> 32 -> 38 -> 46 -> 47 -> 49 
No path found","644"
"2681","0 -> 3 -> 6 -> 38 -> 43 -> 49 
No path found","608"
"2682","0 -> 4 -> 22 -> 36 -> 41 -> 37 -> 48 -> 49 
No path found","530"
"2683","0 -> 1 -> 5 -> 6 -> 7 -> 19 -> 20 -> 36 -> 43 -> 49 
No path found","632"
"2684","0 -> 15 -> 35 -> 49 
No path found","668"
"2685","0 -> 1 -> 2 -> 15 -> 16 -> 20 -> 25 -> 27 -> 28 -> 26 -> 12 -> 27 -> 49 
No path found","596"
"2686","0 -> 4 -> 12 -> 41 -> 23 -> 37 -> 50
No path found","626"
"2687","0 -> 20 -> 1 -> 0 -> 29 -> 39 -> 49 
No path found","614"
"2688","0 -> 14 -> 20 -> 10 -> 13 -> 14 -> 18 -> 37 -> 38 -> 49 
No path found","638"
"2689","0 -> 9 -> 10 -> 17 -> 20 -> 15 -> 34 -> 42 -> 41 -> 38 -> 46 -> 47 -> 49 
No path found","548"
"2690","0 -> 9 -> 20 -> 30 -> 48 -> 49 
No path found","1040"
"2691","0 -> 2 -> 8 -> 11 -> 37 -> 38 -> 40 -> 49
No path found","800"
"2692","0 -> 21 -> 0 
No path found","914"
"2693","0 -> 18 -> 2 -> 17 -> 14 -> 17 -> 49 -> 33 -> 43 -> 23 -> 31 -> 62 -> 8 -> 36 -> 55 -> 39 -> 36 -> 38 -> 44 -> 64 -> 42 -> 49","872"
"2694","0 -> 3 -> 20 -> 6 -> 17 -> 6 -> 23 -> 29 -> 23 -> 31 -> 38 -> 48 -> 49","932"
"2695","0 -> 3 -> 8 -> 21 -> 45 -> 56 -> 29 -> 38 -> 2 -> 17 -> 31 -> 16 -> 48 -> 49 
No path found","962"
"2696","0 -> 27 -> 39 -> 38 -> 49 
No path found","878"
"2697","0 -> 7 -> 26 -> 27 -> 38 -> 47 -> 49 
No path found","884"
"2698","0 -> 4 -> 29 -> 18 -> 43 -> 39 -> 46 -> 47 -> 49","848"
"2699","0 -> 17 -> 38 -> 49 
No path found","1004"
"2700","0 -> 4 -> 15 -> 33 -> 49
No path found","1304"
"2701","0 -> 27 -> 52 -> 0
5 -> 16 -> 71 -> 2 -> 23 -> 38 -> 42 -> 31 -> 46 -> 68 -> 49
No path found","1172"
"2702","0 -> 7 -> 11 -> 47 -> 49 
No path found","1346"
"2703","0 -> 15 -> 73 -> 14 -> 23 -> 67 -> 14 -> 30 -> 37 -> 41 -> 37 -> 81 -> 43 -> 2 -> 27 -> 34 -> 50 -> 16 -> 33 -> 38 -> 42 -> 80 -> 34 -> 42 -> 80 -> 27 -> 43 -> 2 -> 27 -> 15 -> 42 -> 67 -> 14 -> 23 -> 21 -> 37 -> 81 -> 43 -> 47 -> 11 -> 13 -> 81 -> 28 -> 34 -> 71 -> 19 -> 23 -> 49 -> 7 -> 14 -> 77 -> 2 -> 29 -> 22 -> 8 -> 47 -> 25 -> 21 -> 31 -> 54 -> 19 -> 26 -> 46 -> 13 -> 27 -> 40 -> 13 -> 33 -> 61 -> 23 -> 41 -> 0","1202"
"2704","0 -> 20 -> 24 -> 8 -> 21 -> 25 -> 3 -> 9 -> 14 -> 41 -> 49","1196"
"2705","0 -> 1 -> 6 -> 11 -> 55 -> 7 -> 17 -> 61 -> 29 -> 31 -> 11 -> 39 -> 84 -> 11 -> 19 -> 21 -> 10 -> 41 -> 12 -> 10 -> 34 -> 4 -> 43 -> 51 -> 3 -> 45 -> 54 -> 4 -> 17 -> 40 -> 32 -> 39 -> 65 -> 8 -> 13 -> 90 -> 2 -> 44 -> 78 -> 2 -> 47 -> 44 -> 17 -> 42 -> 5 -> 14 -> 73 -> 35 -> 48 -> 57 -> 0 -> 5 -> 14 -> 3 -> 13 -> 18 -> 32 -> 35 -> 51 -> 22 -> 27 -> 19 -> 12 -> 16 -> 44 -> 5 -> 14 -> 73 -> 46 -> 48 -> 95","1322"
"2706","0 -> 3 -> 11 -> 13 -> 16 -> 17 -> 14 -> 27 -> 42 -> 47 -> 49
No path found","1280"
"2707","0 -> 3 -> 18 -> 46 -> 45 -> 58 -> 15 -> 32 -> 37 -> 42 -> 13 -> 17 -> 27 -> 38 -> 47 -> 49
No path found","1352"
"2708","0 -> 7 -> 30 -> 65 -> 9 -> 18 -> 43 -> 17 -> 26 -> 0 
No path found","1334"
"2709","0 -> 1 -> 11 -> 38 -> 47 -> 49 
No path found","1304"
"2710","0 -> 4 -> 9 -> 96 -> 13 -> 19 -> 43 -> 85 -> 34 -> 21 -> 34 -> 85 -> 13 -> 15 -> 27 -> 44 -> 81 -> 14 -> 32 -> 81 -> 14 -> 29 -> 27 -> 22 -> 69 -> 31 -> 42 -> 69 -> 31 -> 39 -> 22 -> 64 -> 43 -> 49 -> 49 -> 21 -> 35 -> 67 -> 7 -> 20 -> 88 -> 1 -> 37 -> 66 -> 7 -> 15 -> 33 -> 8 -> 32 -> 16 -> 8 -> 32 -> 26 -> 31 -> 48 -> 70 -> 17 -> 35 -> 90 -> 42 -> 43 -> 43 -> 21 -> 35 -> 67 -> 7 -> 20 -> 88 -> 1 -> 37 -> 66 -> 7 -> 15 -> 33 -> 8 -> 32 -> 16 -> 8 -> 32 -> 26 -> 31 -> 48 -> 70 -> 17 -> 35 -> 90 -> 42 -> 43 -> 43 -> 21 -> 35 -> 67 -> 7 -> 20 -> 88 -> 1 -> 37 -> 66 -> 7 -> 15 -> 33 -> 8 -> 32 -> 16 -> 8 -> 32 -> 26 -> 31 -> 48 -> 70 -> 17 -> 35 -> 90 -> 42 -> 43 -> 43 -> 21 -> 35 -> 67 -> 7 -> 20 -> 88 -> 1 -> 37 -> 66","2138"
"2711","0 -> 3 -> 6 -> 10 -> 14 -> 17 -> 20 -> 21 -> 22 -> 23 -> 24 -> 25 -> 26 -> 27 -> 28 -> 29 -> 30 -> 31 -> 32 -> 33 -> 34 -> 35 -> 36 -> 37 -> 38 -> 39 -> 40 -> 41 -> 42 -> 43 -> 44 -> 45 -> 46 -> 47 -> 48 -> 49","2126"
"2712","0 -> 12 -> 41 -> 44 -> 13 -> 28 -> 16 -> 15 -> 22 -> 28 -> 21 -> 38 -> 34 -> 25 -> 38 -> 29 -> 44 -> 10 -> 32 -> 43 -> 11 -> 49 -> 64","1970"
"2713","0 -> 4 -> 20 -> 27 -> 21 -> 38 -> 39 -> 48 -> 49 
No path found","1916"
"2714","0 -> 8 -> 3 -> 28 -> 48 -> 7 -> 28 -> 77 -> 27 -> 39 -> 7 -> 8 -> 18 -> 87 -> 10 -> 19 -> 1 -> 17 -> 47 -> 4 -> 44 -> 48 -> 25 -> 21 -> 35 -> 24 -> 17 -> 47 -> 83 -> 31 -> 38 -> 94 -> 6 -> 11 -> 80 -> 7 -> 43 -> 7 -> 21 -> 27 -> 95 -> 0 -> 14 -> 75 -> 27 -> 37 -> 81","1988"
"2715","0 -> 26 -> 37 -> 45 -> 49 
No path found","1988"
"2716","0 -> 36 -> 56 -> 8 -> 9 -> 14 -> 7 -> 8 -> 35 -> 14 -> 24 -> 41 -> 59 -> 48 -> 49 -> 48 -> 39 -> 42 -> 49 -> 74 -> 43 -> 44 -> 59 -> 0","1886"
"2717","0 -> 3 -> 8 -> 19 -> 8 -> 37 -> 0 
0 -> 5 -> 25 -> 0 -> 4 -> 2 -> 39 -> 31 
0 -> 21 -> 47 -> 33 -> 42 -> 85 
0 -> 18 -> 93 -> 35 -> 42 -> 93 
No path found","1838"
"2718","0 -> 6 -> 12 -> 7 -> 15 -> 36 -> 44 -> 48 -> 49","2036"
"2719","0 -> 36 -> 46 -> 6 -> 14 -> 31 -> 25 -> 12 -> 36 -> 25 -> 40 -> 44 -> 4 -> 21 -> 33 -> 45 -> 44 -> 93 -> 49 -> 41 -> 75 -> 47 -> 41 -> 59 -> 46 -> 49 -> 41","2174"
"2720","0 -> 17 -> 22 -> 31 -> 35 -> 13 -> 24 -> 8 -> 12 -> 34 -> 42 -> 8 -> 37 -> 43 -> 8 -> 15 -> 37 -> 18 -> 26 -> 49 -> 9 -> 46 -> 13","3080"
"2721","0 -> 2 -> 13 -> 22 -> 33 -> 35 -> 43 -> 49 
No path found","3080"
"2722","0 -> 39 -> 60 -> No path found","3086"
"2723","0 -> 4 -> 47 -> 18 -> 41 -> 48 -> 18 -> 38 -> 43 -> 47 -> 14 -> 28 -> 14 -> 7 -> 29 -> 38 -> 34 -> 19 -> 34 -> 52 -> 38 -> 43 -> 85 -> 21 -> 23 -> 20 -> 11 -> 33 -> 64 -> 15 -> 30 -> 6 -> 22 -> 24 -> 60 -> 20 -> 21 -> 62 -> 8 -> 24 -> 50 -> 0 -> 6 -> 71 -> 11 -> 17 -> 16 -> 28 -> 31 -> 49 -> 10 -> 17 -> 39 -> 44 -> 47 -> 14 -> 14 -> 7 -> 29 -> 29 -> 1 -> 22 -> 86 -> 18 -> 26 -> 96 -> 33 -> 47 -> 29 -> 10 -> 13 -> 88 -> 21 -> 27 -> 79 -> 2 -> 28 -> 13 -> 25 -> 34 -> 44 -> 20 -> 49 -> 94 -> 2 -> 31 -> 48 -> 19 -> 44 -> 50 -> 12 -> 28 -> 75 -> 13 -> 20 -> 14 -> 2 -> 10 -> 65 -> 26 -> 40 -> 86 -> 10 -> 29 -> 20 -> 27 -> 41 -> 79 -> 1 -> 23 -> 57 -> 2 -> 22 -> 95 -> 21 -> 32 -> 35 -> 3 -> 16 -> 77 -> 15 -> 22 -> 38 -> 15 -> 23 -> 60 -> 22 -> 23 -> 47 -> 29 -> 41 -> 49 -> 12 -> 19 -> 65 -> 28 -> 43 -> 0 -> 32 -> 48 -> 97 -> 35 -> 47 -> 11 -> 18 -> 39 -> 26 -> 35 -> 4 -> 12 -> 26 -> 47 -> 8 -> 12 -> 44 -> 12 -> 16 -> 63 -> 3 -> 4 -> 7 -> 42 -> 47 -> 82 -> 32 -> 49 -> 15 -> 30 -> 38 -> 96 -> 7 -> 17 -> 52 -> 8 -> 28 -> 61 -> 18 -> 29 -> 57 -> 10 -> 21 -> 20 -> 16 -> 25 -> 73 -> 28 -> 33 -> 12 -> 31 -> 98 -> 4 -> 17 -> 61 -> 7 -> 20 -> 43 -> 5 -> 6 -> 19 -> 36 -> 37 -> 96 -> 2 -> 35 -> 75 -> 6 -> 14 -> 37 -> 17 -> 20 -> 50 -> 35 -> 36 -> 55 -> 28 -> 39 -> 2 -> 4 -> 9 -> 42 -> 2 -> 21 -> 39 -> 12 -> 24 -> 37 -> 9 -> 37 -> 2 -> 26 -> 49 -> 9 -> 12 -> 14 -> 13 -> 0 -> 13 -> 77 -> 19 -> 35 -> 13 -> 24 -> 45 -> 19 -> 21 -> 96 -> 24 -> 29 -> 60 -> 20 -> 21 -> 62 -> 8 -> 24 -> 50 -> 0 -> 6 -> 71 -> 11 -> 17 -> 16 -> 28 -> 31 -> 49 -> 10 -> 17 -> 39 -> 44 -> 47 -> 14 -> 14 -> 7 -> 29 -> 29 -> 1 -> 22 -> 86 -> 18 -> 26 -> 96 -> 33 -> 47 -> 29 -> 10 -> 13 -> 88 -> 21 -> 27 -> 79 -> 2 -> 28 -> 13 -> 25 -> 34 -> 44 -> 20 -> 49 -> 94 -> 2 -> 31 -> 48 -> 19 -> 44 -> 50 -> 12 -> 28 -> 75 -> 13 -> 20 -> 14 -> 2 -> 10 -> 65 -> 26 -> 40 -> 86 -> 10 -> 29 -> 20 -> 27 -> 41 -> 79 -> 1 -> 23 -> 57 -> 2 -> 22 -> 95 -> 21 -> 32 -> 35 -> 3 -> 16 -> 77 -> 15 -> 22 -> 38 -> 15 -> 23 -> 60 -> 22 -> 23 -> 47 -> 29 -> 41 -> 49 -> 12 -> 19 -> 65 -> 28 -> 43 -> 0 -> 32 -> 48 -> 97 -> 35 -> 47 -> 11 -> 18 -> 39 -> 26 -> 35 -> 4 -> 12 -> 26 -> 47 -> 8 -> 12 -> 44 -> 12 -> 16 -> 63 -> 3 -> 4 -> 7 -> 42 -> 47 -> 82 -> 32 -> 49 -> 15 -> 30 -> 38 -> 96 -> 7 -> 17 -> 52 -> 8 -> 28 -> 61 -> 18 -> 29 -> 57 -> 10 -> 21 -> 20 -> 16 -> 25 -> 73 -> 28 -> 33 -> 12 -> 31 -> 98 -> 4 -> 17 -> 61 -> 7 -> 20 -> 43 -> 5 -> 6 -> 19 -> 36 -> 37 -> 96 -> 2 -> 35 -> 75 -> 6 -> 14 -> 37 -> 17 -> 20 -> 50 -> 35 -> 36 -> 55 -> 28 -> 39 -> 2 -> 4 -> 9 -> 42 -> 2 -> 21 -> 39 -> 12 -> 24 -> 37 -> 9 -> 37 -> 2 -> 26 -> 49 -> 9 -> 12 -> 14 -> 13 -> 0 -> 13 -> 77 -> 19 -> 35 -> 13 -> 24 -> 45 -> 19 -> 21 -> 96 -> 24 -> 29 -> 60 -> 20 -> 21 -> 62 -> 8 -> 24 -> 50 -> 0 -> 6 -> 71 -> 11 -> 17 -> 16 -> 28 -> 31 -> 49 -> 10 -> 17 -> 39 -> 44 -> 47 -> 14 -> 14 -> 7 -> 29 -> 29 -> 1 -> 22 -> 86 -> 18 -> 26 -> 96 -> 33 -> 47 -> 29 -> 10 -> 13 -> 88 -> 21 -> 27 -> 79 -> 2 -> 28 -> 13 -> 25 -> 34 -> 44 -> 20 -> 49 -> 94 -> 2 -> 31 -> 48 -> 19 -> 44 -> 50 -> 12 -> 28 -> 75 -> 13 -> 20 -> 14 -> 2 -> 10 -> 65 -> 26 -> 40 -> 86 -> 10 -> 29 -> 20 -> 27 -> 41 -> 79 -> 1 -> 23 -> 57 -> 2 -> 22 -> 95 -> 21 -> 32 -> 35 -> 3 -> 16 -> 77 -> 15 -> 22 -> 38 -> 15 -> 23 -> 60 -> 22 -> 23 -> 47 -> 29 -> 41 -> 49 -> 12 -> 19 -> 65 -> 28 -> 43 -> 0 -> 32 -> 48 -> 97 -> 35 -> 47 -> 11 -> 18 -> 39 -> 26 -> 35 -> 4 -> 12 -> 26 -> 47 -> 8 -> 12 -> 44 -> 12 -> 16 -> 63 -> 3 -> 4 -> 7 -> 42 -> 47 -> 82 -> 32 -> 49 -> 15 -> 30 -> 38 -> 96 -> 7 -> 17 -> 52 -> 8 -> 28 -> 61 -> 18 -> 29 -> 57 -> 10 -> 21 -> 20 -> 16 -> 25 -> 73 -> 28 -> 33 -> 12 -> 31 -> 98 -> 4 -> 17 -> 61 -> 7 -> 20 -> 43 -> 5 -> 6 -> 19 -> 36 -> 37 -> 96 -> 2 -> 35 -> 75 -> 6 -> 14 -> 37 -> 17 -> 20 -> 50 -> 35 -> 36 -> 55 -> 28 -> 39 -> 2 -> 4 -> 9 -> 42 -> 2 -> 21 -> 39 -> 12 -> 24 -> 37 -> 9 -> 37 -> 2 -> 26 -> 49 -> 9 -> 12 -> 14 -> 13","3206"
"2724","0 -> 1 -> 2 -> 3 -> 6 -> 7 -> 8 -> 9 -> 10 -> 11 -> 12 -> 13 -> 14 -> 15 -> 16 -> 17 -> 18 -> 19 -> 20 -> 21 -> 22 -> 23 -> 24 -> 25 -> 26 -> 27 -> 28 -> 29 -> 30 -> 31 -> 32 -> 33 -> 34 -> 35 -> 36 -> 37 -> 38 -> 39 -> 40 -> 41 -> 42 -> 43 -> 44 -> 45 -> 46 -> 47 -> 48 -> 49","3014"
"2725","0 -> 7 -> 10 -> 16 -> 25 -> 31 -> 34 -> 58 -> 8 -> 36 -> 78 -> 14 -> 25 -> 0 
No path found","2936"
"2726","0 -> 1 -> 2 -> 3 -> 4 -> 5 -> 6 -> 7 -> 8 -> 9 -> 10 -> 11 -> 12 -> 13 -> 14 -> 15 -> 16 -> 17 -> 18 -> 19 -> 20 -> 21 -> 22 -> 23 -> 24 -> 25 -> 26 -> 27 -> 28 -> 29 -> 30 -> 31 -> 32 -> 33 -> 34 -> 35 -> 36 -> 37 -> 38 -> 39 -> 40 -> 41 -> 42 -> 43 -> 44 -> 45 -> 46 -> 47 -> 48 -> 49","3062"
"2727","0 -> 34 -> 20 -> 30 -> 49","3056"
"2728","0 -> 7 -> 42 -> 15 -> 41 -> 48 -> 73 -> 49","2990"
"2729","0 -> 1 -> 3 -> 7 -> 18 -> 33 -> 44 -> 4 -> 21 -> 34 -> 42 -> 45 -> 47 -> 48 -> 49","2972"
"2730","0 -> 11 -> 28 -> 9 -> 14 -> 1 -> 21 -> 38 -> 45 -> 48 -> 49 
or 'No path found'","302"
"2731","0 -> 1 -> 28 -> 6 -> 41 -> 42 -> 24 -> 42 -> 44 -> 20 -> 40 -> 25 -> 32 -> 25 -> 32 -> 44 -> 5 -> 33 -> 19 -> 36 -> 39 -> 47 -> 48 -> 35 -> 21 -> 25 -> 32 -> 13 -> 49","296"
"2732","0 -> 3 -> 38 -> 46 -> 49 
or 
0 -> 18 -> 19 -> 42 -> 43 -> 47 
or 
0 -> 11 -> 12 -> 41 -> 38 -> 46 -> 49 
or 
0 -> 2 -> 43 -> 47","308"
"2733","0 -> 8 -> 12 -> 16 -> 33 -> 46 -> 49","302"
"2734","0 -> 1 -> 5 -> 20 -> 36 -> 14 -> 22 -> 11 -> 10 -> 3 -> 15 -> 28 -> 34 -> 48 -> 49","326"
"2735","0 -> 5 -> 16 -> 40 -> 39 -> 34 -> 39 -> 27 -> 18 -> 8 -> 24 -> 35 -> 25 -> 5 -> 46 -> 48 -> 31 -> 49","302"
"2736","0 -> 4 -> 21 -> 17 -> 11 -> 18 -> 28 -> 35 -> 8 -> 33 -> 36 -> 27 -> 34 -> 49 
or 
No path found","284"
"2737","0 -> 5 -> 8 -> 6 -> 4 -> 14 -> 24 -> 35 -> 27 -> 25 -> 33 -> 19 -> 32 -> 21 -> 13 -> 5 -> 20 -> 39 -> 38 -> 42 -> 49","326"
"2738","0 -> 8 -> 11 -> 13 -> 24 -> 18 -> 29 -> 1 -> 25 -> 30 -> 16 -> 36 -> 38 -> 35 -> 39 -> 49","290"
"2739","0 -> 2 -> 12 -> 36 -> 38 -> 42 -> 49 
No path found","278"
"2740","0 -> 4 -> 12 -> 39 -> 22 -> 29 -> 41 -> 49 
or 
0 -> 4 -> 12 -> 39 -> 48 -> 47 -> 28 
or 
No path found","338"
"2741","0 -> 4 -> 16 -> 4 -> 43 -> 35 -> 43 -> 17 -> 45 -> 17 -> 34 -> 8 -> 34 -> 40 -> 49 
or 
No path found","500"
"2742","0 -> 14 -> 32 -> 40 -> 44 -> 48 -> 49 
No path found","434"
"2743","0 -> 8 -> 9 -> 13 -> 1 -> 33 -> 35 -> 19 -> 40 -> 12 -> 14 -> 30 -> 34 -> 36 -> 44 -> 24 -> 16 -> 22 -> 27 -> 14 -> 18 -> 2 -> 18 -> 2 -> 12 -> 15 -> 35 -> 32 -> 48 -> 34 -> 48 -> 49","392"
"2744","0 -> 8 -> 13 -> 1 -> 10 -> 5 -> 22 -> 45 -> 36 -> 46 -> 49","386"
"2745","0 -> 4 -> 17 -> 3 -> 10 -> 13 -> 40 -> 41 -> 20 -> 40 -> 34 -> 46 -> 48 -> 49 
No path found","488"
"2746","0 -> 12 -> 22 -> 23 -> 29 -> 42 -> 38 -> 45 -> 49 
or 
0 -> 36 -> 4 -> 49 
or 
No path found","380"
"2747","0 -> 1 -> 5 -> 26 -> 48 -> 49 
No path found","410"
"2748","0 -> 5 -> 2 -> 31 -> 43 -> 46 -> 49 
No path found","440"
"2749","0 -> 4 -> 6 -> 8 -> 9 -> 17 -> 22 -> 43 -> 62 -> 27 -> 37 -> 63 -> 46 -> 38 -> 24 -> 12 -> 28 -> 21 -> 25 -> 26 -> 7 -> 41 -> 13 -> 16 -> 19 -> 31 -> 15 -> 21 -> 43 -> 29 -> 34 -> 40 -> 34 -> 27 -> 30 -> 33 -> 14 -> 40 -> 42 -> 49","404"
"2750","0 -> 15 -> 30 -> 39 -> 39 -> 14 -> 33 -> 40 -> 39 -> 10 -> 23 -> 39 -> 19 -> 27 -> 8 -> 24 -> 27 -> 48 -> 46 -> 25 -> 48 -> 49","524"
"2751","0 -> 7 -> 13 -> 33 -> 34 -> 46 -> 49 
or 
0 -> 20 -> 37 -> 44 -> 47 -> 49 
or 
0 -> 18 -> 22 -> 29 -> 48 -> 49 
or 
0 -> 14 -> 20 -> 37 -> 44 -> 47 -> 49","476"
"2752","0 -> 3 -> 4 -> 9 -> 18 -> 35 -> 44 -> 36 -> 42 -> 37 -> 41 -> 49 
No path found","536"
"2753","0 -> 7 -> 50 -> 36 -> 41 -> 44 -> 32 -> 37 -> 43 -> 84 -> 37 -> 41 -> 6 -> 7 -> 60 -> 10 -> 27 -> 35 -> 59 -> 27 -> 8 -> 23 -> 100 -> 1 -> 4 -> 84 -> 22 -> 40 -> 3 -> 13 -> 17 -> 26 -> 43 -> 54 -> 11 -> 25 -> 58 -> 19 -> 29 -> 23 -> 33 -> 48 -> 27 -> 49 -> 39 -> 51 -> 30 -> 39 -> 78 -> 36 -> 41 -> 100 -> 27 -> 10 -> 28 -> 84","524"
"2754","0 -> 4 -> 3 -> 6 -> 10 -> 22 -> 33 -> 44 -> 43 -> 48 -> 49 
No path found","494"
"2755","0 -> 1 -> 3 -> 43 -> 47 -> 48 -> 49 
No path found","602"
"2756","0 -> 4 -> 10 -> 5 -> 18 -> 47 -> 60 -> 31 -> 49 
No path found","578"
"2757","0 -> 2 -> 16 -> 4 -> 2 -> 13 -> 14 -> 32 -> 43 -> 44 -> 46 -> 32 -> 46 -> 34 -> 30 -> 34 -> 85 -> 33 -> 36 -> 83 -> 48 -> 49","524"
"2758","0 -> 3 -> 6 -> 18 -> 35 -> 37 -> 41 -> 49 
No path found","554"
"2759","0 -> 7 -> 31 -> 43 -> 25 -> 43 -> 38 -> 44 -> 48 -> 49 
No path found","548"
"2760","0 -> 1 -> 2 -> 3 -> 4 -> 5 -> 6 -> 7 -> 8 -> 9 -> 10 -> 11 -> 12 -> 13 -> 14 -> 15 -> 16 -> 17 -> 18 -> 19 -> 20 -> 21 -> 22 -> 23 -> 24 -> 25 -> 26 -> 27 -> 28 -> 29 -> 30 -> 31 -> 32 -> 33 -> 34 -> 35 -> 36 -> 37 -> 38 -> 39 -> 40 -> 41 -> 42 -> 43 -> 44 -> 45 -> 46 -> 47 -> 48 -> 49","716"
"2761","0 -> 19 -> 2 -> 24 -> 38 -> 27 -> 49
No path found","614"
"2762","0 -> 25 -> 32 -> 45 -> 22 -> 26 -> 44 -> 7 -> 44 -> 23 -> 33 -> 17 -> 46 -> 27 -> 32 -> 15 -> 41 -> 4 -> 41 -> 14 -> 26 -> 7 -> 48 -> 60 -> 0 -> 20 -> 83 -> 25 -> 44 -> 10 -> 18 -> 42 -> 93 -> 6 -> 20 -> 15 -> 37 -> 48 -> 30 -> 25 -> 31 -> 62 -> 28 -> 48 -> 16 -> 4 -> 35 -> 91 -> 7 -> 12 -> 58 -> 7 -> 24 -> 78 -> 1 -> 23 -> 30 -> 31 -> 42 -> 73 -> 16 -> 47 -> 30 -> 3 -> 11 -> 29 -> 7 -> 32 -> 79 -> 12 -> 48 -> 89 -> 18 -> 28 -> 72 -> 3 -> 8 -> 69 -> 22 -> 31 -> 7 -> 17 -> 18 -> 86 -> 17 -> 41 -> 76 -> 22 -> 29 -> 88 -> 20 -> 21 -> 52 -> 29 -> 34 -> 87 -> 27 -> 37 -> 11 -> 47 -> 71 -> 16 -> 38 -> 4 -> 40 -> 46 -> 66 -> 22 -> 46 -> 25 -> 7 -> 28 -> 54 -> 12 -> 26 -> 85 -> 28 -> 34 -> 66 -> 6 -> 8 -> 63 -> 11 -> 18 -> 99 -> 14 -> 25 -> 11 -> 27 -> 28 -> 10 -> 27 -> 29 -> 45 -> 0","758"
"2763","0 -> 1 -> 8 -> 9 -> 10 -> 16 -> 17 -> 14 -> 30 -> 4 -> 28 -> 39 -> 45 -> 47 -> 43 -> 36 -> 23 -> 31 -> 41 -> 49
'No path found'","686"
"2764","0 -> 5 -> 9 -> 3 -> 22 -> 36 -> 23 -> 26 -> 34 -> 25 -> 37 -> 33 -> 41 -> 45 -> 46 -> 44 -> 48 -> 49
'No path found'","716"
"2765","0 -> 27 -> 22 -> 42 -> 33 -> 26 -> 28 -> 3 -> 31 -> 14 -> 17 -> 14 -> 15 -> 4 -> 8 -> 42 -> 24 -> 32 -> 33 -> 63 -> 42 -> 13 -> 35 -> 58 -> 42 -> 13 -> 35 -> 58 -> 49 -> 48 -> 74 -> 30 -> 49 -> 100","776"
"2766","0 -> 6 -> 43 -> 36 -> 34 -> 15 -> 20 -> 38 -> 41 -> 45 -> 47 -> 8 -> 13 -> 23 -> 26 -> 39 -> 42 -> 45 -> 67 -> 19 -> 21 -> 46 -> 18 -> 22 -> 39 -> 30 -> 38 -> 31 -> 32 -> 98 -> 29 -> 37 -> 73 -> 9 -> 39 -> 62 -> 16 -> 45 -> 0 -> 17 -> 67 -> 5 -> 35 -> 70 -> 6 -> 34 -> 14 -> 3 -> 41 -> 15 -> 6 -> 83 -> 25 -> 43 -> 58 -> 23 -> 31 -> 14 -> 5 -> 34 -> 58 -> 25 -> 48 -> 32 -> 16 -> 22 -> 23 -> 10 -> 15 -> 52 -> 33 -> 42 -> 91 -> 17 -> 43 -> 80 -> 25 -> 36 -> 96 -> 33 -> 40 -> 45 -> 29 -> 45 -> 8 -> 47 -> 62","788"
"2767","0 -> 13 -> 20 -> 0
No path found","782"
"2768","0 -> 7 -> 18 -> 11 -> 5 -> 14 -> 28 -> 13 -> 47 -> 48 -> 49 
No path found","674"
"2769","0 -> 4 -> 18 -> 4 -> 5 -> 6 -> 14 -> 33 -> 44 -> 45 -> 39 -> 40 -> 43 -> 46 -> 41 -> 38 -> 32 -> 25 -> 37 -> 30 -> 34 -> 42 -> 23 -> 24 -> 31 -> 27 -> 28 -> 47 -> 48 -> 49","716"
"2770","0 -> 3 -> 20 -> 13 -> 26 -> 23 -> 41 -> 47 -> 49 
No path found","1064"
"2771","0 -> 14 -> 19 -> 37 -> 51 -> 26 -> 32 -> 12 -> 36 -> 20 -> 35 -> 91 -> 17 -> 19 -> 83 -> 7 -> 15 -> 99 -> 5 -> 8 -> 10 -> 29 -> 45 -> 99 -> 11 -> 14 -> 87 -> 1 -> 32 -> 46 -> 11 -> 29 -> 99 -> 9 -> 17 -> 96 -> 31 -> 41 -> 61 -> 19 -> 47 -> 60 -> 10 -> 29 -> 92 -> 11 -> 24 -> 46 -> 29 -> 35 -> 48 -> 3 -> 19 -> 67 -> 18 -> 20 -> 38 -> 30 -> 46 -> 92 -> 26 -> 44 -> 3 -> 8 -> 27 -> 57 -> 14 -> 27 -> 2 -> 11 -> 26 -> 22 -> 18 -> 24 -> 98 -> 10 -> 37 -> 18 -> 31 -> 72 -> 6 -> 39 -> 17 -> 35 -> 48 -> 42 -> 16 -> 25 -> 60 -> 23 -> 30 -> 34 -> 3 -> 19 -> 67 -> 7 -> 18 -> 5 -> 8 -> 23 -> 46 -> 10 -> 44 -> 98 -> 9 -> 43 -> 3 -> 2 -> 31 -> 94 -> 28 -> 36 -> 11 -> 3 -> 23 -> 20 -> 47 -> 48 -> 36 -> 25 -> 39 -> 4 -> 16 -> 49 -> 7 -> 3 -> 31 -> 91 -> 9 -> 34 -> 28 -> 13 -> 23 -> 34 -> 3 -> 4 -> 88 -> 29 -> 46 -> 93 -> 42 -> 44 -> 53 -> 18 -> 45 -> 0 -> 1 -> 37 -> 40 -> 36 -> 38 -> 67 -> 10 -> 34 -> 47 -> 3 -> 18 -> 58 -> 20 -> 27 -> 66 -> 19 -> 41 -> 88 -> 1 -> 25 -> 86 -> 15 -> 21 -> 1 -> 10 -> 17 -> 76 -> 30 -> 43 -> 99 -> 37 -> 39 -> 3 -> 7 -> 30 -> 61 -> 10 -> 45 -> 17 -> 4 -> 31 -> 14 -> 2 -> 49 -> 45","1088"
"2772","0 -> 4 -> 32 -> 44 -> 12 -> 37 -> 43 -> 17 -> 21 -> 11 -> 21 -> 12 -> 14 -> 31 -> 10 -> 45 -> 7 -> 9 -> 13 -> 5 -> 34 -> 28 -> 23 -> 29 -> 10 -> 26 -> 10 -> 36 -> 41 -> 37 -> 48 -> 49","1106"
"2773","0 -> 1 -> 2 -> 3 -> 33 -> 42 -> 48 -> 49 
No path found","1034"
"2774","0 -> 8 -> 10 -> 26 -> 2 -> 49 
No path found","974"
"2775","0 -> 5 -> 10 -> 17 -> 33 -> 41 -> 49","1034"
"2776","0 -> 2 -> 8 -> 12 -> 26 -> 34 -> 43 -> 61 -> 24 -> 47 -> 82 -> 13 -> 21 -> 3 -> 28 -> 1 -> 45 -> 22 -> 9 -> 11 -> 5 -> 29 -> 0 -> 2 -> 14 -> 23 -> 31 -> 45 -> 0","1046"
"2777","0 -> 4 -> 25 -> 36 -> 47 -> 33 -> 20 -> 44 -> 35 -> 38 -> 57 -> 39 -> 68 -> 29 -> 40 -> 65 -> 31 -> 24 -> 98 -> 45 -> 76 -> 43 -> 46 -> 11 -> 28 -> 49 -> 78","1034"
"2778","0 -> 1 -> 2 -> 3 -> 4 -> 5 -> 6 -> 7 -> 8 -> 9 -> 10 -> 11 -> 12 -> 13 -> 14 -> 15 -> 16 -> 17 -> 18 -> 19 -> 20 -> 21 -> 22 -> 23 -> 24 -> 25 -> 26 -> 27 -> 28 -> 29 -> 30 -> 31 -> 32 -> 33 -> 34 -> 35 -> 36 -> 37 -> 38 -> 39 -> 40 -> 41 -> 42 -> 43 -> 44 -> 45 -> 46 -> 47 -> 48 -> 49","1016"
"2779","0 -> 12 -> 14 -> 17 -> 10 -> 21 -> 39 -> 32 -> 70 -> 9 -> 40 -> 23 -> 42 -> 44 -> 74 -> 19 -> 30 -> 4 -> 18 -> 16 -> 49 -> 75 -> 3 -> 18 -> 55 -> 27 -> 28 -> 27 -> 46 -> 8 -> 32 -> 34 -> 84 -> 18 -> 30 -> 4 -> 15 -> 34 -> 65 -> 5 -> 22 -> 54 -> 15 -> 42 -> 59 -> 3 -> 16 -> 23 -> 31 -> 42 -> 11 -> 27 -> 6 -> 26 -> 52 -> 8 -> 10 -> 19 -> 46 -> 49 -> 55 -> 20 -> 30 -> 94 -> 31 -> 44 -> 22 -> 15 -> 27 -> 69 -> 23 -> 49 -> 78 -> 16 -> 18 -> 40 -> 82 -> 16 -> 45 -> 82 -> 16 -> 40 -> 71 -> 22 -> 26 -> 96 -> 37 -> 46 -> 48","926"
"2780","0 -> 3 -> 18 -> 11 -> 28 -> 29 -> 95 -> 48 -> 80 -> 41 -> 48 -> 88 -> 49
No path found","1604"
"2781","0 -> 4 -> 30 -> 45 -> 1 -> 28 -> 53 -> 26 -> 38 -> 67 -> 8 -> 46 -> 93 -> 47 -> 65 -> 39 -> 48 -> 46 -> 20 -> 49
'No path found'","1442"
"2782","0 -> 6 -> 4 -> 27 -> 38 -> 49
No path found","1634"
"2783","0 -> 4 -> 19 -> 28 -> 1 -> 35 -> 31 -> 49","1544"
"2784","0 -> 4 -> 9 -> 6 -> 42 -> 25 -> 4 -> 21 -> 35 -> 16 -> 2 -> 40 -> 47 -> 85 -> 12 -> 47 -> 93 -> 37 -> 38 -> 81 -> 10 -> 37 -> 51 -> 4 -> 30 -> 56 -> 6 -> 42 -> 25 -> 4 -> 9 -> 63 -> 29 -> 38 -> 29 -> 18 -> 23 -> 61 -> 7 -> 35 -> 22 -> 10 -> 21 -> 24 -> 37 -> 41 -> 9 -> 3 -> 10 -> 73 -> 8 -> 39 -> 27 -> 17 -> 18 -> 50 -> 15 -> 22 -> 5 -> 11 -> 47 -> 15 -> 17 -> 43 -> 26 -> 45 -> 7 -> 41 -> 45 -> 4 -> 21 -> 95 -> 14 -> 35 -> 16 -> 19 -> 27 -> 3 -> 7 -> 10 -> 30 -> 5 -> 7 -> 50 -> 13 -> 35 -> 15 -> 26 -> 46 -> 10 -> 28 -> 47 -> 38 -> 1 -> 24 -> 17 -> 18 -> 36 -> 18 -> 4 -> 29 -> 17 -> 7 -> 11 -> 21 -> 10 -> 42 -> 36 -> 24 -> 40 -> 49 -> 10 -> 17 -> 98 -> 16 -> 24 -> 11 -> 34 -> 42 -> 89 -> 21 -> 46 -> 4 -> 33 -> 39 -> 33 -> 23 -> 28 -> 56 -> 31 -> 43 -> 63","1568"
"2785","0 -> 9 -> 18 -> 40 -> 48 -> 45 -> 48 -> 0 
No path found","1796"
"2786","0 -> 1 -> 13 -> 18 -> 9 -> 25 -> 36 -> 25 -> 16 -> 26 -> 41 -> 0 
No path found","1634"
"2787","0 -> 4 -> 42 -> 0 -> 49 
No path found","1700"
"2788","0 -> 3 -> 6 -> 10 -> 11 -> 29 -> 26 -> 43 -> 46 -> 38 -> 39 -> 47 -> 49 
No path found","1610"
"2789","0 -> 10 -> 14 -> 62 -> 11 -> 28 -> 43 -> 30 -> 24 -> 35 -> 43 -> 21 -> 30 -> 76 -> 0 -> 37 -> 56 -> 49 -> 16 -> 28 -> 32 -> 41 -> 2 -> 40 -> 80 -> 26 -> 29 -> 80 -> 28 -> 32 -> 41 -> 2 -> 34 -> 19 -> 0","1628"
"2790","0 -> 5 -> 23 -> 1 -> 17 -> 1 -> 23 -> 42 -> 31 -> 44 -> 73 -> 49 -> 45 -> 57 -> 13 -> 27 -> 3 -> 25 -> 8 -> 44 -> 79 -> 12 -> 14 -> 62 -> 11 -> 24 -> 33 -> 11 -> 37 -> 75 -> 2 -> 14 -> 94 -> 23 -> 41 -> 17 -> 3 -> 23 -> 37 -> 5 -> 16 -> 87 -> 4 -> 30 -> 33 -> 23 -> 30 -> 24 -> 16 -> 28 -> 55 -> 37 -> 45 -> 11 -> 49 -> 64 -> 2 -> 8 -> 95 -> 15 -> 48 -> 38 -> 24 -> 31 -> 48 -> 17 -> 25 -> 47 -> 36 -> 43 -> 74 -> 9 -> 25 -> 30 -> 5 -> 32 -> 10 -> 45 -> 57 -> 13 -> 26 -> 12 -> 34 -> 42 -> 99 -> 31 -> 44 -> 73 -> 15 -> 46 -> 54 -> 8 -> 26 -> 91 -> 25 -> 44 -> 7 -> 33 -> 34 -> 34 -> 25 -> 43 -> 97 -> 25 -> 42 -> 41 -> 20 -> 47 -> 24 -> 38 -> 39 -> 47 -> 3 -> 9 -> 76 -> 0 -> 34 -> 51 -> 6 -> 7 -> 72 -> 17 -> 38 -> 69 -> 2 -> 7 -> 5","2354"
"2791","0 -> 19 -> 28 -> 38 -> 47 -> 62 -> 49 
No path found","2390"
"2792","0 -> 24 -> 28 -> 32 -> 38 -> 43 -> 47 -> 49 
No path found","2378"
"2793","0 -> 35 -> 8 -> 12 -> 28 -> 46 -> 33 -> 26 -> 34 -> 41 -> 47 -> 49 
No path found","2492"
"2794","0 -> 1 -> 5 -> 22 -> 47 -> 86
No path found","2576"
"2795","0 -> 12 -> 3 -> 35 -> 44 -> 2 -> 26 -> 45 -> 87 -> 23 -> 48 -> 91 -> 49","2294"
"2796","0 -> 6 -> 29 -> 10 -> 20 -> 47 -> 80 -> 49 
No path found","2552"
"2797","0 -> 3 -> 8 -> 12 -> 26 -> 43 -> 46 -> 40 -> 94 -> No path found","2552"
"2798","0 -> 3 -> 12 -> 99 -> No path found","2372"
"2799","0 -> 2 -> 18 -> 45 -> 57 -> 14 -> 36 -> 15 -> 20 -> 48 -> 82 -> 4 -> 22 -> 1 -> 34 -> 44 -> 93 -> 30 -> 34 -> 93 -> 33 -> 38 -> 87 -> 3 -> 27 -> 56 -> 42 -> 49 -> 39 -> 13 -> 46 -> 21 -> 35 -> 96 -> 11 -> 41 -> 50 -> 1 -> 29 -> 34 -> 64 -> 22 -> 40 -> 49 -> 10 -> 14 -> 69 -> 31 -> 42 -> 68 -> 0","2480"
"2800","0 -> 16 -> 17 -> 4 -> 6 -> 28 -> 26 -> 71 -> 72 -> 75 -> 76 -> 80 -> 31 -> 32 -> 23 -> 24 -> 11 -> 12 -> 19 -> 50 -> 51 -> 54 -> 55 -> 36 -> 37 -> 35 -> 70 -> 69 -> 64 -> 63 -> 4 -> 3 -> 2 -> 8 -> 9 -> 10 -> 19 -> 20 -> 38 -> 39 -> 25 -> 16 -> 15 -> 14 -> 0 -> 99","452"
"2801","0 -> 2 -> 3 -> 93 -> 88 -> 89 -> 22 -> 94 -> 72 -> 73 -> 46 -> 99","416"
"2802","0 -> 1 -> 2 -> 3 -> 4 -> 6 -> 7 -> 8 -> 9 -> 10 -> 14 -> 15 -> 16 -> 17 -> 18 -> 19 -> 27 -> 28 -> 29 -> 35 -> 36 -> 37 -> 43 -> 44 -> 45 -> 54 -> 55 -> 56 -> 57 -> 59 -> 60 -> 67 -> 68 -> 71 -> 72 -> 73 -> 74 -> 75 -> 80 -> 81 -> 82 -> 83 -> 87 -> 89 -> 90 -> 92 -> 93 -> 94 -> 95 -> 96 -> 98 -> 99","494"
"2803","0 -> 11 -> 12 -> 13 -> 34 -> 35 -> 31 -> 30 -> 28 -> 29 -> 46 -> 47 -> 45 -> 18 -> 16 -> 15 -> 14 -> 20 -> 21 -> 70 -> 71 -> 69 -> 68 -> 63 -> 64 -> 65 -> 66 -> 78 -> 79 -> 80 -> 81 -> 22 -> 23 -> 24 -> 8 -> 81 -> 82 -> 98 -> 99","488"
"2804","0 -> 18 -> 19 -> 38 -> 40 -> 83 -> 84 -> 99 
or 
No path found","428"
"2805","0 -> 2 -> 18 -> 57 -> 58 -> 65 -> 22 -> 62 -> 31 -> 32 -> 67 -> 55 -> 57 -> 14 -> 43 -> 45 -> 39 -> 89 -> 90 -> 68 -> 19 -> 20 -> 70 -> 12 -> 13 -> 6 -> 1 -> 2 -> 78 -> 26 -> 27 -> 47 -> 75 -> 76 -> 100 -> 71 -> 70 -> 51 -> 52 -> 66 -> 56 -> 57 -> 49 -> 42 -> 43 -> 77 -> 64 -> 65 -> 90 -> 36 -> 37 -> 61 -> 22 -> 24 -> 91 -> 7 -> 8 -> 6 -> 72 -> 73 -> 90 -> 28 -> 30 -> 51 -> 95 -> 97 -> 9 -> 84 -> 85 -> 8 -> 4 -> 5 -> 30 -> 73 -> 74 -> 39 -> 0 -> 99","506"
"2806","0 -> 1 -> 2 -> 3 -> 4 -> 5 -> 6 -> 7 -> 8 -> 9 -> 10 -> 11 -> 12 -> 13 -> 14 -> 15 -> 16 -> 17 -> 18 -> 19 -> 20 -> 21 -> 22 -> 23 -> 24 -> 25 -> 26 -> 27 -> 28 -> 29 -> 30 -> 31 -> 32 -> 33 -> 34 -> 35 -> 36 -> 37 -> 38 -> 39 -> 40 -> 41 -> 42 -> 43 -> 44 -> 45 -> 46 -> 47 -> 48 -> 49 -> 50 -> 51 -> 52 -> 53 -> 54 -> 55 -> 56 -> 57 -> 58 -> 59 -> 60 -> 61 -> 62 -> 63 -> 64 -> 65 -> 66 -> 67 -> 68 -> 69 -> 70 -> 71 -> 72 -> 73 -> 74 -> 75 -> 76 -> 77 -> 78 -> 79 -> 80 -> 81 -> 82 -> 83 -> 84 -> 85 -> 86 -> 87 -> 88 -> 89 -> 90 -> 91 -> 92 -> 93 -> 94 -> 95 -> 96 -> 97 -> 98 -> 99","560"
"2807","0 -> 3 -> 4 -> 7 -> 8 -> 9 -> 15 -> 38 -> 39 -> 42 -> 43 -> 60 -> 62 -> 63 -> 68 -> 59 -> 20 -> 21 -> 22 -> 83 -> 84 -> 13 -> 15 -> 45 -> 14 -> 17 -> 19 -> 10 -> 62 -> 63 -> 98 -> 64 -> 82 -> 99 -> 95 -> 90 -> 89 -> 47 -> 88 -> 98 -> 43 -> 44 -> 5 -> 55 -> 54 -> 94 -> 95 -> 72 -> 61 -> 97 -> 98","404"
"2808","0 -> 1 -> 3 -> 4 -> 6 -> 7 -> 8 -> 9 -> 10 -> 11 -> 13 -> 20 -> 22 -> 24 -> 25 -> 26 -> 27 -> 28 -> 29 -> 30 -> 32 -> 33 -> 34 -> 35 -> 36 -> 37 -> 38 -> 40 -> 41 -> 43 -> 44 -> 45 -> 46 -> 51 -> 52 -> 53 -> 54 -> 63 -> 64 -> 66 -> 67 -> 69 -> 70 -> 71 -> 73 -> 74 -> 76 -> 77 -> 78 -> 79 -> 80 -> 81 -> 82 -> 84 -> 85 -> 86 -> 87 -> 88 -> 89 -> 90 -> 91 -> 92 -> 93 -> 94 -> 95 -> 96 -> 98 -> 99","518"
"2809","0 -> 2 -> 3 -> 7 -> 8 -> 1 -> 2 -> 3 -> 34 -> 41 -> 42 -> 63 -> 47 -> 48 -> 6 -> 46 -> 47 -> 48 -> 7 -> 65 -> 66 -> 62 -> 64 -> 65 -> 18 -> 19 -> 4 -> 20 -> 87 -> 22 -> 11 -> 21 -> 23 (No path found)","404"
"2810","0 -> 1 -> 4 -> 3 -> 2 -> 5 -> 6 -> 7 -> 8 -> 9 -> 10 -> 11 -> 12 -> 13 -> 14 -> 15 -> 16 -> 17 -> 18 -> 19 -> 20 -> 22 -> 23 -> 24 -> 25 -> 26 -> 27 -> 28 -> 29 -> 30 -> 31 -> 32 -> 33 -> 34 -> 35 -> 36 -> 37 -> 38 -> 39 -> 40 -> 41 -> 42 -> 43 -> 44 -> 45 -> 46 -> 47 -> 48 -> 49 -> 50 -> 51 -> 52 -> 53 -> 54 -> 55 -> 56 -> 57 -> 58 -> 59 -> 60 -> 61 -> 62 -> 63 -> 64 -> 65 -> 66 -> 67 -> 68 -> 69 -> 70 -> 71 -> 72 -> 73 -> 74 -> 75 -> 76 -> 77 -> 78 -> 79 -> 80 -> 81 -> 82 -> 83 -> 84 -> 85 -> 86 -> 87 -> 88 -> 89 -> 90 -> 91 -> 92 -> 93 -> 94 -> 95 -> 96 -> 97 -> 98 -> 99","704"
"2811","0 -> 1 -> 2 -> 3 -> 5 -> 6 -> 8 -> 9 -> 10 -> 11 -> 12 -> 13 -> 14 -> 15 -> 16 -> 17 -> 18 -> 19 -> 20 -> 21 -> 22 -> 23 -> 24 -> 25 -> 26 -> 27 -> 28 -> 29 -> 30 -> 31 -> 32 -> 33 -> 34 -> 35 -> 36 -> 37 -> 38 -> 39 -> 40 -> 41 -> 42 -> 43 -> 44 -> 45 -> 46 -> 47 -> 48 -> 49 -> 50 -> 51 -> 52 -> 53 -> 54 -> 55 -> 56 -> 57 -> 58 -> 59 -> 60 -> 61 -> 62 -> 63 -> 64 -> 65 -> 66 -> 67 -> 68 -> 69 -> 70 -> 71 -> 72 -> 73 -> 74 -> 75 -> 76 -> 77 -> 78 -> 79 -> 80 -> 81 -> 82 -> 83 -> 84 -> 85 -> 86 -> 87 -> 88 -> 89 -> 90 -> 91 -> 92 -> 93 -> 94 -> 95 -> 96 -> 97 -> 98 -> 99","668"
"2812","0 -> 1 -> 2 -> 4 -> 5 -> 6 -> 7 -> 8 -> 9 -> 10 -> 11 -> 12 -> 13 -> 14 -> 15 -> 16 -> 17 -> 18 -> 19 -> 20 -> 21 -> 22 -> 23 -> 24 -> 25 -> 26 -> 27 -> 28 -> 29 -> 30 -> 31 -> 32 -> 33 -> 34 -> 35 -> 36 -> 37 -> 38 -> 39 -> 40 -> 41 -> 42 -> 43 -> 44 -> 45 -> 46 -> 47 -> 48 -> 49 -> 50 -> 51 -> 52 -> 53 -> 54 -> 55 -> 56 -> 57 -> 58 -> 59 -> 60 -> 61 -> 62 -> 63 -> 64 -> 65 -> 66 -> 67 -> 68 -> 69 -> 70 -> 71 -> 72 -> 73 -> 74 -> 75 -> 76 -> 77 -> 78 -> 79 -> 80 -> 81 -> 82 -> 83 -> 84 -> 85 -> 86 -> 87 -> 88 -> 89 -> 90 -> 91 -> 92 -> 93 -> 94 -> 95 -> 96 -> 97 -> 98 -> 99","704"
"2813","0 -> 1 -> 7 -> 8 -> 38 -> 39 -> 40 -> 15 -> 34 -> 35 -> 95 -> 36 -> 37 -> 41 -> 13 -> 15 -> 5 -> 14 -> 23 -> 51 -> 52 -> 90 -> 63 -> 64 -> 39 -> 68 -> 69 -> 43 -> 75 -> 76 -> 84 -> 46 -> 47 -> 93 -> 53 -> 54 -> 58 -> 19 -> 20 -> 21 -> 44 -> 45 -> 68 -> 67 -> 68 -> 82 -> 83 -> 15 -> 24 -> 23 -> 27 -> 28 -> 66 -> 71 -> 69 -> 3 -> 23 -> 24 -> 96 -> 89 -> 90 -> 18 -> 52 -> 53 -> 76 -> 16 -> 18 -> 78 -> 75 -> 76 -> 13 -> 77 -> 80 -> 33 -> 97 -> 98 -> 80 -> 39 -> 40 -> 85 -> 88 -> 89","710"
"2814","0 -> 1 -> 3 -> 4 -> 8 -> 10 -> 11 -> 12 -> 13 -> 14 -> 17 -> 19 -> 20 -> 21 -> 22 -> 23 -> 25 -> 26 -> 27 -> 28 -> 29 -> 30 -> 31 -> 32 -> 33 -> 34 -> 35 -> 36 -> 37 -> 38 -> 39 -> 42 -> 43 -> 44 -> 45 -> 46 -> 47 -> 48 -> 49 -> 50 -> 51 -> 52 -> 53 -> 54 -> 55 -> 56 -> 57 -> 58 -> 59 -> 61 -> 62 -> 63 -> 64 -> 65 -> 66 -> 67 -> 68 -> 69 -> 71 -> 72 -> 73 -> 74 -> 75 -> 76 -> 77 -> 78 -> 79 -> 80 -> 81 -> 82 -> 83 -> 84 -> 85 -> 86 -> 87 -> 88 -> 89 -> 90 -> 91 -> 92 -> 93 -> 94 -> 95 -> 96 -> 97 -> 98 -> 99","704"
"2815","0 -> 1 -> 2 -> 3 -> 4 -> 5 -> 6 -> 7 -> 8 -> 9 -> 10 -> 11 -> 12 -> 13 -> 14 -> 15 -> 16 -> 17 -> 18 -> 19 -> 20 -> 21 -> 22 -> 23 -> 24 -> 25 -> 26 -> 27 -> 28 -> 29 -> 30 -> 31 -> 32 -> 33 -> 34 -> 35 -> 36 -> 37 -> 38 -> 39 -> 40 -> 41 -> 42 -> 43 -> 44 -> 45 -> 46 -> 47 -> 48 -> 49 -> 50 -> 51 -> 52 -> 53 -> 54 -> 55 -> 56 -> 57 -> 58 -> 59 -> 60 -> 61 -> 62 -> 63 -> 64 -> 65 -> 66 -> 67 -> 68 -> 69 -> 70 -> 71 -> 72 -> 73 -> 74 -> 75 -> 76 -> 77 -> 78 -> 79 -> 80 -> 81 -> 82 -> 83 -> 84 -> 85 -> 86 -> 87 -> 88 -> 89 -> 90 -> 91 -> 92 -> 93 -> 94 -> 95 -> 96 -> 97 -> 98 -> 99","710"
"2816","0 -> 3 -> 4 -> 6 -> 7 -> 8 -> 19 -> 20 -> 21 -> 22 -> 40 -> 41 -> 74 -> 75 -> 76 -> 77 -> 78 -> 79 -> 80 -> 81 -> 82 -> 83 -> 84 -> 85 -> 86 -> 87 -> 88 -> 89 -> 90 -> 91 -> 92 -> 93 -> 94 -> 95 -> 96 -> 97 -> 98 -> 99","632"
"2817","0 -> 2 -> 4 -> 80 -> 81 -> 70 -> 54 -> 55 -> 27 -> 12 -> 13 -> 74 -> 9 -> 10 -> 98 -> 34 -> 36 -> 51 -> 76 -> 77 -> 65 -> 68 -> 69 -> 90 -> 15 -> 16 -> 15 -> 8 -> 9 -> 47 -> 23 -> 24 -> 30 -> 64 -> 65 -> 28 -> 73 -> 74 -> 97 -> 94 -> 95 -> 99","698"
"2818","0 -> 1 -> 14 -> 8 -> 9 -> 31 -> 62 -> 63 -> 24 -> 20 -> 19 -> 15 -> 13 -> 92 -> 93 -> 7 -> 40 -> 39 -> 22 -> 23 -> 10 -> 42 -> 44 -> 71 -> 80 -> 81 -> 28 -> 30 -> 31 -> 32 -> 57 -> 33 -> 34 -> 29 -> 27 -> 28 -> 48 -> 70 -> 71 -> 48 -> 61 -> 63 -> 4 -> 42 -> 43 -> 21 -> 44 -> 12 -> 45 -> 46 -> 87 -> 17 -> 55 -> 56 -> 29 -> 82 -> 83 -> 32 -> 84 -> 56 -> 48 -> 49 -> 72 -> 23 -> 24 -> 85 -> 57 -> 58 -> 0 -> 74 -> 75 -> 7 -> 67 -> 68 -> 65 -> 66 -> 3 -> 32 -> 33 -> 32 -> 8 -> 7 -> 93 -> 94 -> 30 -> 26 -> 27 -> 95 -> 60 -> 61 -> 66 -> 51 -> 52 -> 99 -> 47 -> 48 -> 98 -> 81 -> 83 -> 63 -> 54 -> 55 -> 15 -> 96 -> 97 -> 87 -> 19 -> 21 -> 77 -> 82 -> 83 -> 32 -> 84 -> 56 -> 48 -> 49 -> 72 -> 23 -> 24 -> 85 -> 57 -> 58 -> 0","680"
"2819","0 -> 2 -> 4 -> 5 -> 6 -> 7 -> 8 -> 26 -> 27 -> 54 -> 55 -> 56 -> 57 -> 58 -> 59 -> 60 -> 61 -> 62 
(No path found)","830"
"2820","0 -> 1 -> 2 -> 3 -> 4 -> 5 -> 6 -> 7 -> 8 -> 9 -> 10 -> 11 -> 12 -> 13 -> 14 -> 15 -> 16 -> 17 -> 18 -> 19 -> 20 -> 21 -> 22 -> 23 -> 24 -> 25 -> 26 -> 27 -> 28 -> 29 -> 30 -> 31 -> 32 -> 33 -> 34 -> 35 -> 36 -> 37 -> 38 -> 39 -> 40 -> 41 -> 42 -> 43 -> 44 -> 45 -> 46 -> 47 -> 48 -> 49 -> 50 -> 51 -> 52 -> 53 -> 54 -> 55 -> 56 -> 57 -> 58 -> 59 -> 60 -> 61 -> 62 -> 63 -> 64 -> 65 -> 66 -> 67 -> 68 -> 69 -> 70 -> 71 -> 72 -> 73 -> 74 -> 75 -> 76 -> 77 -> 78 -> 79 -> 80 -> 81 -> 82 -> 83 -> 84 -> 85 -> 86 -> 87 -> 88 -> 89 -> 90 -> 91 -> 92 -> 93 -> 94 -> 95 -> 96 -> 97 -> 98 -> 99","1004"
"2821","0 -> 1 -> 2 -> 3 -> 4 -> 5 -> 6 -> 7 -> 8 -> 9 -> 10 -> 11 -> 12 -> 13 -> 14 -> 15 -> 16 -> 17 -> 18 -> 19 -> 20 -> 21 -> 22 -> 23 -> 24 -> 25 -> 26 -> 27 -> 28 -> 29 -> 30 -> 31 -> 32 -> 33 -> 34 -> 35 -> 36 -> 37 -> 38 -> 39 -> 40 -> 41 -> 42 -> 43 -> 44 -> 45 -> 46 -> 47 -> 48 -> 49 -> 50 -> 51 -> 52 -> 53 -> 54 -> 55 -> 56 -> 57 -> 58 -> 59 -> 60 -> 61 -> 62 -> 63 -> 64 -> 65 -> 66 -> 67 -> 68 -> 69 -> 70 -> 71 -> 72 -> 73 -> 74 -> 75 -> 76 -> 77 -> 78 -> 79 -> 80 -> 81 -> 82 -> 83 -> 84 -> 85 -> 86 -> 87 -> 88 -> 89 -> 90 -> 91 -> 92 -> 93 -> 94 -> 95 -> 96 -> 97 -> 98 -> 99","992"
"2822","0 -> 1 -> 2 -> 3 -> 4 -> 5 -> 6 -> 7 -> 8 -> 9 -> 10 -> 11 -> 12 -> 13 -> 14 -> 15 -> 16 -> 17 -> 18 -> 19 -> 20 -> 21 -> 22 -> 23 -> 24 -> 25 -> 26 -> 27 -> 28 -> 29 -> 30 -> 31 -> 32 -> 33 -> 34 -> 35 -> 36 -> 37 -> 38 -> 39 -> 40 -> 41 -> 42 -> 43 -> 44 -> 45 -> 46 -> 47 -> 48 -> 49 -> 50 -> 51 -> 52 -> 53 -> 54 -> 55 -> 56 -> 57 -> 58 -> 59 -> 60 -> 61 -> 62 -> 63 -> 64 -> 65 -> 66 -> 67 -> 68 -> 69 -> 70 -> 71 -> 72 -> 73 -> 74 -> 75 -> 76 -> 77 -> 78 -> 79 -> 80 -> 81 -> 82 -> 83 -> 84 -> 85 -> 86 -> 87 -> 88 -> 89 -> 90 -> 91 -> 92 -> 93 -> 94 -> 95 -> 96 -> 97 -> 98 -> 99","920"
"2823","0 -> 1 -> 2 -> 14 -> 15 -> 16 -> 17 -> 18 -> 19 -> 20 -> 21 -> 22 -> 23 -> 24 -> 25 -> 26 -> 27 -> 28 -> 29 -> 30 -> 31 -> 32 -> 33 -> 34 -> 35 -> 36 -> 37 -> 38 -> 39 -> 40 -> 41 -> 42 -> 43 -> 44 -> 45 -> 46 -> 47 -> 48 -> 49 -> 50 -> 51 -> 52 -> 53 -> 54 -> 55 -> 56 -> 57 -> 58 -> 59 -> 60 -> 61 -> 62 -> 63 -> 64 -> 65 -> 66 -> 67 -> 68 -> 69 -> 70 -> 71 -> 72 -> 73 -> 74 -> 75 -> 76 -> 77 -> 78 -> 79 -> 80 -> 81 -> 82 -> 83 -> 84 -> 85 -> 86 -> 87 -> 88 -> 89 -> 90 -> 91 -> 92 -> 93 -> 94 -> 95 -> 96 -> 97 -> 98 -> 99","926"
"2824","0 -> 1 -> 2 -> 3 -> 4 -> 5 -> 6 -> 7 -> 8 -> 9 -> 10 -> 11 -> 12 -> 13 -> 14 -> 15 -> 16 -> 17 -> 18 -> 19 -> 20 -> 21 -> 22 -> 23 -> 24 -> 25 -> 26 -> 27 -> 28 -> 29 -> 30 -> 31 -> 32 -> 33 -> 34 -> 35 -> 36 -> 37 -> 38 -> 39 -> 40 -> 41 -> 42 -> 43 -> 44 -> 45 -> 46 -> 47 -> 48 -> 49 -> 50 -> 51 -> 52 -> 53 -> 54 -> 55 -> 56 -> 57 -> 58 -> 59 -> 60 -> 61 -> 62 -> 63 -> 64 -> 65 -> 66 -> 67 -> 68 -> 69 -> 70 -> 71 -> 72 -> 73 -> 74 -> 75 -> 76 -> 77 -> 78 -> 79 -> 80 -> 81 -> 82 -> 83 -> 84 -> 85 -> 86 -> 87 -> 88 -> 89 -> 90 -> 91 -> 92 -> 93 -> 94 -> 95 -> 96 -> 97 -> 98 -> 99","968"
"2825","0 -> 1 -> 2 -> 3 -> 4 -> 5 -> 6 -> 7 -> 8 -> 9 -> 10 -> 11 -> 12 -> 13 -> 14 -> 15 -> 16 -> 17 -> 18 -> 19 -> 20 -> 21 -> 22 -> 23 -> 24 -> 25 -> 26 -> 27 -> 28 -> 29 -> 30 -> 31 -> 32 -> 33 -> 34 -> 35 -> 36 -> 37 -> 38 -> 39 -> 40 -> 41 -> 42 -> 43 -> 44 -> 45 -> 46 -> 47 -> 48 -> 49 -> 50 -> 51 -> 52 -> 53 -> 54 -> 55 -> 56 -> 57 -> 58 -> 59 -> 60 -> 61 -> 62 -> 63 -> 64 -> 65 -> 66 -> 67 -> 68 -> 69 -> 70 -> 71 -> 72 -> 73 -> 74 -> 75 -> 76 -> 77 -> 78 -> 79 -> 80 -> 81 -> 82 -> 83 -> 84 -> 85 -> 86 -> 87 -> 88 -> 89 -> 90 -> 91 -> 92 -> 93 -> 94 -> 95 -> 96 -> 97 -> 98 -> 99","932"
"2826","0 -> 1 -> 2 -> 3 -> 4 -> 5 -> 6 -> 7 -> 8 -> 9 -> 10 -> 11 -> 12 -> 13 -> 14 -> 15 -> 16 -> 17 -> 18 -> 19 -> 20 -> 21 -> 22 -> 23 -> 24 -> 25 -> 26 -> 27 -> 28 -> 29 -> 30 -> 31 -> 32 -> 33 -> 34 -> 35 -> 36 -> 37 -> 38 -> 39 -> 40 -> 41 -> 42 -> 43 -> 44 -> 45 -> 46 -> 47 -> 48 -> 49 -> 50 -> 51 -> 52 -> 53 -> 54 -> 55 -> 56 -> 57 -> 58 -> 59 -> 60 -> 61 -> 62 -> 63 -> 64 -> 65 -> 66 -> 67 -> 68 -> 69 -> 70 -> 71 -> 72 -> 73 -> 74 -> 75 -> 76 -> 77 -> 78 -> 79 -> 80 -> 81 -> 82 -> 83 -> 84 -> 85 -> 86 -> 87 -> 88 -> 89 -> 90 -> 91 -> 92 -> 93 -> 94 -> 95 -> 96 -> 97 -> 98 -> 99","980"
"2827","0 -> 2 -> 3 -> 4 -> 6 -> 7 -> 9 -> 8 -> 46 -> 40 -> 43 -> 44 -> 78 -> 47 -> 48 -> 95 -> 41 -> 42 -> 40 -> 38 -> 39 -> 53 -> 54 -> 75 -> 13 -> 14 -> 37 -> 57 -> 58 -> 9 -> 81 -> 83 -> 16 -> 85 -> 86 -> 50 -> 10 -> 11 -> 92 -> 7 -> 8 -> 60 -> 93 -> 94 -> 62 -> 6 -> 7 -> 22 -> 66 -> 67 -> 63 -> 38 -> 39 -> 46 -> 61 -> 62 -> 46 -> 17 -> 19 -> 92 -> 69 -> 70 -> 31 -> 95 -> 96 -> 82 -> 44 -> 45 -> 33 -> 12 -> 13 -> 80 -> 26 -> 27 -> 27 -> 36 -> 37 -> 63 -> 14 -> 15 -> 17 -> 61 -> 63 -> 66 -> 83 -> 85 -> 78 -> 89 -> 92 -> 93 -> 36 -> 38 -> 28 -> 63 -> 64 -> 19 -> 72 -> 73 -> 73 -> 30 -> 31 -> 52 -> 16 -> 17 -> 9 -> 76 -> 77 -> 38 -> 87 -> 88 -> 81 -> 21 -> 22 -> 60 -> 75 -> 76 -> 94 -> 34 -> 35 -> 43 -> 46 -> 47 -> 81 -> 92 -> 93 -> 45 -> 46 -> 71 -> 22 -> 23 -> 65 -> 9 -> 10 -> 86 -> 87 -> 89 -> 71 -> 54 -> 55 -> 92 -> 31 -> 32 -> 65 -> 55 -> 56 -> 15 -> 5 -> 6 -> 25 -> 90 -> 92 -> 66 -> 91 -> 92 -> 66 -> 70 -> 71 -> 24 -> 74 -> 75 -> 88 -> 96 -> 97 -> 85 -> 26 -> 30 -> 10 -> 88 -> 89 -> 6 -> 59 -> 61 -> 22 -> 43 -> 44 -> 78 -> 47 -> 48 -> 95 -> 40 -> 41 -> 28 -> 81 -> 82 -> 71 -> 50 -> 51 -> 70 -> 98 -> 99 -> 30 -> 80 -> 81 -> 4","944"
"2828","0 -> 1 -> 2 -> 3 -> 4 -> 5 -> 6 -> 7 -> 8 -> 9 -> 10 -> 11 -> 12 -> 13 -> 14 -> 15 -> 16 -> 17 -> 18 -> 19 -> 20 -> 21 -> 22 -> 23 -> 24 -> 25 -> 26 -> 27 -> 28 -> 29 -> 30 -> 31 -> 32 -> 33 -> 34 -> 35 -> 36 -> 37 -> 38 -> 39 -> 40 -> 41 -> 42 -> 43 -> 44 -> 45 -> 46 -> 47 -> 48 -> 49 -> 50 -> 51 -> 52 -> 53 -> 54 -> 55 -> 56 -> 57 -> 58 -> 59 -> 60 -> 61 -> 62 -> 63 -> 64 -> 65 -> 66 -> 67 -> 68 -> 69 -> 70 -> 71 -> 72 -> 73 -> 74 -> 75 -> 76 -> 77 -> 78 -> 79 -> 80 -> 81 -> 82 -> 83 -> 84 -> 85 -> 86 -> 87 -> 88 -> 89 -> 90 -> 91 -> 92 -> 93 -> 94 -> 95 -> 96 -> 97 -> 98 -> 99","926"
"2829","0 -> 1 -> 2 -> 3 -> 4 -> 5 -> 6 -> 7 -> 8 -> 9 -> 10 -> 11 -> 12 -> 13 -> 14 -> 15 -> 16 -> 17 -> 18 -> 19 -> 20 -> 21 -> 22 -> 23 -> 24 -> 25 -> 26 -> 27 -> 28 -> 29 -> 30 -> 31 -> 32 -> 33 -> 34 -> 35 -> 36 -> 37 -> 38 -> 39 -> 40 -> 41 -> 42 -> 43 -> 44 -> 45 -> 46 -> 47 -> 48 -> 49 -> 50 -> 51 -> 52 -> 53 -> 54 -> 55 -> 56 -> 57 -> 58 -> 59 -> 60 -> 61 -> 62 -> 63 -> 64 -> 65 -> 66 -> 67 -> 68 -> 69 -> 70 -> 71 -> 72 -> 73 -> 74 -> 75 -> 76 -> 77 -> 78 -> 79 -> 80 -> 81 -> 82 -> 83 -> 84 -> 85 -> 86 -> 87 -> 88 -> 89 -> 90 -> 91 -> 92 -> 93 -> 94 -> 95 -> 96 -> 97 -> 98 -> 99","950"
"2830","0 -> 2 -> 5 -> 64 -> 66 -> 59 -> 62 -> 22 -> 23 -> 57 -> 52 -> 53 -> 13 -> 30 -> 31 -> 72 -> 74 -> 44 -> 96 -> 97 -> 7 -> 59 -> 61 -> 76 -> 50 -> 52 -> 99 -> 19 -> 21 -> 30 -> 68 -> 69 -> 60 -> 85 -> 86 -> 27 -> 55 -> 56 -> 49 -> 27 -> 28 -> 57 -> 53 -> 54 -> 91 -> 65 -> 66 -> 83 -> 85 -> 7 -> 43 -> 44 -> 92 -> 11 -> 13 -> 66 -> 19 -> 20 -> 14 -> 15 -> 17 -> 55 -> 13 -> 15 -> 99 -> 48 -> 49 -> 73 -> 56 -> 58 -> 14 -> 92 -> 94 -> 23 -> 54 -> 56 -> 45 -> 1 -> 2 -> 55 -> 15 -> 16 -> 20 -> 80 -> 81 -> 4 -> 71 -> 72 -> 79 -> 57 -> 58 -> 73 -> 4 -> 6 -> 30 -> 62 -> 63 -> 91 -> 10 -> 11 -> 23 -> 2 -> 4 -> 36 -> 57 -> 59 -> 18 -> 39 -> 40 -> 59 -> 87 -> 88 -> 50 -> 72 -> 73 -> 78 -> 35 -> 37 -> 78 -> 23 -> 24 -> 96 -> 90 -> 91 -> 1 -> 85 -> 87 -> 38 -> 86 -> 87 -> 37 -> 40 -> 41 -> 75 -> 17 -> 18 -> 79 -> 16 -> 18 -> 49 -> 50 -> 51 -> 72 -> 70 -> 71 -> 18 -> 81 -> 82 -> 65 -> 24 -> 25 -> 66 -> 60 -> 61 -> 90 -> 25 -> 26 -> 92 -> 33 -> 35 -> 29 -> 56 -> 57 -> 73 -> 26 -> 27 -> 75 -> 11 -> 12 -> 44 -> 16 -> 17 -> 56 -> 66 -> 67 -> 5 -> 84 -> 86 -> 97 -> 77 -> 78 -> 78 -> 8 -> 9 -> 76 -> 41 -> 42 -> 30 -> 47 -> 48 -> 43 -> 61 -> 62 -> 1 -> 34 -> 37 -> 82 -> 3 -> 5 -> 88 -> 55 -> 57 -> 6 -> 5 -> 6 -> 57 -> 69 -> 70 -> 35 -> 18 -> 19 -> 59 -> 75 -> 76 -> 46 -> 67 -> 69 -> 90 -> 6 -> 7 -> 27 -> 28 -> 29 -> 69 -> 32 -> 33 -> 59 -> 36 -> 37 -> 65 -> 82 -> 84 -> 58 -> 65 -> 67 -> 32 -> 89 -> 90 -> 36 -> 58 -> 59 -> 78 -> 79 -> 59 -> 79 -> 80 -> 91 -> 29 -> 30 -> 45 -> 63 -> 64 -> 43 -> 97 -> 98 -> 1 -> 13 -> 14 -> 15 -> 7 -> 9 -> 89 -> 67 -> 68 -> 98 -> 96 -> 98 -> 85 -> 35 -> 36 -> 48 -> 9 -> 10 -> 76 -> 45 -> 46 -> 27 -> 87 -> 89 -> 40 -> 43 -> 45 -> 39 -> 71 -> 75 -> 10 -> 95 -> 96 -> 76 -> 98 -> 99 -> 36","1076"
"2831","0 -> 1 -> 2 -> 3 -> 4 -> 5 -> 6 -> 7 -> 8 -> 9 -> 10 -> 11 -> 12 -> 13 -> 14 -> 15 -> 16 -> 17 -> 18 -> 19 -> 20 -> 21 -> 22 -> 23 -> 24 -> 25 -> 26 -> 27 -> 28 -> 29 -> 30 -> 31 -> 32 -> 33 -> 34 -> 35 -> 36 -> 37 -> 38 -> 39 -> 40 -> 41 -> 42 -> 43 -> 44 -> 45 -> 46 -> 47 -> 48 -> 49 -> 50 -> 51 -> 52 -> 53 -> 54 -> 55 -> 56 -> 57 -> 58 -> 59 -> 60 -> 61 -> 62 -> 63 -> 64 -> 65 -> 66 -> 67 -> 68 -> 69 -> 70 -> 71 -> 72 -> 73 -> 74 -> 75 -> 76 -> 77 -> 78 -> 79 -> 80 -> 81 -> 82 -> 83 -> 84 -> 85 -> 86 -> 87 -> 88 -> 89 -> 90 -> 91 -> 92 -> 93 -> 94 -> 95 -> 96 -> 97 -> 98 -> 99","1064"
"2832","0 -> 1 -> 2 -> 3 -> 4 -> 5 -> 6 -> 7 -> 8 -> 9 -> 10 -> 11 -> 12 -> 13 -> 14 -> 15 -> 16 -> 17 -> 18 -> 19 -> 20 -> 21 -> 22 -> 23 -> 24 -> 25 -> 26 -> 27 -> 28 -> 29 -> 30 -> 31 -> 32 -> 33 -> 34 -> 35 -> 36 -> 37 -> 38 -> 39 -> 40 -> 41 -> 42 -> 43 -> 44 -> 45 -> 46 -> 47 -> 48 -> 49 -> 50 -> 51 -> 52 -> 53 -> 54 -> 55 -> 56 -> 57 -> 58 -> 59 -> 60 -> 61 -> 62 -> 63 -> 64 -> 65 -> 66 -> 67 -> 68 -> 69 -> 70 -> 71 -> 72 -> 73 -> 74 -> 75 -> 76 -> 77 -> 78 -> 79 -> 80 -> 81 -> 82 -> 83 -> 84 -> 85 -> 86 -> 87 -> 88 -> 89 -> 90 -> 91 -> 92 -> 93 -> 94 -> 95 -> 96 -> 97 -> 98 -> 99","962"
"2833","0 -> 1 -> 2 -> 3 -> 5 -> 7 -> 8 -> 9 -> 11 -> 12 -> 14 -> 15 -> 17 -> 18 -> 20 -> 21 -> 22 -> 23 -> 24 -> 25 -> 26 -> 27 -> 28 -> 29 -> 30 -> 31 -> 32 -> 33 -> 34 -> 35 -> 36 -> 37 -> 38 -> 39 -> 40 -> 41 -> 42 -> 43 -> 44 -> 45 -> 46 -> 47 -> 48 -> 49 -> 50 -> 51 -> 52 -> 53 -> 54 -> 55 -> 56 -> 57 -> 58 -> 59 -> 60 -> 61 -> 62 -> 63 -> 64 -> 65 -> 66 -> 67 -> 68 -> 69 -> 70 -> 71 -> 72 -> 73 -> 74 -> 75 -> 76 -> 77 -> 78 -> 79 -> 80 -> 81 -> 82 -> 83 -> 84 -> 85 -> 86 -> 87 -> 88 -> 89 -> 90 -> 91 -> 92 -> 93 -> 94 -> 95 -> 96 -> 97 -> 98 -> 99","986"
"2834","0 -> 1 -> 2 -> 3 -> 4 -> 5 -> 6 -> 7 -> 8 -> 9 -> 10 -> 11 -> 12 -> 13 -> 14 -> 15 -> 16 -> 17 -> 18 -> 19 -> 20 -> 21 -> 22 -> 23 -> 24 -> 25 -> 26 -> 27 -> 28 -> 29 -> 30 -> 31 -> 32 -> 33 -> 34 -> 35 -> 36 -> 37 -> 38 -> 39 -> 40 -> 41 -> 42 -> 43 -> 44 -> 45 -> 46 -> 47 -> 48 -> 49 -> 50 -> 51 -> 52 -> 53 -> 54 -> 55 -> 56 -> 57 -> 58 -> 59 -> 60 -> 61 -> 62 -> 63 -> 64 -> 65 -> 66 -> 67 -> 68 -> 69 -> 70 -> 71 -> 72 -> 73 -> 74 -> 75 -> 76 -> 77 -> 78 -> 79 -> 80 -> 81 -> 82 -> 83 -> 84 -> 85 -> 86 -> 87 -> 88 -> 89 -> 90 -> 91 -> 92 -> 93 -> 94 -> 95 -> 96 -> 97 -> 98 -> 99","1028"
"2835","0 -> 2 -> 18 -> 19 -> 88 -> 54 -> 56 -> 82 -> 49 -> 50 -> 24 -> 5 -> 6 -> 84 -> 31 -> 32 -> 0 
No path found","1100"
"2836","0 -> 1 -> 2 -> 3 -> 4 -> 5 -> 6 -> 7 -> 8 -> 9 -> 10 -> 11 -> 12 -> 13 -> 14 -> 15 -> 16 -> 17 -> 18 -> 19 -> 20 -> 21 -> 22 -> 23 -> 24 -> 25 -> 26 -> 27 -> 28 -> 29 -> 30 -> 31 -> 32 -> 33 -> 34 -> 35 -> 36 -> 37 -> 38 -> 39 -> 40 -> 41 -> 42 -> 43 -> 44 -> 45 -> 46 -> 47 -> 48 -> 49 -> 50 -> 51 -> 52 -> 53 -> 54 -> 55 -> 56 -> 57 -> 58 -> 59 -> 60 -> 61 -> 62 -> 63 -> 64 -> 65 -> 66 -> 67 -> 68 -> 69 -> 70 -> 71 -> 72 -> 73 -> 74 -> 75 -> 76 -> 77 -> 78 -> 79 -> 80 -> 81 -> 82 -> 83 -> 84 -> 85 -> 86 -> 87 -> 88 -> 89 -> 90 -> 91 -> 92 -> 93 -> 94 -> 95 -> 96 -> 97 -> 98 -> 99","1016"
"2837","0 -> 1 -> 3 -> 4 -> 27 -> 28 -> 29 -> 45 -> 46 -> 97 -> 98 -> 99 
No path found","1058"
"2838","0 -> 1 -> 2 -> 3 -> 4 -> 5 -> 6 -> 7 -> 8 -> 9 -> 10 -> 11 -> 12 -> 13 -> 14 -> 15 -> 16 -> 17 -> 18 -> 19 -> 20 -> 21 -> 22 -> 23 -> 24 -> 25 -> 26 -> 27 -> 28 -> 29 -> 30 -> 31 -> 32 -> 33 -> 34 -> 35 -> 36 -> 37 -> 38 -> 39 -> 40 -> 41 -> 42 -> 43 -> 44 -> 45 -> 46 -> 47 -> 48 -> 49 -> 50 -> 51 -> 52 -> 53 -> 54 -> 55 -> 56 -> 57 -> 58 -> 59 -> 60 -> 61 -> 62 -> 63 -> 64 -> 65 -> 66 -> 67 -> 68 -> 69 -> 70 -> 71 -> 72 -> 73 -> 74 -> 75 -> 76 -> 77 -> 78 -> 79 -> 80 -> 81 -> 82 -> 83 -> 84 -> 85 -> 86 -> 87 -> 88 -> 89 -> 90 -> 91 -> 92 -> 93 -> 94 -> 95 -> 96 -> 97 -> 98 -> 99","1076"
"2839","0 -> 2 -> 4 -> 98 -> 66 -> 68 -> 67 -> 85 -> 87 -> 36 -> 74 -> 75 -> 72 -> 73 -> 89 -> 99 
No path found","1064"
"2840","0 -> 1 -> 4 -> 6 -> 8 -> 7 -> 57 -> 33 -> 35 -> 16 -> 50 -> 52 -> 77 -> 99
No path found","1130"
"2841","0 -> 2 -> 50 -> 27 -> 28 -> 40 -> 26 -> 60 -> 25 -> 26 -> 60 -> 29 -> 31 -> 96 -> 38 -> 40 -> 18 -> 78 -> 79 -> 62 -> 55 -> 56 -> 66 -> 32 -> 34 -> 84 -> 69 -> 70 -> 48 -> 4 -> 5 -> 54 -> 9 -> 10 -> 95 -> 41 -> 44 -> 16 -> 7 -> 8 -> 26 -> 50 -> 51 -> 99 -> 19 -> 21 -> 85 -> 87 -> 88 -> 82 -> 63 -> 65 -> 40 -> 93 -> 94 -> 94 -> 97 -> 99 -> 54 -> 15 -> 17 -> 41 -> 44 -> 12 -> 45 -> 47 -> 2 -> 64 -> 66 -> 62 -> 64 -> 65 -> 92 -> 86 -> 88 -> 29 -> 63 -> 64 -> 67 -> 8 -> 9 -> 45 -> 12 -> 13 -> 52 -> 70 -> 71 -> 51 -> 46 -> 48 -> 71 -> 81 -> 82 -> 37 -> 24 -> 26 -> 60 -> 14 -> 16 -> 71 -> 45 -> 46 -> 12 -> 72 -> 73 -> 34 -> 15 -> 16 -> 54 -> 97 -> 99 -> 54 -> 39 -> 40 -> 85 -> 20 -> 22 -> 83 -> 13 -> 14 -> 35 -> 89 -> 91 -> 79 -> 65 -> 66 -> 5 -> 48 -> 50 -> 90 -> 14 -> 15 -> 79 -> 94 -> 95 -> 13 -> 35 -> 36 -> 37 -> 73 -> 75 -> 19 -> 50 -> 53 -> 56 -> 22 -> 23 -> 51 -> 9 -> 11 -> 63 -> 82 -> 83 -> 60 -> 24 -> 25 -> 64 -> 74 -> 76 -> 94 -> 95 -> 97 -> 56 -> 37 -> 39 -> 37 -> 32 -> 33 -> 28 -> 37 -> 38 -> 9 -> 79 -> 81 -> 68 -> 33 -> 1 -> 2 -> 61 -> 49 -> 50 -> 20 -> 6 -> 7 -> 37 -> 27 -> 29 -> 15 -> 21 -> 22 -> 89 -> 32 -> 35 -> 85 -> 77 -> 78 -> 76 -> 81 -> 83 -> 97 -> 57 -> 59 -> 73 -> 36 -> 37 -> 10 -> 17 -> 18 -> 88 -> 30 -> 31 -> 82 -> 36 -> 38 -> 90 -> 31 -> 32 -> 19 -> 79 -> 80 -> 70 -> 91 -> 92 -> 84 -> 56 -> 57 -> 17 -> 29 -> 30 -> 49 -> 98 -> 99 -> 4 -> 61 -> 62 -> 36 -> 58 -> 60 -> 63 -> 41 -> 43 -> 9 -> 20 -> 21 -> 2 -> 42 -> 45 -> 33 -> 56 -> 58 -> 87 -> 3 -> 5 -> 66 -> 71 -> 73 -> 27 -> 88 -> 90 -> 69 -> 59 -> 60 -> 97 -> 33 -> 34 -> 17 -> 71 -> 72 -> 99 -> 51 -> 53 -> 29 -> 62 -> 63 -> 84 -> 10 -> 11 -> 28 -> 72 -> 74 -> 23","1172"
"2842","0 -> 1 -> 3 -> 5 -> 6 -> 7 -> 8 -> 9 -> 10 -> 11 -> 12 -> 14 -> 15 -> 16 -> 17 -> 18 -> 19 -> 20 -> 21 -> 22 -> 23 -> 24 -> 25 -> 26 -> 27 -> 28 -> 29 -> 30 -> 31 -> 32 -> 33 -> 34 -> 35 -> 36 -> 37 -> 38 -> 39 -> 40 -> 41 -> 42 -> 43 -> 44 -> 45 -> 46 -> 47 -> 48 -> 49 -> 50 -> 51 -> 52 -> 53 -> 54 -> 55 -> 56 -> 57 -> 58 -> 59 -> 60 -> 61 -> 62 -> 63 -> 64 -> 65 -> 66 -> 67 -> 68 -> 69 -> 70 -> 71 -> 72 -> 73 -> 74 -> 75 -> 76 -> 77 -> 78 -> 79 -> 80 -> 81 -> 82 -> 83 -> 84 -> 85 -> 86 -> 87 -> 88 -> 89 -> 90 -> 91 -> 92 -> 93 -> 94 -> 95 -> 96 -> 97 -> 98 -> 99","1190"
"2843","0 -> 1 -> 2 -> 4 -> 16 -> 17 -> 19 -> 21 -> 22 -> 23 -> 24 -> 25 -> 26 -> 27 -> 28 -> 29 -> 30 -> 31 -> 33 -> 34 -> 35 -> 36 -> 37 -> 38 -> 39 -> 40 -> 41 -> 42 -> 43 -> 44 -> 45 -> 46 -> 47 -> 48 -> 49 -> 50 -> 51 -> 52 -> 53 -> 54 -> 55 -> 56 -> 57 -> 58 -> 59 -> 60 -> 61 -> 62 -> 63 -> 64 -> 65 -> 66 -> 67 -> 68 -> 69 -> 70 -> 71 -> 72 -> 73 -> 74 -> 75 -> 76 -> 77 -> 78 -> 79 -> 80 -> 81 -> 82 -> 83 -> 84 -> 85 -> 86 -> 87 -> 88 -> 89 -> 90 -> 91 -> 92 -> 93 -> 94 -> 95 -> 96 -> 97 -> 98 -> 99","1220"
"2844","0 -> 2 -> 4 -> 47 -> 45 -> 46 -> 61 -> 62 -> 63 -> 99
No path found","1190"
"2845","0 -> 1 -> 2 -> 3 -> 4 -> 5 -> 6 -> 7 -> 8 -> 9 -> 10 -> 11 -> 12 -> 13 -> 14 -> 15 -> 16 -> 17 -> 18 -> 19 -> 20 -> 21 -> 22 -> 23 -> 24 -> 25 -> 26 -> 27 -> 28 -> 29 -> 30 -> 31 -> 32 -> 33 -> 34 -> 35 -> 36 -> 37 -> 38 -> 39 -> 40 -> 41 -> 42 -> 43 -> 44 -> 45 -> 46 -> 47 -> 48 -> 49 -> 50 -> 51 -> 52 -> 53 -> 54 -> 55 -> 56 -> 57 -> 58 -> 59 -> 60 -> 61 -> 62 -> 63 -> 64 -> 65 -> 66 -> 67 -> 68 -> 69 -> 70 -> 71 -> 72 -> 73 -> 74 -> 75 -> 76 -> 77 -> 78 -> 79 -> 80 -> 81 -> 82 -> 83 -> 84 -> 85 -> 86 -> 87 -> 88 -> 89 -> 90 -> 91 -> 92 -> 93 -> 94 -> 95 -> 96 -> 97 -> 98 -> 99","1214"
"2846","0 -> 2 -> 8 -> 9 -> 10 -> 11 -> 12 -> 5 -> 6 -> 32 -> 7 -> 8 -> 82 -> 87 -> 89 -> 64 -> 90 -> 91 -> 0
No path found","1208"
"2847","0 -> 2 -> 8 -> 9 -> 68 -> 10 -> 11 -> 74 -> 13 -> 14 -> 15 -> 96 -> 16 -> 17 -> 18 -> 19 -> 32 -> 33 -> 81 -> 34 -> 35 -> 42 -> 36 -> 38 -> 63 -> 39 -> 52 -> 40 -> 41 -> 35 -> 8 -> 10 -> 63 -> 98 -> 99 -> 90","1250"
"2848","0 -> 1 -> 2 -> 4 -> 5 -> 6 -> 7 -> 8 -> 9 -> 11 -> 12 -> 13 -> 14 -> 15 -> 16 -> 17 -> 18 -> 19 -> 20 -> 21 -> 22 -> 23 -> 24 -> 25 -> 26 -> 27 -> 28 -> 29 -> 30 -> 31 -> 32 -> 33 -> 34 -> 35 -> 36 -> 37 -> 38 -> 39 -> 40 -> 41 -> 42 -> 43 -> 44 -> 45 -> 46 -> 47 -> 48 -> 49 -> 50 -> 51 -> 52 -> 53 -> 54 -> 55 -> 56 -> 57 -> 58 -> 59 -> 60 -> 61 -> 62 -> 63 -> 64 -> 65 -> 66 -> 67 -> 68 -> 69 -> 70 -> 71 -> 72 -> 73 -> 74 -> 75 -> 76 -> 77 -> 78 -> 79 -> 80 -> 81 -> 82 -> 83 -> 84 -> 85 -> 86 -> 87 -> 88 -> 89 -> 90 -> 91 -> 92 -> 93 -> 94 -> 95 -> 96 -> 97 -> 98 -> 99","1208"
"2849","0 -> 2 -> 43 -> 45 -> 46 -> 48 -> 96 -> 93 -> 51 -> 27 -> 97 -> 99 
No path found","1196"
"2850","0 -> 1 -> 2 -> 3 -> 4 -> 5 -> 6 -> 7 -> 8 -> 9 -> 10 -> 11 -> 12 -> 13 -> 14 -> 15 -> 16 -> 17 -> 18 -> 19 -> 20 -> 21 -> 22 -> 23 -> 24 -> 25 -> 26 -> 27 -> 28 -> 29 -> 30 -> 31 -> 32 -> 33 -> 34 -> 35 -> 36 -> 37 -> 38 -> 39 -> 40 -> 41 -> 42 -> 43 -> 44 -> 45 -> 46 -> 47 -> 48 -> 49 -> 50 -> 51 -> 52 -> 53 -> 54 -> 55 -> 56 -> 57 -> 58 -> 59 -> 60 -> 61 -> 62 -> 63 -> 64 -> 65 -> 66 -> 67 -> 68 -> 69 -> 70 -> 71 -> 72 -> 73 -> 74 -> 75 -> 76 -> 77 -> 78 -> 79 -> 80 -> 81 -> 82 -> 83 -> 84 -> 85 -> 86 -> 87 -> 88 -> 89 -> 90 -> 91 -> 92 -> 93 -> 94 -> 95 -> 96 -> 97 -> 98 -> 99","1430"
"2851","0 -> 15 -> 16 -> 17 -> 18 -> 19 -> 20 -> 21 -> 22 -> 23 -> 24 -> 25 -> 26 -> 27 -> 28 -> 29 -> 30 -> 31 -> 32 -> 33 -> 34 -> 35 -> 36 -> 37 -> 38 -> 39 -> 40 -> 41 -> 42 -> 43 -> 44 -> 45 -> 46 -> 47 -> 48 -> 49 -> 50 -> 51 -> 52 -> 53 -> 54 -> 55 -> 56 -> 57 -> 58 -> 59 -> 60 -> 61 -> 62 -> 63 -> 64 -> 65 -> 66 -> 67 -> 68 -> 69 -> 70 -> 71 -> 72 -> 73 -> 74 -> 75 -> 76 -> 77 -> 78 -> 79 -> 80 -> 81 -> 82 -> 83 -> 84 -> 85 -> 86 -> 87 -> 88 -> 89 -> 90 -> 91 -> 92 -> 93 -> 94 -> 95 -> 96 -> 97 -> 98 -> 99","1454"
"2852","0 -> 2 -> 8 -> 9 -> 11 -> 12 -> 14 -> 6 -> 10 -> 12 -> 34 -> 15 -> 16 -> 13 -> 86 -> 87 -> 25 -> 17 -> 19 -> 70 -> 57 -> 59 -> 68 -> 33 -> 34 -> 77 -> 91 -> 92 -> 48 -> 60 -> 62 -> 91 -> 8 -> 10 -> 67 -> 49 -> 51 -> 44 -> 5 -> 7 -> 14 -> 78 -> 80 -> 71 -> 19 -> 20 -> 1 -> 11 -> 13 -> 26 -> 4 -> 6 -> 14 -> 43 -> 44 -> 50 -> 38 -> 40 -> 44 -> 96 -> 98 -> 60 -> 12 -> 14 -> 6 -> 46 -> 48 -> 55 -> 79 -> 80 -> 36 -> 90 -> 91 -> 10 -> 19 -> 21 -> 84 -> 85 -> 86 -> 44 -> 40 -> 41 -> 100 -> 66 -> 68 -> 14 -> 70 -> 72 -> 51 -> 74 -> 76 -> 6 -> 7 -> 80 -> 10 -> 11 -> 69 -> 32 -> 33 -> 37 -> 27 -> 28 -> 40 -> 43 -> 45 -> 64 -> 30 -> 32 -> 4 -> 82 -> 83 -> 74 -> 73 -> 75 -> 17 -> 24 -> 25 -> 64 -> 65 -> 69 -> 97 -> 99 -> 75","1424"
"2853","0 -> 2 -> 8 -> 4 -> 78 -> 16 -> 11 -> 12 -> 69 -> 15 -> 10 -> 14 -> 22 -> 33 -> 36 -> 8 -> 44 -> 52 -> 53 -> 60 -> 84 -> 85 -> 78 -> 26 -> 83 -> 86 -> 26 -> 64 -> 67 -> 0 -> 69 -> 71 -> 0 -> 94 -> 95 -> 72 -> 77 -> 8 -> 21 -> 22 -> 52 -> 41 -> 43 -> 36 -> 44 -> 52 -> 49 -> 50 -> 60 -> 65 -> 67 -> 0 -> 46 -> 48 -> 41 -> 75 -> 77 -> 0 -> 3 -> 4 -> 17 -> 5 -> 6 -> 54 -> 51 -> 29 -> 57 -> 58 -> 45 -> 98 -> 99 -> 45","1442"
"2854","0 -> 1 -> 10 -> 9 -> 20 -> 22 -> 24 -> 93 -> 94 -> 45 -> 99
No path found","1436"
"2855","0 -> 2 -> 8 -> 9 -> 64 -> 14 -> 16 -> 68 -> 92 -> 97 -> 15 
No path found","1448"
"2856","0 -> 3 -> 4 -> 14 -> 16 -> 22 -> 23 -> 65 -> 27 -> 29 -> 85 -> 89 -> 91 -> 92 -> 94 -> 95 -> 96 -> 97 -> 98 -> 99
'No path found'","1424"
"2857","0 -> 2 -> 15 -> 36 -> 38 -> 22 -> 40 -> 41 -> 39 -> 36 -> 37 -> 87 -> 88 -> 85 -> 46 -> 47 -> 85 -> 54 -> 53 -> 94 -> 52 -> 54 -> 28 -> 20 -> 22 -> 0
No path found","1454"
"2858","0 -> 3 -> 14 -> 38 -> 41 -> 99
No path found","1418"
"2859","0 -> 1 -> 2 -> 3 -> 4 -> 5 -> 6 -> 7 -> 8 -> 9 -> 10 -> 11 -> 12 -> 13 -> 14 -> 15 -> 16 -> 17 -> 18 -> 19 -> 20 -> 21 -> 22 -> 23 -> 24 -> 25 -> 26 -> 27 -> 28 -> 29 -> 30 -> 31 -> 32 -> 33 -> 34 -> 35 -> 36 -> 37 -> 38 -> 39 -> 40 -> 41 -> 42 -> 43 -> 44 -> 45 -> 46 -> 47 -> 48 -> 49 -> 50 -> 51 -> 52 -> 53 -> 54 -> 55 -> 56 -> 57 -> 58 -> 59 -> 60 -> 61 -> 62 -> 63 -> 64 -> 65 -> 66 -> 67 -> 68 -> 69 -> 70 -> 71 -> 72 -> 73 -> 74 -> 75 -> 76 -> 77 -> 78 -> 79 -> 80 -> 81 -> 82 -> 83 -> 84 -> 85 -> 86 -> 87 -> 88 -> 89 -> 90 -> 91 -> 92 -> 93 -> 94 -> 95 -> 96 -> 97 -> 98 -> 99","1460"
"2860","0 -> 1 -> 3 -> 86 -> 89 -> 71 -> 62 -> 80 -> 84 -> 18 -> 23 -> 24 -> 20 -> 74 -> 19 -> 21 -> 22 -> 63 -> 78 -> 16 -> 10 -> 11 -> 26 -> 54 -> 56 -> 89 -> 0 -> 2 -> 90 -> 73 -> 75 -> 85 -> 91 -> 93 -> 81 -> 58 -> 59 -> 90 -> 30 -> 31 -> 32 -> 44 -> 45 -> 3 -> 76 -> 77 -> 55 -> 26 -> 27 -> 14 -> 16 -> 18 -> 91 -> 29 -> 31 -> 99 -> 90 -> 92 -> 5 -> 50 -> 51 -> 48 -> 1 -> 3 -> 94 -> 20 -> 22 -> 91 -> 57 -> 58 -> 99 -> 96 -> 97 -> 55 -> 25 -> 26 -> 56 -> 15 -> 17 -> 22 -> 75 -> 77 -> 84 -> 74 -> 76 -> 41 -> 79 -> 81 -> 26 -> 34 -> 35 -> 80 -> 41 -> 42 -> 18 -> 14 -> 17 -> 23 -> 26 -> 28 -> 2 -> 71 -> 73 -> 43 -> 35 -> 36 -> 35 -> 93 -> 94 -> 40 -> 71 -> 72 -> 26 -> 16 -> 17 -> 39 -> 33 -> 34 -> 58 -> 94 -> 96 -> 7 -> 13 -> 15 -> 26 -> 36 -> 37 -> 46 -> 18 -> 20 -> 25 -> 54 -> 55 -> 65 -> 56 -> 58 -> 84 -> 80 -> 82 -> 40 -> 51 -> 52 -> 33 -> 14 -> 18 -> 73 -> 74 -> 3 -> 6 -> 8 -> 15 -> 68 -> 69 -> 98 -> 88 -> 90 -> 79 -> 12 -> 13 -> 84 -> 46 -> 48 -> 30 -> 2 -> 4 -> 85 -> 32 -> 33 -> 9 -> 61 -> 63 -> 2 -> 53 -> 55 -> 75 -> 35 -> 37 -> 9 -> 5 -> 6 -> 71 -> 65 -> 67 -> 29 -> 49 -> 51 -> 69 -> 1 -> 2 -> 23 -> 87 -> 88 -> 67 -> 94 -> 95 -> 44 -> 17 -> 20 -> 68 -> 71 -> 31 -> 31 -> 32 -> 88 -> 64 -> 65 -> 56 -> 82 -> 84 -> 54 -> 81 -> 82 -> 16 -> 14 -> 16 -> 59 -> 83 -> 84 -> 99 -> 67 -> 68 -> 40 -> 7 -> 8 -> 39 -> 12 -> 14 -> 18 -> 70 -> 71 -> 49 -> 30 -> 32 -> 2 -> 62 -> 64 -> 16 -> 47 -> 49 -> 37 -> 3 -> 4 -> 92 -> 95 -> 97 -> 85 -> 70 -> 72 -> 84 -> 80 -> 81 -> 75 -> 86 -> 88 -> 93 -> 72 -> 74 -> 44 -> 20 -> 21 -> 79 -> 6 -> 7 -> 73 ->","1466"
"2861","0 -> 2 -> 9 -> 34 -> 35 -> 20 -> 12 -> 14 -> 27 -> 79 -> 80 -> 62 -> 77 -> 79 -> 95 -> 43 -> 45 -> 10 -> 6 -> 7 -> 42 -> 26 -> 27 -> 41 -> 90 -> 91 -> 53 -> 1 -> 2 -> 87 -> 27 -> 29 -> 53 -> 36 -> 37 -> 22 -> 55 -> 56 -> 18 -> 68 -> 70 -> 88 -> 58 -> 60 -> 78 -> 57 -> 59 -> 89 -> 14 -> 16 -> 32 -> 22 -> 71 -> 72 -> 0 -> 68 -> 69 -> 4 -> 96 -> 97 -> 11 -> 66 -> 68 -> 53 -> 24 -> 26 -> 92 -> 93 -> 95 -> 73 -> 75 -> 62 -> 35 -> 37 -> 60 -> 1 -> 3 -> 19 -> 65 -> 66 -> 76 -> 89 -> 90 -> 46 -> 93 -> 94 -> 46 -> 19 -> 20 -> 40 -> 74 -> 76 -> 66 -> 82 -> 84 -> 86 -> 53 -> 54 -> 10 -> 44 -> 45 -> 99 -> 72 -> 74 -> 14 -> 60 -> 62 -> 77 -> 53 -> 55 -> 78 -> 67 -> 68 -> 70 -> 60 -> 61 -> 23 -> 31 -> 32 -> 100 -> 23 -> 25 -> 89 -> 47 -> 49 -> 32 -> 91 -> 92 -> 95 -> 76 -> 78 -> 52 -> 36 -> 38 -> 36 -> 8 -> 9 -> 53 -> 32 -> 34 -> 79 -> 0","1460"
"2862","0 -> 1 -> 6 -> 8 -> 3 -> 5 -> 7 -> 80 -> 58 -> 27 -> 85 -> 87 -> 11 -> 13 -> 0 -> 61 -> 63 -> 70 -> 36 -> 41 -> 42 -> 8 -> 78 -> 81 -> 49 -> 37 -> 38 -> 60 -> 62 -> 62 -> 42 -> 43 -> 55 -> 58 -> 93 -> 44 -> 46 -> 60 -> 81 -> 82 -> 66 -> 42 -> 44 -> 60 -> 98 -> 99 -> 82 -> 39 -> 40 -> 0 -> 63 -> 64 -> 100 -> 78 -> 80 -> 34 -> 31 -> 32 -> 85 -> 9 -> 10 -> 60 -> 86 -> 87 -> 62 -> 6 -> 8 -> 68 -> 59 -> 61 -> 83 -> 90 -> 91 -> 9 -> 93 -> 94 -> 69 -> 19 -> 21 -> 27 -> 8 -> 10 -> 30 -> 29 -> 31 -> 18 -> 74 -> 76 -> 17 -> 15 -> 4 -> 5 -> 41 -> 54 -> 56 -> 39 -> 69 -> 71 -> 55 -> 35 -> 36 -> 4 -> 83 -> 85 -> 35 -> 54 -> 55 -> 25 -> 38 -> 39 -> 14 -> 74 -> 77 -> 20 -> 26 -> 27 -> 95 -> 7 -> 8 -> 3 -> 31 -> 33 -> 88 -> 21 -> 23 -> 81 -> 70 -> 72 -> 36 -> 82 -> 86 -> 68 -> 81 -> 83 -> 70 -> 87 -> 89 -> 62 -> 69 -> 70 -> 29 -> 56 -> 58 -> 89 -> 53 -> 55 -> 40 -> 32 -> 34 -> 25 -> 32 -> 33 -> 1 -> 88 -> 90 -> 15 -> 24 -> 26 -> 20 -> 23 -> 24 -> 58 -> 48 -> 49 -> 94 -> 4 -> 6 -> 9 -> 9 -> 11 -> 68 -> 45 -> 47 -> 26 -> 26 -> 28 -> 43 -> 12 -> 13 -> 6 -> 68 -> 69 -> 17 -> 83 -> 84 -> 63 -> 79 -> 80 -> 40 -> 40 -> 42 -> 54 -> 18 -> 20 -> 8 -> 73 -> 74 -> 97 -> 2 -> 4 -> 13 -> 53 -> 54 -> 33 -> 17 -> 37 -> 95 -> 97 -> 35 -> 92 -> 94 -> 19 -> 75 -> 77 -> 53 -> 77 -> 80 -> 31 -> 4 -> 7 -> 61 -> 62 -> 64 -> 5 -> 90 -> 92 -> 25 -> 41 -> 43 -> 46 -> 3 -> 4 -> 24 -> 60 -> 61 -> 54 -> 58 -> 2 -> 46 -> 47 -> 69 -> 33 -> 35 -> 61 -> 89 -> 91 -> 42 -> 45 -> 46 -> 33 -> 13 -> 15 -> 94 -> 34 -> 35 -> 22 -> 76 -> 77 -> 4 -> 21 -> 22 -> 44 -> 82 -> 84 -> 68 -> 77 -> 78 -> 61 -> 84 -> 85 -> 96 -> 57 -> 59 -> 96 -> 56 -> 57 -> 57 -> 55 -> 49 -> 51 -> 65 -> 96 -> 98 -> 20 -> 29 -> 30 -> 65 -> 71 -> 73 -> 15 -> 58 -> 59 -> 30 -> 27 -> 29 -> 74 -> 55 -> 56 -> 7 -> 66 -> 67 -> 31 -> 52 -> 54 -> 34 -> 94 -> 96 -> 95 -> 25 -> 26 -> 98 -> 78 -> 79 -> 53 -> 43 -> 44 -> 41 -> 0 -> 1 -> 36 -> 5 -> 6 -> 92 -> 35 -> 37 -> 65 -> 77 -> 79 -> 69 -> 28 -> 30 -> 99 -> 64 -> 65 -> 47 -> 33 -> 36 -> 75 -> 63 -> 66 -> 72","1496"
"2863","0 -> 1 -> 2 -> 3 -> 4 -> 5 -> 7 -> 8 -> 9 -> 10 -> 11 -> 12 -> 13 -> 14 -> 15 -> 16 -> 17 -> 18 -> 19 -> 20 -> 21 -> 22 -> 23 -> 24 -> 25 -> 26 -> 27 -> 28 -> 29 -> 30 -> 31 -> 32 -> 33 -> 34 -> 35 -> 36 -> 37 -> 38 -> 39 -> 40 -> 41 -> 42 -> 43 -> 44 -> 45 -> 46 -> 47 -> 48 -> 49 -> 50 -> 51 -> 52 -> 53 -> 54 -> 55 -> 56 -> 57 -> 58 -> 59 -> 60 -> 61 -> 62 -> 63 -> 64 -> 65 -> 66 -> 67 -> 68 -> 69 -> 70 -> 71 -> 72 -> 73 -> 74 -> 75 -> 76 -> 77 -> 78 -> 79 -> 80 -> 81 -> 82 -> 83 -> 84 -> 85 -> 86 -> 87 -> 88 -> 89 -> 90 -> 91 -> 92 -> 93 -> 94 -> 95 -> 96 -> 97 -> 98 -> 99","1478"
"2864","0 -> 1 -> 3 -> 15 -> 17 -> 28 -> 31 -> 12 -> 14 -> 11 -> 13 -> 15 -> 73 -> 63 -> 65 -> 96 -> 44 -> 45 -> 35 -> 72 -> 74 -> 97 -> 32 -> 34 -> 97 -> 12 -> 14 -> 11 -> 28 -> 31 -> 12 -> 13 -> 15 -> 73 -> 63 -> 65 -> 96 -> 44 -> 45 -> 35 -> 72 -> 74 -> 97 -> 67 -> 68 -> 1 -> 31 -> 32 -> 23 -> 54 -> 55 -> 93 -> 68 -> 70 -> 99 -> 95 -> 96 -> 77 -> 38 -> 39 -> 61 -> 40 -> 41 -> 5 -> 42 -> 44 -> 44 -> 92 -> 94 -> 87 -> 94 -> 96 -> 37 -> 96 -> 97 -> 3 -> 61 -> 62 -> 39 -> 74 -> 76 -> 67 -> 68 -> 87 -> 11 -> 12 -> 63 -> 71 -> 72 -> 50 -> 80 -> 82 -> 6 -> 51 -> 52 -> 93 -> 29 -> 30 -> 67 -> 78 -> 80 -> 53 -> 55 -> 99 -> 63 -> 64 -> 66 -> 81 -> 83 -> 1 -> 92 -> 93 -> 6 -> 91 -> 92 -> 71 -> 18 -> 20 -> 70 -> 96 -> 98 -> 50 -> 48 -> 50 -> 40 -> 23 -> 25 -> 20 -> 10 -> 13 -> 85 -> 25 -> 26 -> 27 -> 88 -> 89 -> 54 -> 6 -> 7 -> 63 -> 74 -> 75 -> 46 -> 64 -> 66 -> 61 -> 36 -> 37 -> 25 -> 0 -> 2 -> 99","1490"
"2865","0 -> 3 -> 4 -> 5 -> 6 -> 8 -> 11 -> 12 -> 13 -> 14 -> 15 -> 16 -> 17 -> 18 -> 19 -> 20 -> 21 -> 22 -> 23 -> 24 -> 25 -> 26 -> 27 -> 28 -> 29 -> 30 -> 31 -> 32 -> 33 -> 34 -> 35 -> 36 -> 37 -> 38 -> 39 -> 40 -> 41 -> 42 -> 43 -> 44 -> 45 -> 46 -> 47 -> 48 -> 49 -> 50 -> 51 -> 52 -> 53 -> 54 -> 55 -> 56 -> 57 -> 58 -> 59 -> 60 -> 61 -> 62 -> 63 -> 64 -> 65 -> 66 -> 67 -> 68 -> 69 -> 70 -> 71 -> 72 -> 73 -> 74 -> 75 -> 76 -> 77 -> 78 -> 79 -> 80 -> 81 -> 82 -> 83 -> 84 -> 85 -> 86 -> 87 -> 88 -> 89 -> 90 -> 91 -> 92 -> 93 -> 94 -> 95 -> 96 -> 97 -> 98 -> 99","1502"
"2866","0 -> 5 -> 6 -> 11
31 -> 33 -> 46
64 -> 67 -> 22
5 -> 7 -> 41
25 -> 27 -> 36
33 -> 35 -> 96
61 -> 62 -> 3
57 -> 59 -> 30
79 -> 81 -> 35
74 -> 75 -> 15
41 -> 42 -> 9
85 -> 86 -> 57
1 -> 3 -> 56
94 -> 96 -> 49
34 -> 35 -> 54
39 -> 42 -> 21
25 -> 26 -> 13
63 -> 65 -> 54
41 -> 43 -> 75
76 -> 78 -> 91
55 -> 58 -> 82
45 -> 48 -> 67
23 -> 24 -> 91
95 -> 96 -> 13
36 -> 38 -> 66
87 -> 89 -> 43
16 -> 18 -> 50
39 -> 40 -> 77
45 -> 47 -> 95
69 -> 71 -> 72
97 -> 99 -> 76
4 -> 5 -> 91
46 -> 47 -> 73
63 -> 66 -> 61
23 -> 25 -> 91
63 -> 64 -> 88
89 -> 91 -> 30
48 -> 50 -> 85
64 -> 65 -> 45
20 -> 22 -> 60
55 -> 57 -> 17
88 -> 90 -> 88
42 -> 43 -> 59
20 -> 21 -> 69
32 -> 33 -> 52
15 -> 16 -> 2
61 -> 63 -> 75
38 -> 39 -> 17
21 -> 22 -> 6
15 -> 17 -> 7
98 -> 99 -> 14
75 -> 76 -> 65
28 -> 30 -> 100
19 -> 21 -> 61
71 -> 72 -> 37
48 -> 49 -> 84
10 -> 11 -> 71
49 -> 50 -> 75
82 -> 84 -> 5
32 -> 34 -> 7
8 -> 10 -> 76
43 -> 45 -> 16
12 -> 14 -> 86
68 -> 70 -> 70
70 -> 72 -> 95
45 -> 46 -> 14
60 -> 61 -> 87
38 -> 40 -> 55
34 -> 36 -> 85
73 -> 75 -> 36
56 -> 58 -> 89
95 -> 97 -> 45
84 -> 86 -> 29
86 -> 88 -> 61
54 -> 55 -> 19
74 -> 76 -> 40
68 -> 69 -> 81
40 -> 42 -> 99
69 -> 70 -> 95
28 -> 29 -> 90
33 -> 34 -> 11
52 -> 53 -> 0
12 -> 13 -> 54
83 -> 84 -> 60
77 -> 80 -> 95
0 -> 3 -> 14
64 -> 66 -> 37","1478"
"2867","0 -> 4 -> 5 -> 99
No path found","1496"
"2868","0 -> 2 -> 4 -> 7 -> 8 -> 9 -> 10 -> 12 -> 13 -> 15 -> 16 -> 18 -> 19 -> 20 -> 21 -> 22 -> 23 -> 24 -> 25 -> 26 -> 27 -> 28 -> 29 -> 30 -> 31 -> 32 -> 33 -> 34 -> 35 -> 36 -> 37 -> 38 -> 39 -> 40 -> 41 -> 42 -> 43 -> 44 -> 45 -> 46 -> 47 -> 48 -> 49 -> 50 -> 51 -> 52 -> 53 -> 54 -> 55 -> 56 -> 57 -> 58 -> 59 -> 60 -> 61 -> 62 -> 63 -> 64 -> 65 -> 66 -> 67 -> 68 -> 69 -> 70 -> 71 -> 72 -> 73 -> 74 -> 75 -> 76 -> 77 -> 78 -> 79 -> 80 -> 81 -> 82 -> 83 -> 84 -> 85 -> 86 -> 87 -> 88 -> 89 -> 90 -> 91 -> 92 -> 93 -> 94 -> 95 -> 96 -> 97 -> 98 -> 99","1448"
"2869","0 -> 1 -> 2 -> 3 -> 4 -> 5 -> 6 -> 7 -> 8 -> 9 -> 10 -> 11 -> 12 -> 13 -> 14 -> 15 -> 16 -> 17 -> 18 -> 19 -> 20 -> 21 -> 22 -> 23 -> 24 -> 25 -> 26 -> 27 -> 28 -> 29 -> 30 -> 31 -> 32 -> 33 -> 34 -> 35 -> 36 -> 37 -> 38 -> 39 -> 40 -> 41 -> 42 -> 43 -> 44 -> 45 -> 46 -> 47 -> 48 -> 49 -> 50 -> 51 -> 52 -> 53 -> 54 -> 55 -> 56 -> 57 -> 58 -> 59 -> 60 -> 61 -> 62 -> 63 -> 64 -> 65 -> 66 -> 67 -> 68 -> 69 -> 70 -> 71 -> 72 -> 73 -> 74 -> 75 -> 76 -> 77 -> 78 -> 79 -> 80 -> 81 -> 82 -> 83 -> 84 -> 85 -> 86 -> 87 -> 88 -> 89 -> 90 -> 91 -> 92 -> 93 -> 94 -> 95 -> 96 -> 97 -> 98 -> 99","1496"
"2870","0 -> 2 -> 43 -> 46 -> 36 -> 51 -> 54 -> 18 -> 73 -> 74 -> 46 -> 17 -> 28 -> 29 -> 75 -> 78 -> 9 -> 15 -> 16 -> 98 -> 86 -> 88 -> 56 -> 26 -> 27 -> 4 -> 18 -> 20 -> 44 -> 31 -> 32 -> 92 -> 75 -> 78 -> 80 -> 17 -> 7 -> 8 -> 79 -> 23 -> 25 -> 73 -> 47 -> 50 -> 87 -> 54 -> 55 -> 29 -> 69 -> 71 -> 98 -> 83 -> 84 -> 76 -> 43 -> 44 -> 59 -> 50 -> 53 -> 21 -> 63 -> 64 -> 51 -> 14 -> 16 -> 52 -> 39 -> 40 -> 88 -> 9 -> 12 -> 36 -> 71 -> 72 -> 90 -> 9 -> 10 -> 66 -> 13 -> 14 -> 84 -> 8 -> 9 -> 91 -> 22 -> 23 -> 88 -> 42 -> 43 -> 48 -> 4 -> 5 -> 100 -> 90 -> 93 -> 38 -> 55 -> 60 -> 41 -> 11 -> 12 -> 40 -> 38 -> 40 -> 97 -> 87 -> 89 -> 46 -> 16 -> 17 -> 94 -> 56 -> 58 -> 47 -> 56 -> 57 -> 41 -> 13 -> 15 -> 93 -> 85 -> 88 -> 25 -> 72 -> 74 -> 28 -> 45 -> 46 -> 72 -> 29 -> 35 -> 67 -> 0","584"
"2871","0 -> 2 -> 5 -> 7 -> 13 -> 5 -> 7 -> 13 -> 5 -> 7 -> 85 -> 86 -> 85 -> 83 -> 84 -> 85 -> 71 -> 72 -> 37 -> 73 -> 53 -> 72 -> 73 -> 53 -> 77 -> 76 -> 77 -> 28 -> 77 -> 78 -> 70 -> 71 -> 78 -> 79 -> 7 -> 79 -> 80 -> 7 -> 80 -> 79 -> 85 -> 83 -> 84 -> 85 -> 71 -> 72 -> 37 -> 73 -> 53 -> 72 -> 73 -> 53 -> 77 -> 76 -> 77 -> 28 -> 77 -> 78 -> 70 -> 71 -> 78 -> 79 -> 7 -> 79 -> 80 -> 11 -> 30 -> 32 -> 21 -> 26 -> 63 -> 25 -> 26 -> 63 -> 62 -> 59 -> 63 -> 62 -> 56 -> 58 -> 24 -> 56 -> 57 -> 21 -> 56 -> 57 -> 21 -> 28 -> 30 -> 11 -> 54 -> 56 -> 48 -> 43 -> 44 -> 47 -> 16 -> 17 -> 7 -> 22 -> 51 -> 53 -> 35 -> 52 -> 6 -> 8 -> 78 -> 45 -> 49 -> 25 -> 83 -> 85 -> 42 -> 31 -> 33 -> 39 -> 32 -> 33 -> 65 -> 70 -> 71 -> 78 -> 86 -> 87 -> 28 -> 6 -> 9 -> 100 -> 92 -> 93 -> 57 -> 42 -> 43 -> 71 -> 81 -> 83 -> 43 -> 75 -> 79 -> 27 -> 21 -> 23 -> 56 -> 21 -> 56 -> 21 -> 28 -> 30 -> 11 -> 54 -> 56 -> 48 -> 43 -> 44 -> 47 -> 19 -> 22 -> 90 -> 52 -> 53 -> 35 -> 47 -> 49 -> 71 -> 33 -> 34 -> 17 -> 22 -> 23 -> 89 -> 40 -> 41 -> 60 -> 10 -> 11 -> 36 -> 5 -> 6 -> 52 -> 92 -> 93 -> 57 -> 42 -> 43 -> 71 -> 81 -> 83 -> 43 -> 75 -> 79 -> 27 -> 21 -> 23 -> 56 -> 21 -> 56 -> 21 -> 28 -> 30 -> 11","584"
"2872","0 -> 16 -> 19 -> 18 -> 64 -> 66 -> 17 -> 93 -> 96 -> 98 -> 67 -> 68 -> 8 -> 47 -> 49 -> 73 -> 46 -> 70 -> 71 -> 59 -> 60 -> 95 -> 16 -> 19 -> 4 -> 32 -> 33 -> 41 -> 42 -> 83 -> 8 -> 9 -> 55 -> 46 -> 47 -> 33 -> 45 -> 47 -> 52 -> 49 -> 50 -> 29 -> 26 -> 27 -> 35 -> 70 -> 72 -> 17 -> 41 -> 43 -> 19 -> 73 -> 75 -> 53 -> 2 -> 3 -> 98 -> 11 -> 13 -> 11 -> 73 -> 76 -> 29 -> 87 -> 88 -> 53 -> 29 -> 32 -> 1 -> 40 -> 41 -> 21 -> 26 -> 21 -> 71 -> 76 -> 55 -> 49 -> 52 -> 15 -> 83 -> 84 -> 75 -> 28 -> 29 -> 48 -> 41 -> 42 -> 83","458"
"2873","0 -> 2 -> 3 -> 67 -> 69 -> 96 -> 99 
No path found","602"
"2874","0 -> 4 -> 6 -> 9 -> 12 -> 18 -> 21 -> 22 -> 80 -> 94 -> 60 -> 90 -> 71 -> 72 -> 96 -> 99
No path found","608"
"2875","0 -> 1 -> 2 -> 3 -> 5 -> 6 -> 7 -> 9 -> 10 -> 11 -> 13 -> 14 -> 15 -> 16 -> 17 -> 18 -> 20 -> 22 -> 23 -> 24 -> 26 -> 27 -> 28 -> 29 -> 30 -> 31 -> 32 -> 33 -> 34 -> 35 -> 36 -> 37 -> 38 -> 39 -> 41 -> 43 -> 44 -> 45 -> 47 -> 48 -> 49 -> 50 -> 51 -> 52 -> 53 -> 54 -> 55 -> 56 -> 57 -> 58 -> 59 -> 60 -> 61 -> 62 -> 63 -> 64 -> 65 -> 66 -> 67 -> 68 -> 69 -> 70 -> 71 -> 72 -> 73 -> 74 -> 75 -> 76 -> 77 -> 78 -> 79 -> 80 -> 81 -> 82 -> 83 -> 84 -> 85 -> 86 -> 87 -> 88 -> 89 -> 90 -> 91 -> 92 -> 93 -> 94 -> 95 -> 96 -> 97 -> 98 -> 99","536"
"2876","0 -> 16 -> 18 -> 43 -> 45 -> 89 -> 90 -> 95 -> 96 -> 99 
No path found","578"
"2877","0 -> 2 -> 8 -> 7 -> 10 -> 44 -> 56 -> 57 -> 6 -> 12 -> 14 -> 83 -> 29 -> 72 -> 75 -> 78 -> 79 -> 91 -> 82 -> 83 -> 92 -> 99","530"
"2878","0 -> 2 -> 3 -> 34 -> 37 -> 59 -> 66 -> 67 -> 50 -> 76 -> 81 -> 42 -> 53 -> 97 -> 99 
No path found","542"
"2879","0 -> 2 -> 55 -> 58 -> 85 -> 89 -> 15 -> 17 -> 73 -> 74 -> 91 -> 92 -> 96 -> 98 -> 99 

No path found","530"
"2880","0 -> 5 -> 8 -> 9 -> 12 -> 27 -> 29 -> 25 -> 34 -> 36 -> 33 -> 41 -> 43 -> 46 -> 47 -> 49 -> 68 -> 69 -> 73 -> 74 -> 80 -> 81 -> 82 -> 83 -> 50 -> 52 -> 55 -> 54 -> 95 -> 96 -> 97 -> 98 -> 99","842"
"2881","0 -> 1 -> 10 -> 12 -> 13 -> 17 -> 18 -> 19 -> 21 -> 22 -> 23 -> 24 -> 28 -> 29 -> 31 -> 33 -> 34 -> 35 -> 37 -> 38 -> 39 -> 40 -> 42 -> 43 -> 44 -> 45 -> 46 -> 47 -> 48 -> 49 -> 51 -> 52 -> 53 -> 55 -> 56 -> 57 -> 58 -> 59 -> 60 -> 61 -> 62 -> 63 -> 64 -> 65 -> 66 -> 67 -> 68 -> 69 -> 70 -> 71 -> 72 -> 73 -> 74 -> 75 -> 76 -> 77 -> 78 -> 79 -> 80 -> 81 -> 82 -> 83 -> 84 -> 85 -> 86 -> 87 -> 88 -> 89 -> 90 -> 91 -> 92 -> 93 -> 94 -> 96 -> 98 -> 99","872"
"2882","0 -> 2 -> 3 -> 5 -> 6 -> 8 -> 9 -> 11 -> 14 -> 20 -> 22 -> 23 -> 50 -> 51 -> 52 -> 53 -> 54 -> 57 -> 60 -> 61 -> 62 -> 63 -> 64 -> 65 -> 67 -> 68 -> 71 -> 72 -> 73 -> 74 -> 75 -> 76 -> 77 -> 80 -> 81 -> 82 -> 83 -> 85 -> 86 -> 87 -> 88 -> 89 -> 90 -> 91 -> 92 -> 93 -> 94 -> 95 -> 96 -> 98 -> 99","848"
"2883","0 -> 2 -> 3 -> 5 -> 14 -> 15 -> 28 -> 29 -> 11 -> 22 -> 53 -> 21 -> 18 -> 20 -> 51 -> 90 -> 91 -> 81 -> 80 -> 82 -> 3 -> 28 -> 31 -> 56 -> 26 -> 25 -> 0
No path found","758"
"2884","0 -> 2 -> 4 -> 97 -> 18 -> 19 -> 74 -> 79 -> 80 -> 27 -> 33 -> 34 -> 98 -> 92 -> 94 -> 13 -> 58 -> 61 -> 88 -> 58 -> 60 -> 63 -> 39 -> 42 -> 71 -> 80 -> 83 -> 83 -> 75 -> 76 -> 65 -> 24 -> 25 -> 34 -> 27 -> 28 -> 95 -> 16 -> 15 -> 0","854"
"2885","0 -> 1 -> 2 -> 3 -> 6 -> 8 -> 9 -> 10 -> 11 -> 12 -> 13 -> 14 -> 15 -> 16 -> 17 -> 18 -> 19 -> 20 -> 21 -> 22 -> 23 -> 24 -> 25 -> 26 -> 27 -> 28 -> 29 -> 30 -> 31 -> 32 -> 33 -> 34 -> 35 -> 36 -> 37 -> 38 -> 39 -> 40 -> 41 -> 42 -> 43 -> 44 -> 45 -> 46 -> 47 -> 48 -> 49 -> 50 -> 51 -> 52 -> 53 -> 54 -> 55 -> 56 -> 57 -> 58 -> 59 -> 60 -> 61 -> 62 -> 63 -> 64 -> 65 -> 66 -> 67 -> 68 -> 69 -> 70 -> 71 -> 72 -> 73 -> 74 -> 75 -> 76 -> 77 -> 78 -> 79 -> 80 -> 81 -> 82 -> 83 -> 84 -> 85 -> 86 -> 87 -> 88 -> 89 -> 90 -> 91 -> 92 -> 93 -> 94 -> 95 -> 96 -> 97 -> 98 -> 99","866"
"2886","0 -> 4 -> 5 -> 7 -> 8 -> 12 -> 77 -> 78 -> 2 -> 33 -> 34 -> 47 -> 51 -> 52 -> 1 -> 88 -> 90 -> 80 -> 81 -> 60 -> 28 -> 30 -> 56 -> 35 -> 0
No path found","860"
"2887","0 -> 1 -> 2 -> 8 -> 9 -> 10 -> 11 -> 15 -> 31 -> 32 -> 40 -> 41 -> 43 -> 82 -> 83 -> 84 -> 89 -> 91 -> 99
or 
No path found","824"
"2888","0 -> 2 -> 8 -> 9 -> 92 -> 93 -> 17 -> 74 -> 75 -> 43 -> 54 -> 55 -> 72 -> 74 -> 95 -> 96 -> 12 -> 49 -> 51 -> 46 -> 47 -> 80 -> 47 -> 58 -> 44 -> 56 -> 57 -> 4 -> 27 -> 83 -> 25 -> 26 -> 48 -> 67 -> 69 -> 98 -> 99","842"
"2889","0 -> 1 -> 2 -> 3 -> 4 -> 5 -> 6 -> 7 -> 8 -> 9 -> 10 -> 11 -> 12 -> 13 -> 14 -> 15 -> 16 -> 17 -> 18 -> 19 -> 20 -> 21 -> 22 -> 23 -> 24 -> 25 -> 26 -> 27 -> 28 -> 29 -> 30 -> 31 -> 32 -> 33 -> 34 -> 35 -> 36 -> 37 -> 38 -> 39 -> 40 -> 41 -> 42 -> 43 -> 44 -> 45 -> 46 -> 47 -> 48 -> 49 -> 50 -> 51 -> 52 -> 53 -> 54 -> 55 -> 56 -> 57 -> 58 -> 59 -> 60 -> 61 -> 62 -> 63 -> 64 -> 65 -> 66 -> 67 -> 68 -> 69 -> 70 -> 71 -> 72 -> 73 -> 74 -> 75 -> 76 -> 77 -> 78 -> 79 -> 80 -> 81 -> 82 -> 83 -> 84 -> 85 -> 86 -> 87 -> 88 -> 89 -> 90 -> 91 -> 92 -> 93 -> 94 -> 95 -> 96 -> 97 -> 98 -> 99","860"
"2890","0 -> 1 -> 4 -> 2 -> 34 -> 98 -> 31 -> 35 -> 70 -> 72 -> 74 -> 63 -> 66 -> 67 -> 68 -> 85 -> 86 -> 85 -> 82 -> 81 -> 85 -> 84 -> 73 -> 74 -> 73 -> 75 -> 84 -> 70 -> 72 -> 99","1262"
"2891","0 -> 15 -> 20 -> 21 -> 77 -> 30 -> 31 -> 79 -> 93 -> 94 -> 66 -> 35 -> 38 -> 59 -> 73 -> 75 -> 80 -> 81 -> 29 -> 50 -> 52 -> 23 -> 85 -> 86 -> 27 -> 57 -> 58 -> 24 -> 35 -> 36 -> 63 -> 22 -> 24 -> 11 -> 25 -> 26 -> 37 -> 74 -> 75 -> 16 -> 71 -> 73 -> 21 -> 80 -> 81 -> 29 -> 50 -> 51 -> 8 -> 45 -> 49 -> 73 -> 17 -> 22 -> 50 -> 10 -> 12 -> 16 -> 76 -> 77 -> 37 -> 66 -> 69 -> 24 -> 92 -> 93 -> 48 -> 49 -> 97 -> 27 -> 30 -> 81 -> 34 -> 35 -> 79 -> 29 -> 31 -> 38 -> 26 -> 28 -> 52 -> 67 -> 68 -> 87 -> 23 -> 25 -> 34 -> 9 -> 10 -> 80 -> 69 -> 71 -> 68 -> 8 -> 12 -> 49 -> 13 -> 15 -> 11 -> 78 -> 80 -> 49 -> 84 -> 85 -> 34 -> 61 -> 63 -> 36 -> 65 -> 66 -> 69 -> 70 -> 25 -> 91 -> 92 -> 70 -> 38 -> 39 -> 6 -> 18 -> 19 -> 23 -> 32 -> 33 -> 3 -> 27 -> 28 -> 15 -> 83 -> 85 -> 37 -> 51 -> 55 -> 29 -> 76 -> 78 -> 20 -> 85 -> 90 -> 72 -> 94 -> 97 -> 37 -> 41 -> 43 -> 90 -> 40 -> 41 -> 27 -> 90 -> 91 -> 90 -> 75 -> 77 -> 16 -> 1 -> 2 -> 26 -> 88 -> 91 -> 37 -> 7 -> 9 -> 5 -> 91 -> 93 -> 86 -> 88 -> 90 -> 49 -> 71 -> 74 -> 42 -> 8 -> 9 -> 29 -> 8 -> 10 -> 80 -> 14 -> 17 -> 16 -> 68 -> 70 -> 1 -> 63 -> 66 -> 55 -> 1 -> 3 -> 77 -> 85 -> 87 -> 77 -> 14 -> 16 -> 53 -> 63 -> 64 -> 59 -> 17 -> 18 -> 41 -> 76 -> 79 -> 54 -> 65 -> 67 -> 9 -> 4 -> 6 -> 5 -> 4 -> 5 -> 36 -> 84 -> 86 -> 39 -> 48 -> 51 -> 0 -> 71 -> 72 -> 29 -> 95 -> 98 -> 28 -> 36 -> 37 -> 4 -> 45 -> 46 -> 14 -> 86 -> 88 -> 9 -> 61 -> 66 -> 87 -> 26 -> 27 -> 20 -> 28 -> 30 -> 68 -> 40 -> 44 -> 78 -> 6 -> 7 -> 94 -> 64 -> 66 -> 15 -> 65 -> 68 -> 52 -> 84 -> 87 -> 19 -> 70 -> 72 -> 83 -> 55 -> 58 -> 26 -> 11 -> 12 -> 10 -> 82 -> 83 -> 36 -> 70 -> 71 -> 20 -> 11 -> 14 -> 81 -> 42 -> 43 -> 76 -> 63 -> 65 -> 99 -> 77 -> 78 -> 57 -> 96 -> 98 -> 26 -> 33 -> 34 -> 79 -> 66 -> 68 -> 23 -> 78 -> 79 -> 69 -> 52 -> 53 -> 30 -> 2 -> 3 -> 70 -> 41 -> 42 -> 57 -> 62 -> 63 -> 63 -> 10 -> 11 -> 72 -> 59 -> 60 -> 79 -> 58 -> 60 -> 26 -> 72 -> 73 -> 56 -> 69 -> 73 -> 41 -> 54 -> 57 -> 32 -> 54 -> 58 -> 11 -> 5 -> 6 -> 100 -> 7 -> 8 -> 66 -> 24 -> 25 -> 2 -> 92 -> 94 -> 9 -> 19 -> 20 -> 48 -> 14 -> 15 -> 50 -> 51 -> 54 -> 4 -> 69 -> 72 -> 11 -> 12 -> 44 -> 3 -> 4 -> 10 -> 54 -> 55 -> 92 -> 73 -> 74 -> 5 -> 97 -> 98 -> 53 -> 56 -> 58 -> 28 -> 82 -> 84 -> 28 -> 88 -> 89 -> 33 -> 19 -> 21 -> 71 -> 33 -> 37 -> 93 -> 58 -> 62 -> 15 -> 68 -> 71 -> 40 -> 48 -> 49 -> 6 -> 41 -> 44 -> 4 -> 33 -> 35 -> 26 -> 62 -> 64 -> 79 -> 14 -> 18 -> 21 -> 56 -> 57 -> 37","1286"
"2892","0 -> 3 -> 4 -> 1 -> 5 -> 8 -> 7 -> 9 -> 48 -> 46 -> 36 -> 44 -> 63 -> 65 -> 55 -> 74 -> 75 -> 72 -> 11 -> 13 -> 51 -> 1 -> 3 -> 83 -> 99","1184"
"2893","0 -> 3 -> 19 -> 22 -> 25 -> 26 -> 27 -> 28 -> 29 -> 30 -> 31 -> 32 -> 33 -> 34 -> 35 -> 36 -> 37 -> 38 -> 39 -> 40 -> 41 -> 42 -> 43 -> 44 -> 45 -> 46 -> 47 -> 48 -> 49 -> 50 -> 51 -> 52 -> 53 -> 54 -> 55 -> 56 -> 57 -> 58 -> 59 -> 60 -> 61 -> 62 -> 63 -> 64 -> 65 -> 66 -> 67 -> 68 -> 69 -> 70 -> 71 -> 72 -> 73 -> 74 -> 75 -> 76 -> 77 -> 78 -> 79 -> 80 -> 81 -> 82 -> 83 -> 84 -> 85 -> 86 -> 87 -> 88 -> 89 -> 90 -> 91 -> 92 -> 93 -> 94 -> 95 -> 96 -> 97 -> 98 -> 99","1226"
"2894","0 -> 1 -> 2 -> 3 -> 4 -> 5 -> 6 -> 7 -> 8 -> 9 -> 10 -> 11 -> 12 -> 13 -> 14 -> 15 -> 16 -> 17 -> 18 -> 19 -> 20 -> 21 -> 22 -> 23 -> 24 -> 25 -> 26 -> 27 -> 28 -> 29 -> 30 -> 31 -> 32 -> 33 -> 34 -> 35 -> 36 -> 37 -> 38 -> 39 -> 40 -> 41 -> 42 -> 43 -> 44 -> 45 -> 46 -> 47 -> 48 -> 49 -> 50 -> 51 -> 52 -> 53 -> 54 -> 55 -> 56 -> 57 -> 58 -> 59 -> 60 -> 61 -> 62 -> 63 -> 64 -> 65 -> 66 -> 67 -> 68 -> 69 -> 70 -> 71 -> 72 -> 73 -> 74 -> 75 -> 76 -> 77 -> 78 -> 79 -> 80 -> 81 -> 82 -> 83 -> 84 -> 85 -> 86 -> 87 -> 88 -> 89 -> 90 -> 91 -> 92 -> 93 -> 94 -> 95 -> 96 -> 97 -> 98 -> 99","1190"
"2895","0 -> 4 -> 26 -> 69 -> 71 -> 71 -> 3 -> 6 -> 39 -> 2 -> 4 -> 14 -> 85 -> 87 -> 78 -> 55 -> 57 -> 83 -> 72 -> 74 -> 86 -> 91 -> 94 -> 72 -> 63 -> 64 -> 34 -> 60 -> 64 -> 66 -> 15 -> 20 -> 86 -> 58 -> 59 -> 94 -> 74 -> 77 -> 65 -> 97 -> 99 -> 44 -> 62 -> 63 -> 85 -> 52 -> 53 -> 58 -> 59 -> 60 -> 32 -> 66 -> 68 -> 87 -> 17 -> 19 -> 5 -> 96 -> 99 -> 21 -> 95 -> 96 -> 25 -> 69 -> 70 -> 99 -> 2 -> 6 -> 87 -> 3 -> 5 -> 31 -> 38 -> 39 -> 99 -> 2 -> 3 -> 44 -> 88 -> 89 -> 86 -> 32 -> 33 -> 15 -> 25 -> 26 -> 64 -> 45 -> 47 -> 10 -> 0 -> 2 -> 78 -> 79 -> 81 -> 40 -> 11 -> 13 -> 41 -> 48 -> 51 -> 22 -> 0 -> 5 -> 47 -> 28 -> 32 -> 74 -> 95 -> 97 -> 78 -> 88 -> 90 -> 83 -> 64 -> 66 -> 54 -> 16 -> 18 -> 70 -> 8 -> 12 -> 100 -> 95 -> 98 -> 31 -> 38 -> 40 -> 73 -> 6 -> 7 -> 35 -> 16 -> 17 -> 14 -> 82 -> 83 -> 4 -> 83 -> 84 -> 37 -> 98 -> 99 -> 43 -> 28 -> 30 -> 39 -> 75 -> 76 -> 88 -> 49 -> 52 -> 79 -> 80 -> 85 -> 92 -> 11 -> 12 -> 32 -> 14 -> 15 -> 31 -> 47 -> 49 -> 90 -> 89 -> 90 -> 91 -> 4 -> 6 -> 67 -> 93 -> 94 -> 52 -> 13 -> 14 -> 5 -> 82 -> 84 -> 59 -> 7 -> 11 -> 29 -> 73 -> 74 -> 9 -> 39 -> 40 -> 16 -> 53 -> 54 -> 74 -> 94 -> 95 -> 97 -> 12 -> 13 -> 50 -> 54 -> 55 -> 76 -> 79 -> 80 -> 42 -> 8 -> 10 -> 3 -> 44 -> 46 -> 16 -> 74 -> 75 -> 5 -> 91 -> 93 -> 66 -> 35 -> 37 -> 74 -> 78 -> 79 -> 15 -> 27 -> 31 -> 81 -> 21 -> 23 -> 71 -> 80 -> 82 -> 44 -> 85 -> 86 -> 49 -> 64 -> 65 -> 62 -> 90 -> 91 -> 42 -> 5 -> 9 -> 9 -> 61 -> 63 -> 23 -> 97 -> 98 -> 32 -> 22 -> 77 -> 79 -> 81 -> 81 -> 83 -> 65 -> 13 -> 15 -> 40 -> 0 -> 1 -> 91 -> 39 -> 42 -> 11 -> 43 -> 34 -> 73 -> 75 -> 40","1262"
"2896","0 -> 4 -> 6 -> 7 -> 9 -> 12 -> 14 -> 17 -> 20 -> 22 -> 23 -> 24 -> 27 -> 29 -> 31 -> 32 -> 33 -> 35 -> 36 -> 37 -> 38 -> 39 -> 40 -> 41 -> 42 -> 43 -> 44 -> 45 -> 46 -> 47 -> 48 -> 49 -> 50 -> 51 -> 52 -> 53 -> 54 -> 55 -> 56 -> 57 -> 58 -> 59 -> 60 -> 61 -> 62 -> 63 -> 64 -> 65 -> 66 -> 67 -> 68 -> 69 -> 70 -> 71 -> 72 -> 73 -> 74 -> 75 -> 76 -> 77 -> 78 -> 79 -> 80 -> 81 -> 82 -> 83 -> 84 -> 85 -> 86 -> 87 -> 88 -> 89 -> 90 -> 91 -> 92 -> 93 -> 94 -> 95 -> 96 -> 97 -> 98 -> 99","1226"
"2897","0 -> 1 -> 3 -> 4 -> 9 -> 11 -> 15 -> 16 -> 19 -> 28 -> 29 -> 52 -> 53 -> 57 -> 58 -> 59 -> 95 -> 96 -> 97 -> 98 -> 99","1178"
"2898","0 -> 3 -> 8 -> 1 -> 2 -> 39 -> 15 -> 50 -> 52 -> 15 -> 28 -> 25 -> 38 -> 57 -> 2 -> 55 -> 57 -> 28 -> 51 -> 53 -> 42 -> 44 -> 86 -> 95 -> 96 -> 81 -> 98 -> 99","1106"
"2899","0 -> 2 -> 15 -> 19 -> 22 -> 24 -> 80 -> 26 -> 37 -> 46 -> 47 -> 38 -> 39 -> 80 -> 81 -> 83 -> 25 -> 27 -> 55 -> 28 -> 31 -> 63 -> 73 -> 74 -> 21 -> 50 -> 51 -> 52 -> 67 -> 56 -> 57 -> 33 -> 96 -> 97 -> 99","1226"
"2900","0 -> 1 -> 2 -> 3 -> 4 -> 5 -> 6 -> 7 -> 8 -> 9 -> 10 -> 11 -> 12 -> 13 -> 14 -> 15 -> 16 -> 17 -> 18 -> 19 -> 20 -> 21 -> 22 -> 23 -> 24 -> 25 -> 26 -> 27 -> 28 -> 29 -> 30 -> 31 -> 32 -> 33 -> 34 -> 35 -> 36 -> 37 -> 38 -> 39 -> 40 -> 41 -> 42 -> 43 -> 44 -> 45 -> 46 -> 47 -> 48 -> 49 -> 50 -> 51 -> 52 -> 53 -> 54 -> 55 -> 56 -> 57 -> 58 -> 59 -> 60 -> 61 -> 62 -> 63 -> 64 -> 65 -> 66 -> 67 -> 68 -> 69 -> 70 -> 71 -> 72 -> 73 -> 74 -> 75 -> 76 -> 77 -> 78 -> 79 -> 80 -> 81 -> 82 -> 83 -> 84 -> 85 -> 86 -> 87 -> 88 -> 89 -> 90 -> 91 -> 92 -> 93 -> 94 -> 95 -> 96 -> 97 -> 98 -> 99","1706"
"2901","0 -> 5 -> 45 -> 99
No path found","1748"
"2902","0 -> 4 -> 9 -> 86 -> 1 -> 3 -> 32 -> 35 -> 5 -> 6 -> 35 -> 54 -> 73 -> 99 -> 98 -> 95 -> 96 -> 94 -> 72 -> 92 -> 10 -> 12 -> 61 -> 20 -> 12 -> 17 -> 20 -> 12 -> 93 -> 96 -> 8 -> 3 -> 4 -> 77 -> 89 -> 91 -> 49 -> 24 -> 26 -> 84 -> 74 -> 76 -> 55 -> 38 -> 40 -> 64 -> 77 -> 79 -> 81 -> 28 -> 30 -> 53 -> 28 -> 29 -> 20 -> 43 -> 44 -> 43 -> 0","1706"
"2903","0 -> 2 -> 6 -> 11 -> 7 -> 45 -> 9 -> 11 -> 30 -> 83 -> 86 -> 36 -> 3 -> 37 -> 40 -> 3 -> 68 -> 69 -> 60 -> 61 -> 26 -> 66 -> 67 -> 42 -> 28 -> 31 -> 68 -> 92 -> 96 -> 30 -> 95 -> 96 -> 3 -> 47 -> 49 -> 62 -> 53 -> 56 -> 8 -> 80 -> 81 -> 81 -> 22 -> 22 -> 93 -> 54 -> 66 -> 52 -> 54 -> 66 -> 2 -> 43 -> 48 -> 72 -> 77 -> 78 -> 19 -> 64 -> 66 -> 72 -> 51 -> 52 -> 95 -> 25 -> 26 -> 29 -> 27 -> 28 -> 20 -> 91 -> 92 -> 46 -> 60 -> 62 -> 100 -> 43 -> 45 -> 8 -> 69 -> 70 -> 2 -> 67 -> 72 -> 74 -> 42 -> 69 -> 75 -> 12 -> 80 -> 82 -> 18 -> 69 -> 71 -> 2 -> 17 -> 20 -> 29 -> 85 -> 86 -> 34 -> 73 -> 75 -> 39 -> 60 -> 64 -> 64 -> 2 -> 3 -> 76 -> 86 -> 87 -> 17 -> 19 -> 32 -> 33 -> 57 -> 44 -> 46 -> 55 -> 56 -> 45 -> 84 -> 87 -> 35 -> 79 -> 81 -> 27 -> 16 -> 18 -> 98 -> 75 -> 77 -> 96 -> 40 -> 41 -> 74 -> 6 -> 7 -> 14 -> 39 -> 42 -> 48 -> 65 -> 66 -> 47 -> 61 -> 64 -> 92 -> 97 -> 98 -> 77","1796"
"2904","0 -> 2 -> 97 -> 57 -> 62 -> 79 -> 40 -> 41 -> 76 -> 59 -> 61 -> 72 -> 98 -> 68 -> 82 -> 84 -> 90 -> 71 -> 72 -> 54 -> 4 -> 6 -> 0 -> 14 -> 18 -> 32 -> 78 -> 80 -> 94 -> 75 -> 77 -> 69 -> 85 -> 86 -> 53 -> 49 -> 50 -> 12 -> 8 -> 10 -> 19 -> 66 -> 68 -> 29 -> 3 -> 7 -> 79 -> 67 -> 68 -> 58 -> 35 -> 37 -> 46 -> 83 -> 85 -> 3 -> 33 -> 37 -> 41 -> 73 -> 75 -> 54 -> 1 -> 4 -> 32 -> 26 -> 28 -> 28 -> 76 -> 77 -> 55 -> 37 -> 42 -> 99 -> 24 -> 26 -> 8 -> 94 -> 96 -> 55 -> 67 -> 69 -> 96 -> 93 -> 95 -> 100","1796"
"2905","0 -> 1 -> 2 -> 3 -> 4 -> 5 -> 6 -> 7 -> 8 -> 9 -> 10 -> 11 -> 12 -> 13 -> 14 -> 15 -> 16 -> 17 -> 18 -> 19 -> 20 -> 21 -> 22 -> 23 -> 24 -> 25 -> 26 -> 27 -> 28 -> 29 -> 30 -> 31 -> 32 -> 33 -> 34 -> 35 -> 36 -> 37 -> 38 -> 39 -> 40 -> 41 -> 42 -> 43 -> 44 -> 45 -> 46 -> 47 -> 48 -> 49 -> 50 -> 51 -> 52 -> 53 -> 54 -> 55 -> 56 -> 57 -> 58 -> 59 -> 60 -> 61 -> 62 -> 63 -> 64 -> 65 -> 66 -> 67 -> 68 -> 69 -> 70 -> 71 -> 72 -> 73 -> 74 -> 75 -> 76 -> 77 -> 78 -> 79 -> 80 -> 81 -> 82 -> 83 -> 84 -> 85 -> 86 -> 87 -> 88 -> 89 -> 90 -> 91 -> 92 -> 93 -> 94 -> 95 -> 96 -> 97 -> 98 -> 99","1784"
"2906","0 -> 1 -> 2 -> 3 -> 4 -> 5 -> 6 -> 7 -> 8 -> 9 -> 10 -> 11 -> 12 -> 13 -> 14 -> 15 -> 16 -> 17 -> 18 -> 19 -> 20 -> 21 -> 22 -> 23 -> 24 -> 25 -> 26 -> 27 -> 28 -> 29 -> 30 -> 31 -> 32 -> 33 -> 34 -> 35 -> 36 -> 37 -> 38 -> 39 -> 40 -> 41 -> 42 -> 43 -> 44 -> 45 -> 46 -> 47 -> 48 -> 49 -> 50 -> 51 -> 52 -> 53 -> 54 -> 55 -> 56 -> 57 -> 58 -> 59 -> 60 -> 61 -> 62 -> 63 -> 64 -> 65 -> 66 -> 67 -> 68 -> 69 -> 70 -> 71 -> 72 -> 73 -> 74 -> 75 -> 76 -> 77 -> 78 -> 79 -> 80 -> 81 -> 82 -> 83 -> 84 -> 85 -> 86 -> 87 -> 88 -> 89 -> 90 -> 91 -> 92 -> 93 -> 94 -> 95 -> 96 -> 97 -> 98 -> 99","1718"
"2907","0 -> 4 -> 98 -> 99","1754"
"2908","0 -> 1 -> 2 -> 8 -> 9 -> 15 -> 17 -> 18 -> 19 -> 20 -> 22 -> 27 -> 28 -> 26 -> 38 -> 43 -> 44 -> 45 -> 47 -> 48 -> 49 -> 50 -> 51 -> 52 -> 53 -> 54 -> 55 -> 56 -> 57 -> 58 -> 59 -> 60 -> 61 -> 62 -> 63 -> 64 -> 65 -> 66 -> 67 -> 68 -> 69 -> 70 -> 71 -> 72 -> 73 -> 74 -> 75 -> 76 -> 77 -> 78 -> 79 -> 80 -> 81 -> 82 -> 83 -> 84 -> 85 -> 86 -> 87 -> 88 -> 89 -> 90 -> 91 -> 92 -> 93 -> 94 -> 95 -> 96 -> 97 -> 98 -> 99","1646"
"2909","0 -> 1 -> 2 -> 3 -> 4 -> 5 -> 6 -> 7 -> 8 -> 9 -> 10 -> 11 -> 12 -> 13 -> 14 -> 15 -> 16 -> 17 -> 18 -> 19 -> 20 -> 21 -> 22 -> 23 -> 24 -> 25 -> 26 -> 27 -> 28 -> 29 -> 30 -> 31 -> 32 -> 33 -> 34 -> 35 -> 36 -> 37 -> 38 -> 39 -> 40 -> 41 -> 42 -> 43 -> 44 -> 45 -> 46 -> 47 -> 48 -> 49 -> 50 -> 51 -> 52 -> 53 -> 54 -> 55 -> 56 -> 57 -> 58 -> 59 -> 60 -> 61 -> 62 -> 63 -> 64 -> 65 -> 66 -> 67 -> 68 -> 69 -> 70 -> 71 -> 72 -> 73 -> 74 -> 75 -> 76 -> 77 -> 78 -> 79 -> 80 -> 81 -> 82 -> 83 -> 84 -> 85 -> 86 -> 87 -> 88 -> 89 -> 90 -> 91 -> 92 -> 93 -> 94 -> 95 -> 96 -> 97 -> 98 -> 99","1694"
"2910","0 -> 1 -> 3 -> 14 -> 15 -> 16 -> 17 -> 18 -> 19 -> 20 -> 21 -> 22 -> 23 -> 24 -> 25 -> 26 -> 27 -> 28 -> 29 -> 30 -> 31 -> 32 -> 33 -> 34 -> 35 -> 36 -> 37 -> 38 -> 39 -> 40 -> 41 -> 42 -> 43 -> 44 -> 45 -> 46 -> 47 -> 48 -> 49 -> 50 -> 51 -> 52 -> 53 -> 54 -> 55 -> 56 -> 57 -> 58 -> 59 -> 60 -> 61 -> 62 -> 63 -> 64 -> 65 -> 66 -> 67 -> 68 -> 69 -> 70 -> 71 -> 72 -> 73 -> 74 -> 75 -> 76 -> 77 -> 78 -> 79 -> 80 -> 81 -> 82 -> 83 -> 84 -> 85 -> 86 -> 87 -> 88 -> 89 -> 90 -> 91 -> 92 -> 93 -> 94 -> 95 -> 96 -> 97 -> 98 -> 99","2066"
"2911","0 -> 4 -> 8 -> 9 -> 13 -> 75 -> 91 -> 93 -> 99
No path found","2090"
"2912","0 -> 3 -> 97 -> 98 -> 87 -> 95 -> 94 -> 30 -> 93 -> 3 -> 5 -> 94 -> 2 -> 25 -> 51 -> 27 -> 15 -> 6 -> 7 -> 50 -> 46 -> 47 -> 66 -> 68 -> 45 -> 49 -> 8 -> 11 -> 4 -> 76 -> 77 -> 31 -> 75 -> 78 -> 99 -> 41","2114"
"2913","0 -> 2 -> 49 -> 75 -> 76 -> 49 -> 50 -> 52 -> 28 -> 22 -> 23 -> 93 -> 23 -> 26 -> 61 -> 70 -> 71 -> 88 -> 38 -> 39 -> 3 -> 49 -> 52 -> 100 -> 91 -> 93 -> 13 -> 47 -> 48 -> 21 -> 64 -> 65 -> 62 -> 27 -> 1 -> 6 -> 25 -> 29 -> 34 -> 99 -> 17 -> 18 -> 28 -> 19 -> 21 -> 13 -> 96 -> 98 -> 82 -> 8 -> 10 -> 96 -> 13 -> 16 -> 65 -> 12 -> 13 -> 57 -> 90 -> 91 -> 87 -> 28 -> 29 -> 95 -> 10 -> 11 -> 49 -> 96 -> 99 -> 72 -> 75 -> 77 -> 36 -> 45 -> 49 -> 29 -> 0","2048"
"2914","0 -> 3 -> 62 -> 99","2018"
"2915","0 -> 1 -> 3 -> 43 -> 44 -> 55 -> 57 -> 63 -> 99
No path found","2066"
"2916","0 -> 4 -> 6 -> 3 -> 5 -> 8 -> 76 -> 82 -> 83 -> 39 -> 77 -> 43 -> 45 -> 13 -> 90 -> 91 -> 22 -> 28 -> 30 -> 34 -> 1 -> 3 -> 98 -> 69 -> 72 -> 61 -> 58 -> 62 -> 88 -> 56 -> 57 -> 20 -> 58 -> 61 -> 93 -> 36 -> 38 -> 91 -> 67 -> 69 -> 65 -> 26 -> 28 -> 73 -> 63 -> 64 -> 77 -> 38 -> 40 -> 41 -> 10 -> 12 -> 67 -> 50 -> 51 -> 36 -> 59 -> 60 -> 73 -> 30 -> 32 -> 80 -> 88 -> 89 -> 30 -> 3 -> 5 -> 82 -> 40 -> 41 -> 8 -> 37 -> 40 -> 59 -> 26 -> 27 -> 17 -> 80 -> 85 -> 34 -> 80 -> 83 -> 69 -> 86 -> 87 -> 59 -> 63 -> 53 -> 96 -> 97 -> 12 -> 58 -> 59 -> 35 -> 74 -> 77 -> 80 -> 78 -> 30 -> 32 -> 35 -> 15 -> 62 -> 63 -> 92 -> 35 -> 37 -> 90 -> 46 -> 49 -> 92 -> 67 -> 70 -> 69 -> 71 -> 75 -> 28 -> 46 -> 52 -> 9 -> 59 -> 61 -> 43 -> 25 -> 29 -> 70 -> 79 -> 82 -> 53 -> 54 -> 19 -> 15 -> 20 -> 74 -> 73 -> 75 -> 39 -> 48 -> 49 -> 71 -> 80 -> 84 -> 3 -> 4 -> 73 -> 81 -> 84 -> 67 -> 60 -> 61 -> 35 -> 8 -> 9 -> 22 -> 86 -> 88 -> 52 -> 87 -> 90 -> 64 -> 63 -> 66 -> 40 -> 69 -> 73 -> 72 -> 40 -> 42 -> 83 -> 20 -> 21 -> 80 -> 46 -> 47 -> 80 -> 17 -> 20 -> 22 -> 77 -> 78 -> 35 -> 84 -> 87 -> 6 -> 51 -> 55 -> 32 -> 9 -> 12 -> 5 -> 92 -> 94 -> 35 -> 11 -> 13 -> 51 -> 76 -> 81 -> 33 -> 66 -> 68 -> 75 -> 31 -> 33 -> 41 -> 24 -> 28 -> 15 -> 28 -> 31 -> 76 -> 6 -> 43 -> 44 -> 37 -> 45 -> 78 -> 44 -> 47 -> 82 -> 33 -> 35 -> 13 -> 7 -> 9 -> 20 -> 0 -> 2 -> 73 -> 21 -> 24 -> 0","2144"
"2917","0 -> 3 -> 44 -> 46 -> 47 -> 36 -> 41 -> 71 -> 40 -> 99
No path found","2150"
"2918","0 -> 3 -> 52 -> 84 -> 85 -> 47 -> 88 -> 82 -> 33 -> 74 -> 92 -> 94 -> 86 -> 39 -> 41 -> 54 -> 11 -> 13 -> 29 -> 31 -> 32 -> 89 -> 93 -> 42 -> 37 -> 2 -> 0
No path found","2048"
"2919","0 -> 1 -> 2 -> 3 -> 5 -> 6 -> 7 -> 8 -> 9 -> 10 -> 11 -> 12 -> 13 -> 15 -> 16 -> 17 -> 18 -> 19 -> 20 -> 21 -> 22 -> 23 -> 24 -> 25 -> 26 -> 27 -> 28 -> 29 -> 30 -> 31 -> 32 -> 33 -> 34 -> 35 -> 36 -> 37 -> 38 -> 39 -> 40 -> 41 -> 42 -> 43 -> 44 -> 45 -> 46 -> 47 -> 48 -> 49 -> 50 -> 51 -> 52 -> 53 -> 54 -> 55 -> 56 -> 57 -> 58 -> 59 -> 60 -> 61 -> 62 -> 63 -> 64 -> 65 -> 66 -> 67 -> 68 -> 69 -> 70 -> 71 -> 72 -> 73 -> 74 -> 75 -> 76 -> 77 -> 78 -> 79 -> 80 -> 81 -> 82 -> 83 -> 84 -> 85 -> 86 -> 87 -> 88 -> 89 -> 90 -> 91 -> 92 -> 93 -> 94 -> 95 -> 96 -> 97 -> 98 -> 99","2102"
"2920","0 -> 4 -> 7 -> 73 -> 74 -> 31 -> 34 -> 40 -> 94 -> 19 -> 20 -> 92 -> 97 -> 98 -> 5 -> 88 -> 89 -> 14 -> 12 -> 13 -> 79 -> 95 -> 36 -> 34 -> 37 -> 27 -> 58 -> 59 -> 82 -> 90 -> 94 -> 20 -> 52 -> 53 -> 0 -> 87 -> 99 -> 84 -> 98 -> 96 -> 99 -> 67 -> 82 -> 85","2402"
"2921","0 -> 1 -> 4 -> 7 -> 2 -> 6 -> 43 -> 50 -> 85 -> 87 -> 44 -> 45 -> 35 -> 77 -> 80 -> 62 -> 83 -> 86 -> 34 -> 8 -> 5 -> 6 -> 21 -> 14 -> 17 -> 53 -> 55 -> 94 -> 91 -> 47 -> 70 -> 71 -> 37 -> 74 -> 21 -> 33 -> 52 -> 55 -> 84 -> 39 -> 42 -> 100 -> 29 -> 32 -> 36 -> 86 -> 11 -> 13 -> 27 -> 20 -> 24 -> 78 -> 98 -> 99 -> 20","2402"
"2922","0 -> 4 -> 87 -> 90 -> 53 -> 47 -> 50 -> 42 -> 49 -> 6 -> 8 -> 11 -> 0 
0 -> 3 -> 34 -> 95 -> 98 -> 64
No path found","2360"
"2923","0 -> 3 -> 33 -> 41 -> 42 -> 17 -> 23 -> 5 -> 7 -> 51 -> 53 -> 38 -> 43 -> 31 -> 34 -> 60 -> 35 -> 24 -> 15 -> 19 -> 54 -> 63 -> 85 -> 49 -> 53 -> 70 -> 27 -> 30 -> 51 -> 74 -> 64 -> 71 -> 75 -> 23 -> 73 -> 86 -> 87 -> 72 -> 85 -> 88 -> 83 -> 86 -> 72 -> 75 -> 23 -> 62 -> 63 -> 38 -> 43 -> 47 -> 50 -> 0","2360"
"2924","0 -> 2 -> 21 -> 44 -> 47 -> 25 -> 13 -> 3 -> 55 -> 73 -> 74 -> 98 -> 99
No path found","2426"
"2925","0 -> 1 -> 3 -> 99
No path found","2420"
"2926","0 -> 1 -> 2 -> 3 -> 4 -> 5 -> 6 -> 7 -> 8 -> 9 -> 10 -> 11 -> 12 -> 13 -> 14 -> 15 -> 16 -> 17 -> 18 -> 19 -> 20 -> 21 -> 22 -> 23 -> 24 -> 25 -> 26 -> 27 -> 28 -> 29 -> 30 -> 31 -> 32 -> 33 -> 34 -> 35 -> 36 -> 37 -> 38 -> 39 -> 40 -> 41 -> 42 -> 43 -> 44 -> 45 -> 46 -> 47 -> 48 -> 49 -> 50 -> 51 -> 52 -> 53 -> 54 -> 55 -> 56 -> 57 -> 58 -> 59 -> 60 -> 61 -> 62 -> 63 -> 64 -> 65 -> 66 -> 67 -> 68 -> 69 -> 70 -> 71 -> 72 -> 73 -> 74 -> 75 -> 76 -> 77 -> 78 -> 79 -> 80 -> 81 -> 82 -> 83 -> 84 -> 85 -> 86 -> 87 -> 88 -> 89 -> 90 -> 91 -> 92 -> 93 -> 94 -> 95 -> 96 -> 97 -> 98 -> 99","2366"
"2927","0 -> 1 -> 2 -> 3 -> 4 -> 5 -> 6 -> 7 -> 8 -> 9 -> 10 -> 11 -> 12 -> 13 -> 14 -> 15 -> 16 -> 17 -> 18 -> 19 -> 20 -> 21 -> 22 -> 23 -> 24 -> 25 -> 26 -> 27 -> 28 -> 29 -> 30 -> 31 -> 32 -> 33 -> 34 -> 35 -> 36 -> 37 -> 38 -> 39 -> 40 -> 41 -> 42 -> 43 -> 44 -> 45 -> 46 -> 47 -> 48 -> 49 -> 50 -> 51 -> 52 -> 53 -> 54 -> 55 -> 56 -> 57 -> 58 -> 59 -> 60 -> 61 -> 62 -> 63 -> 64 -> 65 -> 66 -> 67 -> 68 -> 69 -> 70 -> 71 -> 72 -> 73 -> 74 -> 75 -> 76 -> 77 -> 78 -> 79 -> 80 -> 81 -> 82 -> 83 -> 84 -> 85 -> 86 -> 87 -> 88 -> 89 -> 90 -> 91 -> 92 -> 93 -> 94 -> 95 -> 96 -> 97 -> 98 -> 99","2414"
"2928","0 -> 2 -> 8 -> 9 -> 7 -> 6 -> 1 -> 5 -> 3 -> 4 -> 100
No path found","2456"
"2929","0 -> 1 -> 2 -> 3 -> 4 -> 5 -> 6 -> 7 -> 8 -> 9 -> 10 -> 11 -> 12 -> 13 -> 14 -> 15 -> 16 -> 17 -> 18 -> 19 -> 20 -> 21 -> 22 -> 23 -> 24 -> 25 -> 26 -> 27 -> 28 -> 29 -> 30 -> 31 -> 32 -> 33 -> 34 -> 35 -> 36 -> 37 -> 38 -> 39 -> 40 -> 41 -> 42 -> 43 -> 44 -> 45 -> 46 -> 47 -> 48 -> 49 -> 50 -> 51 -> 52 -> 53 -> 54 -> 55 -> 56 -> 57 -> 58 -> 59 -> 60 -> 61 -> 62 -> 63 -> 64 -> 65 -> 66 -> 67 -> 68 -> 69 -> 70 -> 71 -> 72 -> 73 -> 74 -> 75 -> 76 -> 77 -> 78 -> 79 -> 80 -> 81 -> 82 -> 83 -> 84 -> 85 -> 86 -> 87 -> 88 -> 89 -> 90 -> 91 -> 92 -> 93 -> 94 -> 95 -> 96 -> 97 -> 98 -> 99","2384"
"2930","0 -> 3 -> 7 -> 10 -> 13 -> 17 -> 18 -> 19 -> 20 -> 21 -> 22 -> 23 -> 24 -> 25 -> 26 -> 27 -> 28 -> 29 -> 30 -> 31 -> 32 -> 33 -> 34 -> 35 -> 36 -> 37 -> 38 -> 39 -> 40 -> 41 -> 42 -> 43 -> 44 -> 45 -> 46 -> 47 -> 48 -> 49 -> 50 -> 51 -> 52 -> 53 -> 54 -> 55 -> 56 -> 57 -> 58 -> 59 -> 60 -> 61 -> 62 -> 63 -> 64 -> 65 -> 66 -> 67 -> 68 -> 69 -> 70 -> 71 -> 72 -> 73 -> 74 -> 75 -> 76 -> 77 -> 78 -> 79 -> 80 -> 81 -> 82 -> 83 -> 84 -> 85 -> 86 -> 87 -> 88 -> 89 -> 90 -> 91 -> 92 -> 93 -> 94 -> 95 -> 96 -> 97 -> 98 -> 99","2678"
"2931","0 -> 5 -> 54 -> 4 -> 8 -> 24 -> 7 -> 9 -> 96 -> 71 -> 33 -> 35 -> 63 -> 87 -> 63 -> 99 

No path found","2636"
"2932","0 -> 4 -> 7 -> 89 -> 95 -> 96 -> 99 
No path found","2660"
"2933","0 -> 1 -> 3 -> 4 -> 5 -> 6 -> 8 -> 11 -> 12 -> 13 -> 14 -> 15 -> 16 -> 17 -> 18 -> 19 -> 20 -> 21 -> 22 -> 23 -> 24 -> 25 -> 26 -> 27 -> 28 -> 29 -> 30 -> 31 -> 32 -> 33 -> 34 -> 35 -> 36 -> 37 -> 38 -> 39 -> 40 -> 41 -> 42 -> 43 -> 44 -> 45 -> 46 -> 47 -> 48 -> 49 -> 50 -> 51 -> 52 -> 53 -> 54 -> 55 -> 56 -> 57 -> 58 -> 59 -> 60 -> 61 -> 62 -> 63 -> 64 -> 65 -> 66 -> 67 -> 68 -> 69 -> 70 -> 71 -> 72 -> 73 -> 74 -> 75 -> 76 -> 77 -> 78 -> 79 -> 80 -> 81 -> 82 -> 83 -> 84 -> 85 -> 86 -> 87 -> 88 -> 89 -> 90 -> 91 -> 92 -> 93 -> 94 -> 95 -> 96 -> 97 -> 98 -> 99","2630"
"2934","0 -> 1 -> 2 -> 3 -> 4 -> 5 -> 6 -> 7 -> 8 -> 9 -> 10 -> 11 -> 12 -> 13 -> 14 -> 15 -> 16 -> 17 -> 18 -> 19 -> 20 -> 21 -> 22 -> 23 -> 24 -> 25 -> 26 -> 27 -> 28 -> 29 -> 30 -> 31 -> 32 -> 33 -> 34 -> 35 -> 36 -> 37 -> 38 -> 39 -> 40 -> 41 -> 42 -> 43 -> 44 -> 45 -> 46 -> 47 -> 48 -> 49 -> 50 -> 51 -> 52 -> 53 -> 54 -> 55 -> 56 -> 57 -> 58 -> 59 -> 60 -> 61 -> 62 -> 63 -> 64 -> 65 -> 66 -> 67 -> 68 -> 69 -> 70 -> 71 -> 72 -> 73 -> 74 -> 75 -> 76 -> 77 -> 78 -> 79 -> 80 -> 81 -> 82 -> 83 -> 84 -> 85 -> 86 -> 87 -> 88 -> 89 -> 90 -> 91 -> 92 -> 93 -> 94 -> 95 -> 96 -> 97 -> 98 -> 99","2570"
"2935","0 -> 5 -> 7 -> 9 -> 11 -> 13 -> 15 -> 21 -> 23 -> 25 -> 27 -> 29 -> 31 -> 33 -> 35 -> 37 -> 39 -> 41 -> 43 -> 45 -> 47 -> 49 -> 51 -> 53 -> 55 -> 57 -> 59 -> 61 -> 63 -> 65 -> 67 -> 69 -> 71 -> 73 -> 75 -> 77 -> 79 -> 81 -> 83 -> 85 -> 87 -> 89 -> 91 -> 93 -> 95 -> 97","2612"
"2936","0 -> 3 -> 96 -> 99","2720"
"2937","0 -> 2 -> 64 -> 75 -> 77 -> 65 -> 84 -> 89 -> 66 -> 85 -> 27 -> 71 -> 74 -> 97 -> 98 -> 90 -> 95 -> 94 -> 83 -> 96 -> 41 -> 99","2642"
"2938","0 -> 2 -> 40 -> 44 -> 45 -> 78 -> 81 -> 63 -> 99
No path found","2612"
"2939","0 -> 1 -> 6 -> 9 -> 8 -> 12 -> 52 -> 11 -> 14 -> 10 -> 11 -> 19 -> 0 
-> 4 -> 9 -> 17 -> 20 -> 29 -> 18 -> 23 -> 89 -> 92 -> 96 -> 41 -> 20","2624"
"2940","0 -> 3 -> 4 -> 2 -> 5 -> 10 -> 11 -> 12 -> 21 -> 29 -> 15 -> 13 -> 7 -> 10 -> 88 -> 11 -> 22 -> 25 -> 26 -> 36 -> 25 -> 46 -> 49 -> 50 -> 64 -> 65 -> 26 -> 54 -> 55 -> 98 -> 85 -> 86 -> 39 -> 43 -> 50 -> 87 -> 88 -> 23 -> 73 -> 74 -> 100 -> 77 -> 72 -> 20 -> 74 -> 28 -> 88 -> 49 -> 51 -> 46 -> 32 -> 34 -> 38 -> 25 -> 68 -> 69 -> 56 -> 88 -> 91 -> 96 -> 98 -> 47 -> 97 -> 63 -> 91 -> 94 -> 40 -> 66 -> 70 -> 1 -> 9 -> 11 -> 38 -> 66 -> 72 -> 68 -> 3 -> 5 -> 17 -> 74 -> 77 -> 96 -> 82 -> 84 -> 24 -> 72 -> 77 -> 34 -> 93 -> 98 -> 46","548"
"2941","0 -> 3 -> 4 -> 15 -> 20 -> 25 -> 26 -> 27 -> 28 -> 29 -> 30 -> 32 -> 33 -> 34 -> 35 -> 37 -> 38 -> 39 -> 41 -> 45 -> 46 -> 47 -> 48 (No path found)","626"
"2942","0 -> 3 -> 2 -> 87 -> 88 -> 6 -> 55 -> 60 -> 22 -> 54 -> 57 -> 76 -> 69 -> 72 -> 64 -> 65 -> 24 -> 18 -> 22 -> 75 -> 77 -> 85 -> 44 -> 45 -> 24 -> 37 -> 40 -> 100 -> No path found","620"
"2943","0 -> 8 -> 27 -> 30 -> 15 -> 14 -> 62 -> 64 -> 77 -> 81 -> 83 -> 40 -> 96 -> 99 -> 88
No path found","608"
"2944","0 -> 5 -> 4 -> 6 -> 10 -> 24 -> 21 -> 39 -> 40 -> 41 -> 56 -> 14 -> 17 -> 20 -> 15 -> 3 -> 63 -> 67 -> 62 -> 25 -> 27 -> 61 -> 78 -> 75 -> 82 -> 98 -> 92 -> 44 -> 45 -> 64 -> 84 -> 86 -> 50 -> 55 -> 53 -> 81 -> 85 -> 87 -> 15 -> 83 -> 84 -> 54 -> 9 -> 15 -> 41 -> 89 -> 90 -> 1 -> 46 -> 49 -> 3 -> 25 -> 48 -> 50 -> 5 -> 2 -> 3 -> 16 -> 19 -> 24 -> 97 -> 47 -> 52 -> 48 -> 71 -> 75 -> 11 -> 66 -> 69 -> 56 -> 57 -> 56 -> 22 -> 23 -> 76 -> 77 -> 94 -> 70 -> 71 -> 86 -> 76 -> 77 -> 94 -> 93 -> 96 -> 51 -> 80 -> 83 -> 100","572"
"2945","0 -> 4 -> 9 -> 8 -> 10 -> 13 -> 22 -> 18 -> 21 -> 24 -> 25 -> 28 -> 27 -> 30 -> 32 -> 34 -> 65 -> 50 -> 51 -> 52 -> 53 -> 54 -> 62 -> 59 -> 60 -> 62 -> 68 -> 66 -> 71 -> 75 -> 73 -> 74 -> 77 -> 73 -> 78 -> 82 -> 95 -> 97 -> 94 -> 93 -> 94 -> 64 -> 70 -> 84 -> 83 -> 71 -> 86 -> 85 -> 84 -> 68 -> 66 -> 71 -> 75 -> 73 -> 74 -> 77 -> 99","476"
"2946","0 -> 13 -> 15 -> 20 -> 23 -> 40 -> 43 -> 48 -> 50 -> 56 -> 75 -> 76 -> 18 -> 16 -> 22 -> 49 -> 51 -> 73 -> 74 -> 75 -> 90 -> 88 -> 91 -> 82 -> 89 -> 29 -> 30 -> 36 -> 37 -> 39 -> 8 -> 11 -> 75 -> 32 -> 36 -> 66 -> 68 -> 74 -> 61 -> 64 -> 21 -> 61 -> 71 -> 77 -> 55 -> 27 -> 28 -> 12 -> 7 -> 11 -> 4 -> 13 -> 16 -> 66 -> 97 -> 99 -> 21","602"
"2947","0 -> 1 -> 3 -> 6 -> 9 -> 8 -> 7 -> 4 -> 2 -> 14 -> 15 -> 13 -> 16 -> 84 -> 13 -> 15 -> 59 -> 21 -> 19 -> 21 -> 26 -> 32 -> 31 -> 12 -> 29 -> 31 -> 12 -> 51 -> 57 -> 40 -> 1 -> 3 -> 6 -> 9 -> 8 -> 7 -> 4 -> 2 -> 14 -> 15 -> 13 -> 16 -> 84 -> 13 -> 15 -> 59 -> 21 -> 19 -> 42 -> 23 -> 24 -> 80 -> 85 -> 88 -> 37 -> 86 -> 87 -> 61 -> 94 -> 95 -> 96 -> 25 -> 60 -> 61 -> 99 -> 48 -> 50 -> 28 -> 46 -> 50 -> 38 -> 41 -> 43 -> 37 -> 10 -> 15 -> 58 -> 87 -> 91 -> 0 -> 99","590"
"2948","0 -> 4 -> 5 -> 15 -> 18 -> 17 -> 22 -> 23 -> 50 -> 48 -> 53 -> 41 -> 42 -> 39 -> 37 -> 41 -> 86 -> 20 -> 22 -> 12 -> 45 -> 46 -> 97 -> 44 -> 47 -> 63 -> 54 -> 9 -> 28 -> 25 -> 31 -> 8 -> 38 -> 39 -> 8 -> 64 -> 65 -> 99 -> 48 -> 51 -> 89 -> 15 -> 19 -> 81 -> 77 -> 78 -> 81 -> 84 -> 15 -> 79 -> 84 -> 36 -> 95 -> 99 -> 81 -> 98 -> 99 -> 66","560"
"2949","0 -> 4 -> 8 -> 51 -> 54 -> 66 -> 51 -> 16 -> 98 -> 13 -> 16 -> 83 -> 15 -> 69 -> 67 -> 84 -> 87 -> 29 -> 21 -> 23 -> 27 -> 18 -> 23 -> 59 -> 19 -> 21 -> 100 -> No path found","542"
"2950","0 -> 1 -> 3 -> 72 -> 98 -> 95 -> 96 -> 99 
No path found","818"
"2951","0 -> 1 -> 4 -> 9 -> 11 -> 14 -> 15 -> 20 -> 26 -> 31 -> 32 -> 53 -> 74 -> 78 -> 80 -> 81 -> 41 -> 12 -> 94 -> 73 -> 51 -> 72 -> 70 -> 78 -> 55 -> 27 -> 31 -> 66 -> 88 -> 94 -> 17 -> 24 -> 32 -> 71 -> 78 -> 70 -> 74 -> 25 -> 35 -> 37 -> 46 -> 9 -> 14 -> 85 -> 62 -> 25 -> 38 -> 40 -> 25 -> 42 -> 49 -> 91 -> 49 -> 83 -> 26 -> 78 -> 80 -> 69 -> 94 -> 99","896"
"2952","0 -> 2 -> 20 -> 64 -> 66 -> 37 -> 93 -> 98 -> 66 -> 38 -> 43 -> 44 -> 84 -> 96 -> 98 -> 99","914"
"2953","0 -> 2 -> 80 -> 51 -> 54 -> 21 -> 13 -> 95 -> 59 -> 62 -> 3 -> 18 -> 20 -> 64 -> 9 -> 10 -> 12 -> 29 -> 13 -> 41 -> 33 -> 37 -> 21 -> 30 -> 88 -> 63 -> 65 -> 25 -> 8 -> 39 -> 73 -> 74 -> 1 -> 88 -> 91 -> 100","914"
"2954","0 -> 2 -> 13 -> 15 -> 16 -> 24 -> 72 -> 75 -> 50 -> 92 -> 96 -> 9 -> 98 -> 99","938"
"2955","0 -> 2 -> 6 -> 7 -> 8 -> 4 -> 69 -> 43 -> 48 -> 25 -> 3 -> 44 -> 30 -> 47 -> 41 -> 99
No path found","872"
"2956","0 -> 2 -> 3 -> 16 -> 18 -> 45 -> 82 -> 83 -> 83 -> 99 
No path found","956"
"2957","0 -> 15 -> 16 -> 22 -> 19 -> 20 -> 98 -> 89 -> 80 -> 81 -> 99 
No path found","932"
"2958","0 -> 4 -> 6 -> 8 -> 10 -> 12 -> 14 -> 15 -> 17 -> 19 -> 21 -> 22 -> 23 -> 24 -> 25 -> 29 -> 30 -> 31 -> 33 -> 34 -> 35 -> 36 -> 37 -> 38 -> 39 -> 41 -> 43 -> 44 -> 45 -> 47 -> 48 -> 49 -> 50 -> 51 -> 52 -> 53 -> 54 -> 55 -> 56 -> 57 -> 58 -> 59 -> 60 -> 61 -> 62 -> 63 -> 64 -> 65 -> 66 -> 67 -> 68 -> 69 -> 70 -> 71 -> 72 -> 73 -> 74 -> 75 -> 76 -> 77 -> 78 -> 79 -> 80 -> 81 -> 82 -> 83 -> 84 -> 85 -> 86 -> 87 -> 88 -> 89 -> 90 -> 91 -> 92 -> 93 -> 94 -> 95 -> 96 -> 97 -> 98 -> 99","866"
"2959","0 -> 4 -> 7 -> 82 -> 13 -> 36 -> 42 -> 13 -> 38 -> 43 -> 48 -> 77 -> 44 -> 46 -> 45 -> 47 -> 14 -> 17 -> 76 -> 49 -> 53 -> 14 -> 21 -> 24 -> 26 -> 61 -> 34 -> 36 -> 67 -> 91 -> 95 -> 25 -> 22 -> 25 -> 88 -> 1 -> 2 -> 59 -> 9 -> 14 -> 47 -> 80 -> 83 -> 53 -> 4 -> 5 -> 39 -> 94 -> 96 -> 67 -> 64 -> 68 -> 87 -> 60 -> 62 -> 76 -> 84 -> 85 -> 91 -> 87 -> 90 -> 77 -> 14 -> 17 -> 76 -> 49 -> 53 -> 14 -> 21 -> 22 -> 82 -> 20 -> 21 -> 5 -> 13 -> 14 -> 69 -> 95 -> 96 -> 97 -> 59 -> 98 -> 99 -> 52","806"
"2960","0 -> 1 -> 3 -> 5 -> 7 -> 10 -> 12 -> 15 -> 84 -> 88 -> 45 -> 47 -> 66 -> 4 -> 6 -> 94 -> 1 -> 99 -> 60 -> 67 -> 0
or 
No path found","1292"
"2961","0 -> 2 -> 3 -> 18 -> 21 -> 68 -> 71 -> 85 -> 89 -> 91 -> 98 -> 99","1250"
"2962","0 -> 6 -> 2 -> 3 -> 50 -> 47 -> 48 -> 55 -> 56 -> 26 -> 35 -> 36 -> 26 -> 21 -> 24 -> 73 -> 84 -> 86 -> 24 -> 45 -> 46 -> 84 -> 85 -> 62 -> 64 -> 89 -> 98 -> 99","1400"
"2963","0 -> 2 -> 4 -> 6 -> 89 -> 68 -> 56 -> 60 -> 43 -> 44 -> 45 -> 41 -> 49 -> 58 -> 61 -> 63 -> 44 -> 50 -> 54 -> 28 -> 48 -> 49 -> 47 -> 30 -> 53 -> 5 -> 46 -> 51 -> 5 -> 47 -> 20 -> 46 -> 53 -> 30 -> 12 -> 16 -> 70 -> 14 -> 11 -> 55 -> 81 -> 83 -> 25 -> 59 -> 62 -> 45 -> 95 -> 98 -> 30 -> 72 -> 75 -> 3 -> 78 -> 79 -> 67 -> 33 -> 36 -> 82 -> 83 -> 90 -> 13 -> 77 -> 82 -> 10 -> 58 -> 65 -> 98 -> 73 -> 76 -> 100","1238"
"2964","0 -> 2 -> 8 -> 6 -> 4 -> 3 -> 5 -> 6 -> 64 -> 31 -> 85 -> 92 -> 83 -> 84 -> 11 -> 75 -> 68 -> 71 -> 73 -> 87 -> 46 -> 39 -> 77 -> 38 -> 39 -> 25 -> 34 -> 35 -> 98 -> 36 -> 37 -> 40 -> 28 -> 13 -> 18 -> 94 -> 67 -> 71 -> 46 -> 85 -> 98 -> 44","1262"
"2965","0 -> 1 -> 4 -> 28 -> 29 -> 30 -> 31 -> 35 -> 36 -> 2 -> 3 -> 5 -> 7 -> 8 -> 9 -> 51 -> 53 -> 57 -> 49 -> 50 -> 61 -> 75 -> 78 -> 88 -> 89 -> 26 -> 45 -> 46 -> 86 -> 87 -> 91 -> 94 -> 58 -> 41 -> 43 -> 11 -> 14 -> 44 -> 48 -> 50 -> 3 -> 57 -> 61 -> 68 -> 69 -> 38 -> 49 -> 50 -> 61 -> 75 -> 78 -> 88 -> 89 -> 26 -> 13 -> 15 -> 45 -> 46 -> 86 -> 85 -> 90 -> 42 -> 16 -> 20 -> 89 -> 22 -> 23 -> 51 -> 61 -> 64 -> 54 -> 41 -> 43 -> 11 -> 84 -> 85 -> 5 -> 25 -> 27 -> 16 -> 43 -> 44 -> 23 -> 20 -> 21 -> 9 -> 73 -> 76 -> 14 -> 71 -> 74 -> 95 -> 30 -> 34 -> 40 -> 35 -> 36 -> 2 -> 66 -> 68 -> 56 -> 92 -> 94 -> 47 -> 62 -> 63 -> 6 -> 79 -> 83 -> 64 -> 96 -> 97 -> 59 -> 55 -> 59 -> 25 -> 26 -> 31 -> 25 -> 16 -> 17 -> 51 -> 65 -> 66 -> 85 -> 22 -> 24 -> 97 -> 91 -> 94 -> 58 -> 41 -> 42 -> 98 -> 57 -> 60 -> 44 -> 38 -> 39 -> 44 -> 59 -> 60 -> 54 -> 52 -> 54 -> 100 -> 93 -> 98 -> 59","1286"
"2966","0 -> 11 -> 12 -> 15 -> 49 -> 50 -> 52 -> 53 -> 98 -> 86 -> 87 -> 8 -> 46 -> 48 -> 37 -> 57 -> 60 -> 54 -> 58 -> 3 -> 4 -> 7 -> 8 -> 51 -> 45 -> 47 -> 96 -> 40 -> 43 -> 94 -> 62 -> 66 -> 6 -> 53 -> 55 -> 6 -> 38 -> 45 -> 48 -> 71 -> 72 -> 24 -> 2 -> 4 -> 29 -> 13 -> 14 -> 54 -> 92 -> 96 -> 37 -> 77 -> 80 -> 13 -> 48 -> 50 -> 35 -> 15 -> 17 -> 81 -> 92 -> 94 -> 89 -> 12 -> 16 -> 50 -> 5 -> 6 -> 88 -> 2 -> 11 -> 24 -> 60 -> 61 -> 66 -> 75 -> 77 -> 34 -> 47 -> 50 -> 90 -> 82 -> 87 -> 58 -> 21 -> 25 -> 94 -> 52 -> 54 -> 21 -> 74 -> 75 -> 53 -> 16 -> 24 -> 29 -> 38 -> 43 -> 17 -> 33 -> 35 -> 68 -> 61 -> 63 -> 59 -> 64 -> 65 -> 94 -> 30 -> 33 -> 79 -> 95 -> 98 -> 22 -> 96 -> 99 -> 52","1346"
"2967","0 -> 2 -> 3 -> 4 -> 5 -> 7 -> 10 -> 11 -> 9 -> 23 -> 24 -> 98 -> 41 -> 72 -> 73 -> 1 -> 71 -> 72 -> 99
No path found","1304"
"2968","0 -> 6 -> 9 -> 100 -> No path found
No path found","1346"
"2969","0 -> 1 -> 2 -> 3 -> 4 -> 5 -> 6 -> 7 -> 8 -> 9 -> 10 -> 11 -> 12 -> 13 -> 14 -> 15 -> 16 -> 17 -> 18 -> 19 -> 20 -> 21 -> 22 -> 23 -> 24 -> 25 -> 26 -> 27 -> 28 -> 29 -> 30 -> 31 -> 32 -> 33 -> 34 -> 35 -> 36 -> 37 -> 38 -> 39 -> 40 -> 41 -> 42 -> 43 -> 44 -> 45 -> 46 -> 47 -> 48 -> 49 -> 50 -> 51 -> 52 -> 53 -> 54 -> 55 -> 56 -> 57 -> 58 -> 59 -> 60 -> 61 -> 62 -> 63 -> 64 -> 65 -> 66 -> 67 -> 68 -> 69 -> 70 -> 71 -> 72 -> 73 -> 74 -> 75 -> 76 -> 77 -> 78 -> 79 -> 80 -> 81 -> 82 -> 83 -> 84 -> 85 -> 86 -> 87 -> 88 -> 89 -> 90 -> 91 -> 92 -> 93 -> 94 -> 95 -> 96 -> 97 -> 98 -> 99","1316"
"2970","0 -> 1 -> 3 -> 9 -> 15 -> 93 -> 95 -> 80 -> 91 -> 81 -> 77 -> 81 -> 35 -> 39 -> 12 -> 31 -> 33 -> 95 -> 51 -> 58 -> 75 -> 79 -> 34 -> 84 -> 88 -> 51 -> 40 -> 42 -> 71 -> 44 -> 45 -> 16 -> 47 -> 57 -> 5 -> 35 -> 38 -> 32 -> 23 -> 14 -> 20 -> 60 -> 17 -> 24 -> 5 -> 42 -> 44 -> 10 -> 89 -> 92 -> 22 -> 77 -> 81 -> 35 -> 80 -> 88 -> 46 -> 50 -> 53 -> 57 -> 7 -> 14 -> 20 -> 60 -> 17 -> 24 -> 5 -> 42 -> 44 -> 10 -> 89 -> 92 -> 22 -> 77 -> 81 -> 35 -> 80 -> 88 -> 46 -> 50 -> 53 -> 57 -> 7 -> 14 -> 20 -> 60 -> 17 -> 24 -> 5 -> 42 -> 44 -> 10 -> 89 -> 92 -> 22","2054"
"2971","0 -> 4 -> 8 -> 9 -> 6 -> 8 -> 42 -> 49 -> 54 -> 48 -> 55 -> 32 -> 64 -> 66 -> 3 -> 20 -> 21 -> 23 -> 98 -> 74 -> 76 -> 11 -> 64 -> 68 -> 19 -> 27 -> 30 -> 57 -> 45 -> 48 -> 58 -> 7 -> 11 -> 42 -> 4 -> 5 -> 70 -> 31 -> 34 -> 96 -> 93 -> 95 -> 5 -> 59 -> 61 -> 95 -> 42 -> 44 -> 77 -> 61 -> 64 -> 25 -> 40 -> 42 -> 29 -> 39 -> 42 -> 64 -> 46 -> 48 -> 34 -> 88 -> 89 -> 62 -> 29 -> 34 -> 82 -> 12 -> 14 -> 37 -> 70 -> 73 -> 38 -> 84 -> 85 -> 79 -> 80 -> 6 -> 76 -> 81 -> 80 -> 20 -> 22 -> 58 -> 81 -> 83 -> 64 -> 31 -> 33 -> 73 -> 6 -> 7 -> 17 -> 57 -> 58 -> 1 -> 68 -> 73 -> 43 -> 26 -> 30 -> 16 -> 41 -> 44 -> 42 -> 54 -> 55 -> 20 -> 2 -> 3 -> 93 -> 97 -> 99 -> 64 -> 62 -> 67 -> 99 -> 56 -> 59 -> 30 -> 16 -> 21 -> 29 -> 17 -> 19 -> 41 -> 89 -> 91 -> 47 -> 39 -> 41 -> 59 -> 82 -> 83 -> 51 -> 8 -> 9 -> 85 -> 63 -> 67 -> 13 -> 48 -> 52 -> 91 -> 1 -> 3 -> 89 -> 49 -> 53 -> 84 -> 44 -> 45 -> 18 -> 95 -> 98 -> 46 -> 59 -> 64 -> 75 -> 95 -> 96 -> 10 -> 83 -> 87 -> 56 -> 91 -> 96 -> 15 -> 78 -> 80 -> 57 -> 68 -> 70 -> 46 -> 72 -> 76 -> 76 -> 1 -> 2 -> 69 -> 18 -> 21 -> 95 -> 28 -> 29 -> 5 -> 27 -> 33 -> 78 -> 77 -> 59 -> 55 -> 56 -> 40 -> 41 -> 40 -> 76 -> 78 -> 94 -> 80 -> 83 -> 97 -> 28 -> 30 -> 25 -> 50 -> 51 -> 5 -> 62 -> 65 -> 51 -> 11 -> 17 -> 87 -> 58 -> 63 -> 33 -> 10 -> 12 -> 80 -> 34 -> 38 -> 32 -> 3 -> 10 -> 32 -> 53 -> 57 -> 89 -> 38 -> 39 -> 52 -> 63 -> 64 -> 19 -> 91 -> 97 -> 56 -> 32 -> 34 -> 38 -> 26 -> 27 -> 71 -> 75 -> 76 -> 0 -> 49 -> 50 -> 4 -> 69 -> 71 -> 86 -> 63 -> 65 -> 18 -> 59 -> 62 -> 66 -> 44 -> 48 -> 29 -> 62 -> 64 -> 7 -> 12 -> 16 -> 47 -> 96 -> 97 -> 46 -> 47 -> 52 -> 32 -> 19 -> 20 -> 23 -> 3 -> 7 -> 21 -> 11 -> 13 -> 61 -> 34 -> 35 -> 35 -> 47 -> 51 -> 56 -> 53 -> 54 -> 61 -> 97 -> 98 -> 18 -> 41 -> 46 -> 22 -> 98 -> 99 -> 74 -> 48 -> 51 -> 43 -> 47 -> 24 -> 83 -> 84 -> 97 -> 58 -> 59 -> 51 -> 92 -> 94 -> 12 -> 24 -> 26 -> 27 -> 90 -> 93 -> 97 -> 53 -> 56 -> 40 -> 81 -> 82 -> 76 -> 10 -> 13 -> 60 -> 46 -> 47 -> 3 -> 47 -> 49 -> 55 -> 88 -> 94 -> 30 -> 79 -> 81 -> 63 -> 8 -> 10 -> 77 -> 49 -> 51 -> 35 -> 46 -> 51 -> 14 -> 32 -> 36 -> 48 -> 66 -> 68 -> 64 -> 70 -> 72 -> 17 -> 22 -> 27 -> 72 -> 69 -> 73 -> 12 -> 0 -> 1 -> 63","1934"
"2972","0 -> 8 -> 21 -> 77 -> 83 -> 48 -> 51 -> 52 -> 44 -> 89 -> 92 -> 0
No path found","1940"
"2973","0 -> 3 -> 7 -> 11 -> 55 -> 48 -> 51 -> 56 -> 63 -> 67 -> 70 -> 96 -> 97 -> 99
No path found","2048"
"2974","0 -> 2 -> 3 -> 14 -> 43 -> 47 -> 44 -> 37 -> 8 -> 10 -> 58 -> 7 -> 11 -> 36 -> 28 -> 33 -> 39 -> 62 -> 30 -> 32 -> 71 -> 72 -> 26 -> 80 -> 83 -> 16 -> 17 -> 51 -> 85 -> 87 -> 90 -> 37 -> 41 -> 80 -> 44 -> 8 -> 39 -> 43 -> 68 -> 4 -> 5 -> 98 -> 21 -> 25 -> 93 -> 50 -> 57 -> 16 -> 53 -> 56 -> 74 -> 40 -> 46 -> 67 -> 31 -> 32 -> 44 -> 72 -> 73 -> 72 -> 63 -> 67 -> 5 -> 13 -> 18 -> 56 -> 49 -> 51 -> 68 -> 40 -> 41 -> 1 -> 22 -> 25 -> 82 -> 58 -> 60 -> 31 -> 79 -> 82 -> 4 -> 14 -> 19 -> 80 -> 83 -> 85 -> 60 -> 18 -> 24 -> 68 -> 63 -> 65 -> 51 -> 38 -> 39 -> 65 -> 79 -> 83 -> 85 -> 36 -> 37 -> 37 -> 90 -> 93 -> 10 -> 46 -> 47 -> 67 -> 80 -> 81 -> 65 -> 2 -> 8 -> 76 -> 4 -> 6 -> 49 -> 6 -> 11 -> 89 -> 81 -> 84 -> 96 -> 89 -> 92 -> 94 -> 74 -> 75 -> 97 -> 28 -> 33 -> 89 -> 1 -> 11 -> 1","1946"
"2975","0 -> 1 -> 2 -> 6 -> 3 -> 4 -> 5 -> 15 -> 20 -> 21 -> 22 -> 23 -> 24 -> 25 -> 26 -> 27 -> 28 -> 29 -> 30 -> 31 -> 32 -> 33 -> 34 -> 35 -> 36 -> 37 -> 38 -> 39 -> 40 -> 41 -> 42 -> 43 -> 44 -> 45 -> 46 -> 47 -> 48 -> 49 -> 50 -> 51 -> 52 -> 53 -> 54 -> 55 -> 56 -> 57 -> 58 -> 59 -> 60 -> 61 -> 62 -> 63 -> 64 -> 65 -> 66 -> 67 -> 68 -> 69 -> 70 -> 71 -> 72 -> 73 -> 74 -> 75 -> 76 -> 77 -> 78 -> 79 -> 80 -> 81 -> 82 -> 83 -> 84 -> 85 -> 86 -> 87 -> 88 -> 89 -> 90 -> 91 -> 92 -> 93 -> 94 -> 95 -> 96 -> 97 -> 98 -> 99","2012"
"2976","0 -> 5 -> 6 -> 32 -> 27 -> 29 -> 24 -> 26 -> 23 -> 26 -> 26 -> 23 -> 98 -> 97 -> 99 -> 57 -> 71 -> 73 -> 93 -> 74 -> 75 -> 49 -> 48 -> 51 -> 52 -> 45 -> 54 -> 10 -> 92 -> 94 -> 56 -> 42 -> 45 -> 70 -> 43 -> 46 -> 85 -> 87 -> 4 -> 85 -> 88 -> 71 -> 86 -> 67 -> 55 -> 57 -> 79 -> 88 -> 89 -> 55 -> 22 -> 25 -> 39 -> 75 -> 76 -> 28 -> 31 -> 32 -> 55 -> 42 -> 43 -> 5 -> 29 -> 30 -> 55 -> 66 -> 70 -> 28 -> 75 -> 77 -> 63 -> 7 -> 10 -> 56 -> 79 -> 80 -> 64 -> 16 -> 18 -> 58 -> 67 -> 91 -> 94 -> 78 -> 13 -> 15 -> 69 -> 70 -> 74 -> 50 -> 68 -> 71 -> 12 -> 6 -> 9 -> 84 -> 12 -> 15 -> 81 -> 61 -> 63 -> 29 -> 36 -> 92 -> 37 -> 11 -> 20 -> 28 -> 14 -> 15 -> 31 -> 34 -> 95 -> 99 -> 10 -> 74 -> 76 -> 21 -> 53 -> 55 -> 21 -> 53 -> 58 -> 89 -> 70 -> 72 -> 30 -> 90 -> 92 -> 76 -> 36 -> 38 -> 68 -> 21 -> 24 -> 98 -> 53 -> 54 -> 5 -> 43 -> 46 -> 63 -> 14 -> 16 -> 34 -> 2 -> 6 -> 86 -> 45 -> 50 -> 42 -> 85 -> 88 -> 71 -> 11 -> 12 -> 39 -> 24 -> 26 -> 72 -> 15 -> 5 -> 47 -> 48 -> 25 -> 69 -> 73 -> 83 -> 30 -> 33 -> 28 -> 82 -> 86 -> 3 -> 76 -> 80 -> 45 -> 51 -> 53 -> 79 -> 9 -> 10 -> 48 -> 4 -> 7 -> 34 -> 23 -> 24 -> 29 -> 77 -> 81 -> 1 -> 16 -> 19 -> 99 -> 29 -> 32 -> 84 -> 98 -> 99 -> 57","2018"
"2977","0 -> 3 -> 68 -> 98 -> 42 -> 99 
No path found","2036"
"2978","0 -> 1 -> 2 -> 3 -> 4 -> 5 -> 6 -> 7 -> 8 -> 9 -> 10 -> 11 -> 12 -> 13 -> 14 -> 15 -> 16 -> 17 -> 18 -> 19 -> 20 -> 21 -> 22 -> 23 -> 24 -> 25 -> 26 -> 27 -> 28 -> 29 -> 30 -> 31 -> 32 -> 33 -> 34 -> 35 -> 36 -> 37 -> 38 -> 39 -> 40 -> 41 -> 42 -> 43 -> 44 -> 45 -> 46 -> 47 -> 48 -> 49 -> 50 -> 51 -> 52 -> 53 -> 54 -> 55 -> 56 -> 57 -> 58 -> 59 -> 60 -> 61 -> 62 -> 63 -> 64 -> 65 -> 66 -> 67 -> 68 -> 69 -> 70 -> 71 -> 72 -> 73 -> 74 -> 75 -> 76 -> 77 -> 78 -> 79 -> 80 -> 81 -> 82 -> 83 -> 84 -> 85 -> 86 -> 87 -> 88 -> 89 -> 90 -> 91 -> 92 -> 93 -> 94 -> 95 -> 96 -> 97 -> 98 -> 99","1892"
"2979","0 -> 3 -> 4 -> 6 -> 8 -> 9 -> 10 -> 13 -> 14 -> 15 -> 16 -> 17 -> 18 -> 19 -> 20 -> 21 -> 22 -> 23 -> 24 -> 25 -> 26 -> 27 -> 28 -> 29 -> 30 -> 31 -> 32 -> 33 -> 34 -> 35 -> 36 -> 37 -> 38 -> 39 -> 40 -> 41 -> 42 -> 43 -> 44 -> 45 -> 46 -> 47 -> 48 -> 49 -> 50 -> 51 -> 52 -> 53 -> 54 -> 55 -> 56 -> 57 -> 58 -> 59 -> 60 -> 61 -> 62 -> 63 -> 64 -> 65 -> 66 -> 67 -> 68 -> 69 -> 70 -> 71 -> 72 -> 73 -> 74 -> 75 -> 76 -> 77 -> 78 -> 79 -> 80 -> 81 -> 82 -> 83 -> 84 -> 85 -> 86 -> 87 -> 88 -> 89 -> 90 -> 91 -> 92 -> 93 -> 94 -> 95 -> 96 -> 97 -> 98 -> 99","1940"
"2980","0 -> 6 -> 12 -> 34 -> 37 -> 10 -> 16 -> 22 -> 36 -> 40 -> 39 -> 35 -> 61 -> 62 -> 7 -> 8 -> 73 -> 9 -> 64 -> 68 -> 63 -> 29 -> 34 -> 38 -> 39 -> 34 -> 38 -> 26 -> 30 -> 32 -> 31 -> 56 -> 58 -> 53 -> 78 -> 79 -> 25 -> 4 -> 7 -> 90 -> 97 -> 98 -> 51 -> 80 -> 86 -> 94 -> 28 -> 29 -> 35 -> 22 -> 27 -> 82 -> 77 -> 82 -> 89 -> 81 -> 85 -> 84 -> 78 -> 81 -> 4 -> 66 -> 68 -> 81 -> 74 -> 75 -> 11 -> 54 -> 56 -> 2 -> 43 -> 46 -> 74 -> 55 -> 60 -> 83 -> 68 -> 70 -> 54 -> 57 -> 70 -> 71 -> 78 -> 30 -> 34 -> 26 -> 32 -> 36 -> 30 -> 58 -> 59 -> 58 -> 35 -> 39 -> 69 -> 73 -> 88 -> 91 -> 46 -> 24 -> 29 -> 72 -> 98 -> 99 -> 22","2678"
"2981","0 -> 3 -> 46 -> 88 -> 91 -> 97 -> 60 -> 96 -> 39 -> 63 -> 86 -> 90 -> 0","2762"
"2982","0 -> 2 -> 38 -> 13 -> 16 -> 54 -> 99
No path found","2684"
"2983","0 -> 4 -> 9 -> 54 -> 69 -> 75 -> 43 -> 19 -> 84 -> 20 -> 12 -> 50 -> 3 -> 5 -> 51 -> 6 -> 7 -> 55 -> 15 -> 18 -> 23 -> 65 -> 67 -> 66 -> 34 -> 37 -> 0 -> 59 -> 62 -> 63 -> 21 -> 25 -> 5 -> 26 -> 29 -> 94 -> 68 -> 69 -> 71 -> 63 -> 65 -> 57 -> 38 -> 43 -> 89 -> 93 -> 97 -> 39 -> 14 -> 21 -> 63 -> 81 -> 84 -> 26 -> 43 -> 46 -> 88 -> 74 -> 75 -> 82 -> 23 -> 25 -> 0 -> 25 -> 30 -> 7 -> 84 -> 85 -> 12 -> 74 -> 76 -> 93 -> 58 -> 63 -> 24 -> 96 -> 99 -> 99 -> 62 -> 65 -> 14 -> 52 -> 56 -> 28 -> 61 -> 64 -> 52 -> 10 -> 14 -> 35 -> 28 -> 30 -> 30 -> 60 -> 64 -> 32 -> 78 -> 79 -> 41 -> 41 -> 42 -> 86 -> 93 -> 23 -> 77 -> 79 -> 19 -> 18 -> 80 -> 30 -> 31 -> 77 -> 89 -> 91 -> 42 -> 44 -> 98 -> 33 -> 34 -> 59 -> 41 -> 44 -> 49 -> 82 -> 84 -> 82 -> 21 -> 24 -> 58 -> 3 -> 7 -> 96 -> 27 -> 31 -> 99 -> 86 -> 93 -> 12 -> 89 -> 93 -> 10 -> 32 -> 34 -> 8 -> 9 -> 14 -> 4 -> 5 -> 9 -> 95 -> 88 -> 92 -> 4 -> 53 -> 56 -> 36 -> 80 -> 83 -> 11 -> 73 -> 75 -> 64 -> 28 -> 34 -> 32 -> 33 -> 37 -> 54 -> 30 -> 33 -> 17 -> 29 -> 32 -> 10 -> 73 -> 74 -> 85 -> 25 -> 32 -> 97 -> 64 -> 66 -> 82 -> 16 -> 17 -> 23 -> 54 -> 55 -> 48 -> 15 -> 16 -> 78 -> 70 -> 75 -> 22 -> 23 -> 6 -> 49 -> 53 -> 33 -> 34 -> 39 -> 5 -> 11 -> 12 -> 14 -> 23 -> 27 -> 95 -> 61 -> 62 -> 78 -> 13 -> 16 -> 100 -> 65 -> 69 -> 16 -> 34 -> 35 -> 90 -> 26 -> 27 -> 98 -> 22 -> 25 -> 69 -> 71 -> 95 -> 1 -> 2 -> 56 -> 35 -> 37 -> 96 -> 79 -> 81 -> 8 -> 91 -> 94 -> 36 -> 28 -> 32 -> 40 -> 92 -> 94 -> 42 -> 79 -> 82 -> 53 -> 50 -> 51 -> 49 -> 19 -> 21 -> 50 -> 27 -> 29 -> 22 -> 6 -> 9 -> 53 -> 60 -> 62 -> 73 -> 2 -> 5 -> 39 -> 29 -> 30 -> 11 -> 73 -> 77 -> 82","2678"
"2984","0 -> 3 -> 89 -> 46 -> 48 -> 2 -> 6 -> 38 -> 2 -> 33 -> 82 -> 22 -> 24 -> 37 -> 14 -> 23 -> 65 -> 72 -> 78 -> 64 -> 44 -> 46 -> 79 -> 83 -> 75 -> 44 -> 48 -> 64 -> 6 -> 8 -> 88 -> 9 -> 11 -> 15 -> 43 -> 87 -> 65 -> 74 -> 97 -> 91 -> 93 -> 37 -> 89 -> 46 -> 92 -> 93 -> 37 -> 89 -> 46 -> 9 -> 13 -> 43 -> 83 -> 87 -> 65 -> 49 -> 50 -> 21 -> 51 -> 65 -> 58 -> 23 -> 56 -> 60 -> 17 -> 31 -> 59 -> 81 -> 86 -> 38 -> 82 -> 14 -> 15 -> 93 -> 42 -> 35 -> 4 -> 6 -> 34 -> 6 -> 85 -> 87 -> 31 -> 46 -> 48 -> 79 -> 91 -> 92 -> 55 -> 94 -> 98 -> 14 -> 53 -> 56 -> 21 -> 1 -> 4 -> 40 -> 85 -> 89 -> 75 -> 12 -> 17 -> 55 -> 72 -> 75 -> 41 -> 65 -> 69 -> 96 -> 76 -> 77 -> 78 -> 90 -> 93 -> 65 -> 87 -> 88 -> 50 -> 9 -> 15 -> 68 -> 10 -> 12 -> 63 -> 26 -> 27 -> 82 -> 67 -> 73 -> 30 -> 15 -> 19 -> 44 -> 92 -> 96 -> 0 -> 75 -> 76 -> 7 -> 87 -> 94 -> 88","2678"
"2985","0 -> 3 -> 91 -> 99","2732"
"2986","0 -> 3 -> 8 -> 4 -> 7 -> 5 -> 9 -> 10 -> 6 -> 14 -> 6 -> 75 -> 79 -> 11 -> 22 -> 30 -> 31 -> 2 -> 4 -> 71 -> 80 -> 35 -> 83 -> 85 -> 34 -> 94 -> 98 -> 76 -> 57 -> 58 -> 73 -> 89 -> 91 -> 82 -> 79 -> 81 -> 36 -> 12 -> 14 -> 83 -> 57 -> 59 -> 49 -> 51 -> 10 -> 16 -> 23 -> 1 -> 3 -> 91 -> 26 -> 29 -> 88 -> 73 -> 78 -> 28 -> 97 -> 99 -> 65","2702"
"2987","0 -> 6 -> 10 -> 100 -> No path found","2660"
"2988","0 -> 3 -> 94 -> 99
No path found","2606"
"2989","0 -> 2 -> 9 -> 24 -> 4 -> 6 -> 10 -> 33 -> 60 -> 63 -> 29 -> 67 -> 43 -> 45 -> 7 -> 8 -> 70 -> 23 -> 26 -> 40 -> 42 -> 45 -> 79 -> 83 -> 76 -> 0","2840"
"2990","0 -> 2 -> 86 -> 88 -> 69 -> 74 -> 75 -> 88 -> 36 -> 44 -> 51 -> 54 -> 56 -> 58 -> 62 -> 60 -> 61 -> 39 -> 60 -> 62 -> 54 -> 55 -> 59 -> 61 -> 60 -> 65 -> 70 -> 72 -> 75 -> 88 -> 36 -> 44 -> 51 -> 54 -> 56 -> 58 -> 62 -> 60 -> 64 -> 94 -> 96 -> 21 -> 72 -> 76 -> 59 -> 17 -> 18 -> 10 -> 11 -> 89 -> 48 -> 50 -> 7 -> 39 -> 42 -> 45 -> 83 -> 86 -> 69 -> 85 -> 87 -> 1 -> 8 -> 59 -> 13 -> 43 -> 47 -> 65 -> 68 -> 3 -> 66 -> 71 -> 65 -> 55 -> 56 -> 38 -> 79 -> 81 -> 86 -> 30 -> 84 -> 88 -> 29 -> 85 -> 87 -> 44 -> 78 -> 80 -> 50 -> 48 -> 49 -> 60 -> 1 -> 3 -> 7 -> 65 -> 66 -> 92 -> 90 -> 93 -> 65 -> 51 -> 53 -> 97 -> 57 -> 60 -> 45 -> 93 -> 96 -> 82 -> 22 -> 24 -> 23 -> 48 -> 52 -> 92 -> 26 -> 27 -> 16 -> 18 -> 0 -> 4 -> 19 -> 81 -> 83 -> 64 -> 74 -> 77 -> 83 -> 8 -> 11 -> 25 -> 71 -> 74 -> 87 -> 81 -> 86 -> 55 -> 67 -> 47 -> 66 -> 67 -> 5 -> 29 -> 34 -> 87 -> 42 -> 93 -> 4 -> 10 -> 44 -> 75 -> 79 -> 19 -> 61 -> 66 -> 42 -> 0 -> 1 -> 82 -> 84 -> 92 -> 64 -> 74 -> 77 -> 83","3356"
"2991","0 -> 4 -> 82 -> 99 -> 98 -> 91 -> 93 -> 84 -> 88 -> 22 -> 85 -> 86 -> 87 -> 50 -> 49 -> 11 -> 14 -> 12 -> 92 -> 94 -> 11 -> 97 -> 79 -> 89 -> 33 -> 91 -> 93 -> 67 -> 16 -> 63 -> 66 -> 0","3242"
"2992","0 -> 5 -> 9 -> 3 -> 6 -> 81
No path found","3176"
"2993","0 -> 4 -> 62 -> 37 -> 92 -> 99 -> 26 -> 98 -> 97 -> 93 -> 18 -> 81 -> 94 -> 19 -> 31 -> 38 -> 71 -> 74 -> 16 -> 82 -> 87 -> 23 -> 35 -> 61 -> 34 -> 37 -> 43 -> 74 -> 47 -> 51 -> 57 -> 46 -> 49 -> 8 -> 11 -> 72 -> 44 -> 5 -> 48 -> 67 -> 70 -> 82 -> 24 -> 27 -> 25 -> 0","3206"
"2994","0 -> 4 -> 77 -> 98 -> 99","3194"
"2995","0 -> 5 -> 18 -> 70 -> 80 -> 44 -> 79 -> 3 -> 61 -> 99 -> 75 -> 89 -> 3 -> 85 -> 89 -> 3 -> 67 -> 68 -> 73 -> 99 -> 98 -> 96 -> 51","3248"
"2996","0 -> 5 -> 48 -> 61 -> 65 -> 4 -> 86 -> 42 -> 45 -> 44 -> 77 -> 82 -> 76 -> 29 -> 30 -> 40 -> 43 -> 70 -> 74 -> 12 -> 34 -> 20 -> 23 -> 98 -> 24 -> 25 -> 2 -> 8 -> 79 -> 38 -> 44 -> 69 -> 38 -> 43 -> 56 -> 14 -> 19 -> 84 -> 60 -> 62 -> 41 -> 52 -> 55 -> 15 -> 16 -> 41 -> 51 -> 55 -> 28 -> 27 -> 94 -> 25 -> 21 -> 69 -> 71 -> 58 -> 11 -> 14 -> 0 -> 70 -> 74 -> 4","3224"
"2997","0 -> 1 -> 5 -> 9 -> 12 -> 21 -> 23 -> 76 -> 79 -> 84 -> 91 -> 93 -> 98 -> 99","3230"
"2998","0 -> 7 -> 49 -> 34 -> 35 -> 51 -> 59 -> 1 -> 4 -> 33 -> 43 -> 45 -> 81 -> 84 -> 69 -> 83 -> 85 -> 39 -> 5 -> 8 -> 14 -> 19 -> 22 -> 57 -> 74 -> 81 -> 99 -> 74 -> 71 -> 73 -> 8 -> 30 -> 36 -> 53 -> 94 -> 97 -> 95 -> 79 -> 18 -> 20 -> 63 -> 41 -> 47 -> 83 -> 89 -> 93 -> 0","3176"
"2999","0 -> 1 -> 2 -> 3 -> 4 -> 5 -> 6 -> 7 -> 8 -> 9 -> 10 -> 11 -> 12 -> 13 -> 14 -> 15 -> 16 -> 17 -> 18 -> 19 -> 20 -> 21 -> 22 -> 23 -> 24 -> 25 -> 26 -> 27 -> 28 -> 29 -> 30 -> 31 -> 32 -> 33 -> 34 -> 35 -> 36 -> 37 -> 38 -> 39 -> 40 -> 41 -> 42 -> 43 -> 44 -> 45 -> 46 -> 47 -> 48 -> 49 -> 50 -> 51 -> 52 -> 53 -> 54 -> 55 -> 56 -> 57 -> 58 -> 59 -> 60 -> 61 -> 62 -> 63 -> 64 -> 65 -> 66 -> 67 -> 68 -> 69 -> 70 -> 71 -> 72 -> 73 -> 74 -> 75 -> 76 -> 77 -> 78 -> 79 -> 80 -> 81 -> 82 -> 83 -> 84 -> 85 -> 86 -> 87 -> 88 -> 89 -> 90 -> 91 -> 92 -> 93 -> 94 -> 95 -> 96 -> 97 -> 98 -> 99","3236"
"3000","0 -> 4 -> 7 -> 13 -> 16 -> 19 -> 23 -> 28 -> 33 -> 38 -> 43 -> 48 -> 54 -> 59 -> 64 -> 69 -> 74 -> 79 -> 84 -> 89 -> 94 -> 99","3728"
"3001","0 -> 4 -> 3 -> 29 -> 0 
No path found","3608"
"3002","0 -> 4 -> 7 -> 6 -> 9 -> 13 -> 76 -> 81 -> 44 -> 29 -> 34 -> 8 -> 11 -> 35 -> 38 -> 17 -> 42 -> 31 -> 32 -> 90 -> 95 -> 60 -> 99 -> 80
0 -> 4 -> 7 -> 6 -> 9 -> 13 -> 76 -> 81 -> 44 -> 29 -> 34 -> 8 -> 11 -> 35 -> 38 -> 17 -> 42 -> 31 -> 32 -> 90 -> 95 -> 60 -> 99 -> 80
No path found","3722"
"3003","0 -> 4 -> 8 -> 0
No path found","3740"
"3004","0 -> 2 -> 86 -> 58 -> 59 -> 47 -> 64 -> 68 -> 96 -> 97 -> 93 -> 17 -> 53 -> 57 -> 33 -> 43 -> 5 -> 56 -> 64 -> 95 -> 99 -> 2 -> 3 -> 34 -> 63 -> 69 -> 61 -> 48 -> 51 -> 10 -> 44 -> 3 -> 48 -> 52 -> 51 -> 17 -> 21 -> 53 -> 57 -> 84 -> 89 -> 54 -> 25 -> 30 -> 7 -> 5 -> 42 -> 47 -> 62 -> 46 -> 57 -> 64 -> 33 -> 43 -> 38 -> 94 -> 99 -> 39 -> 16 -> 20 -> 91 -> 1 -> 6 -> 57 -> 63 -> 24 -> 50 -> 51 -> 0 -> 85 -> 88 -> 82 -> 20 -> 22 -> 17 -> 81 -> 86 -> 99 -> 47 -> 49 -> 7 -> 75 -> 80 -> 94 -> 79 -> 83 -> 11 -> 41 -> 43 -> 5 -> 56 -> 64 -> 95 -> 99 -> 2 -> 4 -> 9 -> 78 -> 85 -> 92 -> 22 -> 11 -> 16 -> 22 -> 91 -> 95 -> 88 -> 74 -> 79 -> 42 -> 24 -> 28 -> 3 -> 79 -> 84 -> 8 -> 55 -> 56 -> 55 -> 0 -> 1 -> 68 -> 67 -> 69 -> 51 -> 21 -> 23 -> 38 -> 95 -> 98 -> 65 -> 33 -> 68 -> 74 -> 98 -> 94 -> 69 -> 89 -> 96 -> 19 -> 18 -> 31 -> 14 -> 17 -> 89 -> 8 -> 13 -> 93 -> 27 -> 29 -> 19 -> 49 -> 57 -> 40 -> 74 -> 76 -> 68 -> 30 -> 34 -> 1 -> 48 -> 54 -> 9 -> 53 -> 57 -> 19 -> 9 -> 12 -> 82 -> 42 -> 44 -> 3 -> 48 -> 52 -> 51 -> 17 -> 21 -> 53 -> 57 -> 84 -> 89 -> 54 -> 25 -> 30 -> 7 -> 5 -> 42 -> 47 -> 62 -> 46 -> 57 -> 64 -> 33 -> 43 -> 38 -> 94 -> 99 -> 39 -> 16 -> 20 -> 91 -> 1 -> 6 -> 57 -> 63 -> 24 -> 50 -> 51 -> 0 -> 85 -> 88 -> 82 -> 20 -> 22 -> 17 -> 81 -> 86 -> 99 -> 47 -> 49 -> 7 -> 75 -> 80 -> 94 -> 79 -> 83 -> 11 -> 41 -> 43 -> 5 -> 56 -> 64 -> 95 -> 99 -> 2 -> 4 -> 9 -> 78 -> 85 -> 92 -> 22 -> 11 -> 16 -> 22 -> 91 -> 95 -> 88 -> 74 -> 79 -> 42 -> 24 -> 28 -> 3 -> 79 -> 84 -> 8 -> 55 -> 56 -> 55 -> 0","3626"
"3005","0 -> 5 -> 4 -> 8 -> 17 -> 49 -> 52 -> 99
No path found","3734"
"3006","0 -> 3 -> 22 -> 61 -> 99
No path found","3656"
"3007","0 -> 6 -> 30 -> 27 -> 29 -> 52 -> 80 -> 99
No path found","3680"
"3008","0 -> 1 -> 2 -> 3 -> 4 -> 5 -> 6 -> 7 -> 8 -> 9 -> 10 -> 11 -> 12 -> 13 -> 14 -> 15 -> 16 -> 17 -> 18 -> 19 -> 20 -> 21 -> 22 -> 23 -> 24 -> 25 -> 26 -> 27 -> 28 -> 29 -> 30 -> 31 -> 32 -> 33 -> 34 -> 35 -> 36 -> 37 -> 38 -> 39 -> 40 -> 41 -> 42 -> 43 -> 44 -> 45 -> 46 -> 47 -> 48 -> 49 -> 50 -> 51 -> 52 -> 53 -> 54 -> 55 -> 56 -> 57 -> 58 -> 59 -> 60 -> 61 -> 62 -> 63 -> 64 -> 65 -> 66 -> 67 -> 68 -> 69 -> 70 -> 71 -> 72 -> 73 -> 74 -> 75 -> 76 -> 77 -> 78 -> 79 -> 80 -> 81 -> 82 -> 83 -> 84 -> 85 -> 86 -> 87 -> 88 -> 89 -> 90 -> 91 -> 92 -> 93 -> 94 -> 95 -> 96 -> 97 -> 98 -> 99","3686"
"3009","0 -> 5 -> 32 -> 2 -> 3 -> 63 -> 87 -> 92 -> 86 -> 95 -> 83 -> 95 -> 82 -> 83 -> 95 -> 81 -> 78 -> 79 -> 96 -> 98 -> 16 -> 99 -> 36","3638"
"3010","0 -> 3 -> 12 -> 4 -> 6 -> 25 -> 82 -> 24 -> 27 -> 94 -> 22 -> 43 -> 42 -> 39 -> 80 -> 41 -> 48 -> 44 -> 85 -> 83 -> 85 -> 97 -> 46 -> 50 -> 61 -> 99 -> 84 -> 88 -> 91 -> 93 -> 94 -> 18 -> 35 -> 39 -> 32 -> 11 -> 15 -> 5 -> 30 -> 31 -> 51 -> 41 -> 48 -> 44 -> 80 -> 85 -> 38 -> 82 -> 84 -> 61 -> 87 -> 88 -> 80 -> 17 -> 24 -> 52 -> 16 -> 24 -> 7 -> 11 -> 12 -> 81 -> 49 -> 50 -> 73 -> 65 -> 70 -> 65 -> 71 -> 72 -> 99 -> 35 -> 44 -> 39 -> 10 -> 11 -> 40 -> 61 -> 65 -> 79 -> 33 -> 42 -> 81 -> 90 -> 92 -> 32","584"
"3011","0 -> 4 -> 12 -> 79 -> 80 -> 84 -> 23 -> 53 -> 55 -> 79 -> 76 -> 83 -> 32 -> 21 -> 24 -> 48 -> 75 -> 82 -> 40 -> 62 -> 70 -> 49 -> 43 -> 47 -> 48 -> 22 -> 29 -> 59 -> 20 -> 21 -> 64 -> 41 -> 43 -> 72 -> 22 -> 25 -> 98 -> 19 -> 25 -> 37 -> 91 -> 94 -> 46 -> 26 -> 28 -> 18 -> 8 -> 9 -> 31 -> 65 -> 75 -> 36 -> 0 -> 4 -> 74 -> 81 -> 1 -> 57 -> 61 -> 26 -> 62 -> 67 -> 64 -> 81 -> 87 -> 41 -> 29 -> 33 -> 21 -> 11 -> 12 -> 75 -> 78 -> 89 -> 18 -> 94 -> 99 -> 98 -> 3 -> 5 -> 68 -> 33 -> 35 -> 20 -> 69 -> 71 -> 89 -> 96 -> 97 -> 36 -> 58 -> 60 -> 52 -> 82 -> 83 -> 6 -> 46 -> 53 -> 59 -> 67 -> 77 -> 71 -> 60 -> 65 -> 41 -> 39 -> 40 -> 67 -> 74 -> 76 -> 27 -> 69 -> 74 -> 52 -> 25 -> 28 -> 63 -> 20 -> 25 -> 32 -> 1 -> 2 -> 40 -> 37 -> 42 -> 35 -> 87 -> 97 -> 24 -> 12 -> 14 -> 93 -> 73 -> 84 -> 39 -> 71 -> 77 -> 78 -> 67 -> 69 -> 11 -> 52 -> 59 -> 80 -> 32 -> 33 -> 94 -> 33 -> 37 -> 70 -> 5 -> 7 -> 45 -> 82 -> 86 -> 31 -> 73 -> 78 -> 92 -> 75 -> 77 -> 42 -> 55 -> 61 -> 64 -> 59 -> 62 -> 12","596"
"3012","0 -> 2 -> 8 -> 10 -> 6 -> 11 -> 48 -> 1 -> 2 -> 92 -> 15 -> 16 -> 89 -> 52 -> 55 -> 56 -> 78 -> 80 -> 50 -> 29 -> 40 -> 92 -> 97 -> 73 -> 99","632"
"3013","0 -> 2 -> 6 -> 18 -> 19 -> 22 -> 35 -> 39 -> 44 -> 45 -> 52 -> 56 -> 58 -> 59 -> 60 -> 67 -> 68 -> 69 -> 74 -> 76 -> 78 -> 85 -> 88 -> 90 -> 92 -> 98 -> 99","590"
"3014","0 -> 1 -> 2 -> 5 -> 6 -> 14 -> 17 -> 21 -> 26 -> 29 -> 28 -> 24 -> 26 -> 33 -> 38 -> 39 -> 47 -> 11 -> 74 -> 27 -> 30 -> 32 -> 35 -> 10 -> 22 -> 27 -> 32 -> 27 -> 31 -> 37 -> 65 -> 68 -> 96 -> 90 -> 95 -> 82 -> 86 -> 80 -> 8 -> 9 -> 77 -> 82 -> 41 -> 69 -> 70 -> 71 -> 69 -> 71 -> 99","554"
"3015","0 -> 3 -> 8 -> 4 -> 9 -> 22 -> 25 -> 24 -> 57 -> 22 -> 24 -> 57 -> 26 -> 28 -> 77 -> 73 -> 75 -> 78 -> 20 -> 24 -> 29 -> 33 -> 47 -> 39 -> 41 -> 13 -> 35 -> 36 -> 0","596"
"3016","0 -> 7 -> 15 -> 20 -> 12 -> 28 -> 22 -> 28 -> 31 -> 36 -> 64 -> 68 -> 13 -> 25 -> 26 -> 29 -> 36 -> 27 -> 35 -> 40 -> 49 -> 60 -> 34 -> 32 -> 50 -> 53 -> 63 -> 84 -> 83 -> 84 -> 80 -> 82 -> 80 -> 95 -> 96 -> 93 -> 91 -> 92 -> 98 -> 99","566"
"3017","0 -> 3 -> 7 -> 22 -> 26 -> 44 -> 39 -> 40 -> 53 -> 76 -> 82 -> 84 -> 2 -> 70 -> 73 -> 35 -> 46 -> 49 -> 53 -> 62 -> 83 -> 85 -> 7 -> 28 -> 33 -> 72 -> 74 -> 39 -> 42 -> 8 -> 21 -> 24 -> 57 -> 59 -> 75 -> 11 -> 13 -> 94 -> 22 -> 26 -> 83 -> 34 -> 49 -> 28 -> 20 -> 25 -> 82 -> 3 -> 8 -> 80 -> 9 -> 18 -> 34 -> 61 -> 62 -> 27 -> 40 -> 49 -> 76 -> 55 -> 62 -> 47 -> 23 -> 26 -> 42 -> 7 -> 8 -> 100 -> 79 -> 83 -> 76 -> 75 -> 78 -> 43 -> 12 -> 24 -> 15 -> 13 -> 15 -> 4 -> 54 -> 64 -> 85 -> 88 -> 92 -> 74 -> 20 -> 29 -> 91 -> 27 -> 33 -> 69 -> 41 -> 45 -> 0 -> 44 -> 52 -> 0 -> 82 -> 84 -> 0","692"
"3018","0 -> 2 -> 16 -> 14 -> 8 -> 14 -> 27 -> 53 -> 55 -> 66 -> 43 -> 38 -> 24 -> 35 -> 38 -> 24 -> 25 -> 27 -> 92 -> 30 -> 41 -> 56 -> 18 -> 28 -> 63 -> 46 -> 49 -> 19 -> 50 -> 52 -> 36 -> 42 -> 46 -> 73 -> 88 -> 92 -> 86 -> 68 -> 71 -> 80 -> 24 -> 29 -> 27 -> 16 -> 21 -> 18 -> 53 -> 58 -> 29 -> 38 -> 43 -> 83 -> 18 -> 27 -> 91 -> 9 -> 13 -> 58 -> 48 -> 56 -> 53 -> 4 -> 7 -> 18 -> 74 -> 76 -> 98 -> 14 -> 27 -> 72 -> 10 -> 27 -> 13 -> 14 -> 72 -> 34 -> 41 -> 52 -> 13 -> 23 -> 47 -> 60 -> 65 -> 92 -> 31 -> 33 -> 65 -> 23 -> 25 -> 63 -> 28 -> 31 -> 24 -> 40 -> 46 -> 42 -> 89 -> 94 -> 12 -> 44 -> 45 -> 42 -> 80 -> 81 -> 87 -> 93 -> 95 -> 53 -> 54 -> 56 -> 61 -> 93 -> 97 -> 96 -> 72 -> 75 -> 35 -> 72 -> 78 -> 98 -> 10 -> 13 -> 30 -> 35 -> 36 -> 16 -> 89 -> 95 -> 2 -> 13 -> 15 -> 1 -> 9 -> 46 -> 39 -> 43 -> 23","608"
"3019","0 -> 4 -> 8 -> 12 -> 15 -> 17 -> 5 -> 10 -> 11 -> 14 -> 70 -> 59 -> 61 -> 31 -> 59 -> 64 -> 88 -> 47 -> 51 -> 95 -> 96 -> 98 -> 94 -> 99","518"
"3020","0 -> 6 -> 13 -> 18 -> 46 -> 51 -> 64 -> 73 -> 95 -> 96 -> 98 -> 99","896"
"3021","0 -> 7 -> 16 -> 3 -> 12 -> 83 -> 27 -> 31 -> 65 -> 29 -> 35 -> 26 -> 72 -> 80 -> 67 -> 44 -> 45 -> 57 -> 54 -> 56 -> 75 -> 83 -> 87 -> 66 -> 68 -> 70 -> 35 -> 92 -> 98 -> 35 -> 29 -> 85 -> 91 -> 8 -> 24 -> 28 -> 22 -> 69 -> 71 -> 85 -> 88 -> 12 -> 16 -> 17 -> 74 -> 86 -> 91 -> 99 -> 42 -> 50 -> 3 -> 43 -> 46 -> 63 -> 50 -> 52 -> 0 -> 48 -> 51 -> 5 -> 60 -> 62 -> 22 -> 45 -> 52 -> 19 -> 41 -> 43 -> 42 -> 55 -> 56 -> 89 -> 31 -> 39 -> 96 -> 3 -> 4 -> 79 -> 29 -> 30 -> 17 -> 50 -> 59 -> 47 -> 22 -> 26 -> 84 -> 9 -> 12 -> 65 -> 94 -> 97 -> 51 -> 89 -> 92 -> 91 -> 49 -> 52 -> 77 -> 57 -> 63 -> 12 -> 67 -> 68 -> 90 -> 65 -> 76 -> 34 -> 38 -> 44 -> 76 -> 24 -> 31 -> 51 -> 69 -> 74 -> 96 -> 62 -> 63 -> 91","890"
"3022","0 -> 3 -> 4 -> 8 -> 9 -> 10 -> 11 -> 12 -> 14 -> 15 -> 16 -> 17 -> 18 -> 19 -> 20 -> 21 -> 22 -> 23 -> 25 -> 26 -> 27 -> 28 -> 31 -> 32 -> 33 -> 34 -> 35 -> 36 -> 38 -> 39 -> 40 -> 42 -> 43 -> 47 -> 49 -> 50 -> 51 -> 52 -> 53 -> 54 -> 55 -> 56 -> 57 -> 58 -> 59 -> 60 -> 61 -> 62 -> 63 -> 64 -> 65 -> 66 -> 67 -> 68 -> 69 -> 70 -> 71 -> 72 -> 73 -> 74 -> 75 -> 76 -> 77 -> 78 -> 79 -> 80 -> 81 -> 82 -> 83 -> 84 -> 85 -> 86 -> 87 -> 88 -> 89 -> 90 -> 91 -> 92 -> 93 -> 94 -> 95 -> 96 -> 97 -> 98 -> 99","896"
"3023","0 -> 9 -> 10 -> 27 -> 40 -> 43 -> 52 -> 55 -> 60 -> 21 -> 12 -> 15 -> 28 -> 52 -> 56 -> 60 -> 34 -> 15 -> 14 -> 20 -> 16 -> 20 -> 83 -> 46 -> 50 -> 27 -> 18 -> 20 -> 77 -> 21 -> 22 -> 10 -> 44 -> 50 -> 86 -> 9 -> 14 -> 70 -> 57 -> 58 -> 20 -> 67 -> 72 -> 37 -> 43 -> 21 -> 90 -> 99 -> 66","896"
"3024","0 -> 3 -> 6 -> 11 -> 28 -> 33 -> 46 -> 47 -> 71 -> 75 -> 74 -> 70 -> 73 -> 80 -> 99 
No path found","920"
"3025","0 -> 8 -> 9 -> 11 -> 20 -> 22 -> 71 -> 87 -> 94 -> 97 -> 74 -> 96 -> 97 -> 74 -> 89 -> 99 
No path found","800"
"3026","0 -> 7 -> 4 -> 14 -> 51 -> 56 -> 58 -> 85 -> 87 -> 95 -> 97 
No path found","1076"
"3027","0 -> 6 -> 9 -> 34 -> 40 -> 42 -> 64 -> 65 -> 53 -> 38 -> 40 -> 28 -> 30 -> 90 -> 20 -> 25 -> 68 -> 77 -> 78 -> 2 -> 52 -> 57 -> 62 -> 56 -> 63 -> 44 -> 58 -> 60 -> 87 -> 71 -> 79 -> 11 -> 85 -> 98 -> 60 -> 12 -> 13 -> 24 -> 4 -> 5 -> 53 -> 72 -> 80 -> 55 -> 14 -> 19 -> 18 -> 15 -> 20 -> 36 -> 56 -> 63 -> 44 -> 58 -> 61 -> 53 -> 22 -> 26 -> 35 -> 93 -> 96 -> 98 -> 21 -> 28 -> 98 -> 6 -> 10 -> 37 -> 27 -> 32 -> 8 -> 24 -> 28 -> 89 -> 74 -> 77 -> 71 -> 54 -> 57 -> 41 -> 46 -> 48 -> 30 -> 36 -> 38 -> 22 -> 39 -> 42 -> 98 -> 22 -> 25 -> 45 -> 47 -> 49 -> 44 -> 13 -> 16 -> 26 -> 88 -> 94 -> 75 -> 42 -> 46 -> 48 -> 31 -> 36 -> 23 -> 94 -> 97 -> 1 -> 11 -> 16 -> 97 -> 58 -> 59 -> 77 -> 53 -> 54 -> 4 -> 29 -> 30 -> 4 -> 42 -> 51 -> 59 -> 37 -> 40 -> 62 -> 80 -> 87 -> 34 -> 36 -> 42 -> 46 -> 41 -> 48 -> 8 -> 67 -> 73 -> 41 -> 42 -> 45 -> 91 -> 70 -> 77 -> 90 -> 46 -> 50 -> 97 -> 7 -> 11 -> 60 -> 24 -> 29 -> 59 -> 19 -> 26 -> 72 -> 39 -> 41 -> 94 -> 75 -> 80 -> 83 -> 56 -> 58 -> 20 -> 87 -> 92 -> 6 -> 69 -> 74 -> 71 -> 16 -> 25 -> 39 -> 38 -> 39 -> 53 -> 56 -> 61 -> 75 -> 96 -> 98 -> 55 -> 3 -> 4 -> 65 -> 27 -> 33 -> 9 -> 76 -> 78 -> 39 -> 62 -> 67 -> 38 -> 10 -> 14 -> 50 -> 33 -> 34 -> 4 -> 5 -> 11 -> 89 -> 85 -> 89 -> 47 -> 43 -> 48 -> 64 -> 77 -> 80 -> 44 -> 26 -> 35 -> 31 -> 66 -> 67 -> 51 -> 65 -> 68 -> 35 -> 60 -> 62 -> 8","968"
"3028","0 -> 9 -> 15 -> 7 -> 48 -> 49 -> 81 -> 46 -> 47 -> 59 -> 80 -> 86 -> 7 -> 50 -> 55 -> 50 -> 29 -> 30 -> 58 -> 64 -> 63 -> 64 -> 74 -> 43 -> 51 -> 38 -> 34 -> 41 -> 37 -> 45 -> 83 -> 35 -> 36 -> 82 -> 8 -> 16 -> 56 -> 21 -> 23 -> 60 -> 72 -> 75 -> 64 -> 63 -> 64 -> 74 -> 43 -> 46 -> 86 -> 3 -> 11 -> 4 -> 87 -> 88 -> 2 -> 91 -> 92 -> 18 -> 0","962"
"3029","0 -> 4 -> 9 -> 87 -> 3 -> 4 -> 22 -> 7 -> 83 -> 44 -> 83 -> 88 -> 74 -> 34 -> 78 -> 13 -> 82 -> 76 -> 75 -> 82 -> 89 -> 90 -> 50 -> 92 -> 61 -> 65 -> 67 -> 71 -> 74 -> 75 -> 69 -> 2 -> 21 -> 24 -> 59 -> 56 -> 66 -> 14 -> 60 -> 63 -> 64 -> 6 -> 13 -> 9 -> 62 -> 9 -> 34 -> 75 -> 74 -> 99","902"
"3030","0 -> 1 -> 2 -> 3 -> 4 -> 5 -> 6 -> 7 -> 8 -> 9 -> 12 -> 13 -> 14 -> 15 -> 16 -> 17 -> 18 -> 19 -> 20 -> 21 -> 22 -> 23 -> 24 -> 25 -> 26 -> 27 -> 28 -> 29 -> 30 -> 31 -> 32 -> 33 -> 34 -> 35 -> 36 -> 37 -> 38 -> 39 -> 40 -> 41 -> 42 -> 43 -> 44 -> 45 -> 46 -> 47 -> 48 -> 49 -> 50 -> 51 -> 52 -> 53 -> 54 -> 55 -> 56 -> 57 -> 58 -> 59 -> 60 -> 61 -> 62 -> 63 -> 64 -> 65 -> 66 -> 67 -> 68 -> 69 -> 70 -> 71 -> 72 -> 73 -> 74 -> 75 -> 76 -> 77 -> 78 -> 79 -> 80 -> 81 -> 82 -> 83 -> 84 -> 85 -> 86 -> 87 -> 88 -> 89 -> 90 -> 91 -> 92 -> 93 -> 94 -> 95 -> 96 -> 97 -> 98 -> 99","1352"
"3031","0 -> 7 -> 2 -> 69 -> 73 -> 36 -> 43 -> 64 -> 66 -> 70 -> 21 -> 3 -> 8 -> 15 -> 14 -> 71 -> 82 -> 89 -> 77 -> 83 -> 9 -> 53 -> 56 -> 98 -> 19 -> 22 -> 63 -> 56 -> 64 -> 99 -> 68 -> 72 -> 75 -> 100 -> 90 -> 92 -> 73 -> 51 -> 55 -> 98 -> 39 -> 42 -> 16 -> 97 -> 99 -> 26 -> 48 -> 50 -> 73 -> 37 -> 38 -> 70 -> 83 -> 87 -> 25 -> 22 -> 25 -> 97 -> 92 -> 98 -> 62 -> 67 -> 71 -> 44 -> 49 -> 57 -> 83 -> 51 -> 52 -> 49 -> 2 -> 6 -> 3 -> 56 -> 59 -> 14 -> 17 -> 22 -> 33 -> 47 -> 52 -> 56 -> 32 -> 37 -> 6 -> 93 -> 97 -> 61 -> 39 -> 45 -> 58 -> 42 -> 46 -> 38 -> 46 -> 61 -> 79 -> 30 -> 39 -> 44 -> 96 -> 99 -> 57 -> 31 -> 32 -> 60 -> 68 -> 71 -> 87 -> 42 -> 43 -> 17 -> 75 -> 81 -> 82 -> 14 -> 16 -> 23 -> 62 -> 71 -> 25 -> 15 -> 16 -> 68 -> 50 -> 55 -> 41 -> 31 -> 41 -> 65 -> 40 -> 42 -> 58 -> 27 -> 29 -> 31 -> 81 -> 90 -> 92 -> 13 -> 17 -> 76 -> 44 -> 45 -> 98 -> 46 -> 49 -> 68 -> 57 -> 59 -> 80 -> 90 -> 94 -> 76 -> 84 -> 88 -> 57 -> 19 -> 21 -> 68 -> 5 -> 15 -> 37 -> 47 -> 49 -> 38 -> 19 -> 24 -> 29 -> 12 -> 29 -> 94 -> 97 -> 98 -> 75 -> 63 -> 65 -> 37 -> 88 -> 89 -> 82 -> 91 -> 92 -> 19 -> 24 -> 25 -> 97 -> 8 -> 10 -> 24 -> 55 -> 56 -> 50 -> 54 -> 60 -> 37 -> 56 -> 66 -> 62 -> 78 -> 81 -> 24 -> 12 -> 20 -> 91 -> 67 -> 69 -> 63 -> 53 -> 58 -> 15 -> 85 -> 86 -> 37 -> 14 -> 20 -> 89 -> 84 -> 86 -> 63 -> 71 -> 81 -> 2 -> 33 -> 37 -> 35 -> 30 -> 38 -> 10 -> 65 -> 71 -> 60 -> 73 -> 74 -> 65 -> 85 -> 89 -> 41 -> 93 -> 94 -> 1 -> 58 -> 60 -> 55 -> 50 -> 57 -> 28 -> 42 -> 47 -> 99 -> 78 -> 90 -> 53 -> 13 -> 21 -> 68 -> 78 -> 89 -> 98 -> 57 -> 62 -> 44 -> 48 -> 49 -> 2 -> 66 -> 71 -> 61 -> 31 -> 34 -> 43 -> 40 -> 49 -> 62 -> 88 -> 90 -> 18 -> 9 -> 11 -> 37 -> 35 -> 41 -> 62 -> 66 -> 46 -> 47 -> 51 -> 5 -> 62 -> 65 -> 23 -> 68 -> 76 -> 56","1250"
"3032","0 -> 2 -> 8 -> 5 -> 7 -> 54 -> 21 -> 22 -> 85 -> 16 -> 20 -> 5 -> 42 -> 43 -> 35 -> 18 -> 21 -> 69 -> 37 -> 39 -> 69 -> 52 -> 56 -> 66 -> 2 -> 5 -> 25 -> 39 -> 40 -> 2 -> 30 -> 34 -> 89 -> 2 -> 8 -> 91 -> 34 -> 37 -> 73 -> 38 -> 45 -> 79 -> 75 -> 77 -> 65 -> 13 -> 14 -> 10 -> 35 -> 37 -> 49 -> 55 -> 60 -> 19 -> 2 -> 6 -> 83 -> 87 -> 88 -> 5 -> 38 -> 41 -> 41 -> 71 -> 73 -> 38 -> 6 -> 8 -> 1 -> 78 -> 80 -> 82 -> 14 -> 26 -> 29 -> 14 -> 11 -> 15 -> 42 -> 69 -> 73 -> 13 -> 19 -> 20 -> 59 -> 63 -> 2 -> 30 -> 33 -> 74 -> 29 -> 33 -> 96 -> 67 -> 71 -> 54 -> 31 -> 38 -> 64 -> 94 -> 97 -> 91 -> 44 -> 52 -> 17 -> 3 -> 5 -> 50 -> 54 -> 58 -> 24 -> 13 -> 20 -> 8 -> 77 -> 79 -> 72 -> 11 -> 16 -> 97 -> 81 -> 89 -> 20 -> 13 -> 15 -> 70 -> 79 -> 82 -> 46 -> 37 -> 40 -> 9 -> 69 -> 75 -> 23 -> 93 -> 95 -> 40 -> 48 -> 54 -> 63 -> 18 -> 19 -> 22 -> 62 -> 63 -> 76 -> 10 -> 20 -> 48 -> 57 -> 58 -> 55 -> 74 -> 78 -> 99 -> 41 -> 52 -> 35 -> 45 -> 46 -> 52 -> 35 -> 38 -> 40 -> 10 -> 16 -> 47 -> 64 -> 65 -> 55 -> 37 -> 38 -> 62 -> 41 -> 43 -> 70 -> 41 -> 50 -> 71 -> 67 -> 69 -> 46 -> 8 -> 23 -> 28 -> 77 -> 78 -> 16 -> 94 -> 95 -> 30 -> 26 -> 30 -> 1 -> 85 -> 90 -> 34 -> 16 -> 22 -> 29 -> 40 -> 53 -> 6 -> 72 -> 79 -> 68 -> 13 -> 90 -> 99 -> 88 -> 87 -> 54 -> 55 -> 100 -> 18 -> 23 -> 67 -> 82 -> 92 -> 45 -> 1 -> 2 -> 11 -> 26 -> 34 -> 13 -> 48 -> 49 -> 36 -> 66 -> 68 -> 91 -> 94 -> 99 -> 87 -> 7 -> 14 -> 6 -> 61 -> 65 -> 10 -> 43 -> 46 -> 17 -> 25 -> 28 -> 9 -> 52 -> 54 -> 54 -> 26 -> 32 -> 76 -> 16 -> 17 -> 75 -> 88 -> 93 -> 20 -> 50 -> 52 -> 15 -> 61 -> 64 -> 40 -> 3 -> 6 -> 90 -> 26 -> 41 -> 59 -> 8 -> 20 -> 60 -> 52 -> 53 -> 9 -> 69 -> 71 -> 73 -> 53 -> 55 -> 12 -> 30 -> 32 -> 15 -> 51 -> 55 -> 86 -> 15 -> 24 -> 85 -> 93 -> 82 -> 53 -> 62 -> 23 -> 38 -> 39 -> 87 -> 17 -> 25 -> 20 -> 86 -> 88 -> 8 -> 29 -> 30 -> 14 -> 0 -> 2 -> 14 -> 86 -> 96 -> 85 -> 78 -> 82 -> 88 -> 88 -> 89 -> 6 -> 45 -> 51 -> 80 -> 12 -> 20 -> 95 -> 89 -> 97 -> 56 -> 1 -> 3 -> 37 -> 3 -> 12 -> 69 -> 45 -> 47 -> 79 -> 4 -> 6 -> 93 -> 79 -> 83 -> 12 -> 24 -> 32 -> 16 -> 70 -> 76 -> 0 -> 45 -> 52 -> 17 -> 46 -> 49 -> 35 -> 20 -> 25 -> 41 -> 75 -> 76 -> 13 -> 55 -> 61 -> 36 -> 52 -> 57 -> 36 -> 12 -> 13 -> 6 -> 3 -> 14 -> 79 -> 48 -> 58 -> 96 -> 38 -> 42 -> 71 -> 45 -> 49 -> 65 -> 35 -> 43 -> 56 -> 42 -> 51 -> 51 -> 24 -> 28 -> 70 -> 8 -> 15 -> 74 -> 40 -> 44 -> 30 -> 56 -> 61 -> 68 -> 35 -> 44 -> 3 -> 15 -> 20 -> 96 -> 48 -> 52 -> 30 -> 62 -> 71 -> 85 -> 66 -> 74 -> 42 -> 92 -> 95 -> 90 -> 87 -> 92 -> 80 -> 64 -> 67 -> 9 -> 37 -> 42 -> 100 -> 78 -> 79 -> 65 -> 11 -> 12 -> 35 -> 61 -> 68 -> 3","1352"
"3033","0 -> 4 -> 8 -> 25 -> 29 -> 42 -> 74 -> 73 -> 74 -> 11 -> 75 -> 76 -> 24 -> 20 -> 79 -> 77 -> 16 -> 71 -> 76 -> 48 -> 70 -> 57 -> 34 -> 52 -> 62 -> 34 -> 43 -> 45 -> 21 -> 36 -> 38 -> 34 -> 89 -> 90 -> 36 -> 10 -> 16 -> 61 -> 49 -> 55 -> 12 -> 85 -> 87 -> 28 -> 73 -> 76 -> 11 -> 75 -> 77 -> 16 -> 71 -> 67 -> 44 -> 60 -> 62 -> 41 -> 57 -> 58 -> 41 -> 50 -> 56 -> 92 -> 18 -> 19 -> 74 -> 79 -> 86 -> 32 -> 12 -> 14 -> 17 -> 58 -> 62 -> 71 -> 45 -> 47 -> 40 -> 80 -> 84 -> 97 -> 66 -> 69 -> 10 -> 74 -> 75 -> 11 -> 61 -> 66 -> 21 -> 4 -> 7 -> 20 -> 92 -> 99 -> 51 -> 10 -> 18 -> 98 -> 75 -> 84 -> 20 -> 49 -> 55 -> 12 -> 85 -> 87 -> 28 -> 73 -> 76 -> 11 -> 71 -> 77 -> 16 -> 60 -> 67 -> 44 -> 22 -> 26 -> 0","1244"
"3034","0 -> 2 -> 11 -> 54 -> 79 -> 85 -> 38 -> 85 -> 91 -> 25 -> 37 -> 75 -> 95 -> 95 -> 87 -> 95 -> 87 -> 95
No path found","1298"
"3035","0 -> 4 -> 13 -> 10 -> 20 -> 15 -> 14 -> 30 -> 89 -> 26 -> 93 -> 96 -> 22 -> 81 -> 94 -> 97 -> 42 -> 99
'No path found'","1388"
"3036","0 -> 13 -> 41 -> 44 -> 50 -> 63 -> 66 -> 70 -> 64 -> 70 -> 71 -> 85 -> 83 -> 85 -> 74 -> 87 -> 96 -> 95 -> 98 -> 76 -> 80 -> 68 -> 42 -> 43 -> 71 -> 48 -> 50 -> 92 -> 90 -> 97 -> 28 -> 11 -> 14 -> 29 -> 52 -> 54 -> 55 -> 67 -> 71 -> 72 -> 81 -> 84 -> 57 -> 18 -> 24 -> 14 -> 40 -> 41 -> 37 -> 80 -> 85 -> 92 -> 48 -> 52 -> 97 -> 90 -> 96 -> 50 -> 1 -> 7 -> 1 -> 75 -> 80 -> 49 -> 64 -> 67 -> 19 -> 62 -> 68 -> 85 -> 38 -> 44 -> 33 -> 90 -> 92 -> 34 -> 75 -> 78 -> 34 -> 77 -> 80 -> 65 -> 22 -> 26 -> 57 -> 64 -> 68 -> 44 -> 95 -> 98 -> 33","1292"
"3037","0 -> 3 -> 13 -> 25 -> 28 -> 46 -> 64 -> 62 -> 64 -> 87 -> 86 -> 84 -> 90 -> 92 -> 29 -> 1 -> 3 -> 9 -> 10 -> 16 -> 19 -> 18 -> 16 -> 21 -> 46 -> 64 -> 60 -> 17 -> 29 -> 58 -> 74 -> 79 -> 55 -> 52 -> 56 -> 67 -> 44 -> 50 -> 96 -> 89 -> 95 -> 14 -> 17 -> 28 -> 25 -> 27 -> 65 -> 52 -> 55 -> 84 -> 79 -> 86 -> 92 -> 33 -> 39 -> 14 -> 87 -> 92 -> 24 -> 34 -> 35 -> 92 -> 31 -> 33 -> 60 -> 75 -> 81 -> 52 -> 23 -> 25 -> 15 -> 41 -> 43 -> 24 -> 29 -> 38 -> 58 -> 41 -> 46 -> 98 -> 12 -> 22 -> 83 -> 49 -> 51 -> 0 -> 2 -> 4 -> 37 -> 80 -> 87 -> 6 -> 15 -> 16 -> 9 -> 59 -> 63 -> 4 -> 71 -> 79 -> 46 -> 1 -> 7 -> 89 -> 39 -> 44 -> 46 -> 54 -> 64 -> 1 -> 4 -> 8 -> 88 -> 6 -> 42 -> 44 -> 61 -> 17 -> 20 -> 6 -> 78 -> 79 -> 4 -> 74 -> 82 -> 23 -> 22 -> 23 -> 96 -> 39 -> 40 -> 84 -> 27 -> 29 -> 22 -> 48 -> 50 -> 76 -> 5 -> 9 -> 70 -> 37 -> 39 -> 35 -> 16 -> 26 -> 5 -> 42 -> 46 -> 97 -> 29 -> 35 -> 41 -> 82 -> 87 -> 43 -> 62 -> 63 -> 58 -> 34 -> 40 -> 36 -> 30 -> 34 -> 63 -> 70 -> 79 -> 51 -> 50 -> 51 -> 92 -> 67 -> 78 -> 38 -> 3 -> 6 -> 19 -> 81 -> 82 -> 39 -> 57 -> 58 -> 49 -> 83 -> 85 -> 42 -> 37 -> 41 -> 17 -> 86 -> 87 -> 61 -> 57 -> 59 -> 72 -> 2 -> 3 -> 71 -> 17 -> 18 -> 76 -> 23 -> 30 -> 67 -> 96 -> 97 -> 46 -> 58 -> 63 -> 81 -> 29 -> 37 -> 14 -> 52 -> 54 -> 37 -> 30 -> 38 -> 73 -> 54 -> 57 -> 88 -> 85 -> 90 -> 82 -> 47 -> 53 -> 17 -> 63 -> 76 -> 68 -> 89 -> 92 -> 28","1406"
"3038","0 -> 1 -> 3 -> 4 -> 5 -> 13 -> 14 -> 15 -> 89 -> 92 -> 93 -> 97 -> 98 -> 99
No path found","1274"
"3039","0 -> 6 -> 13 -> 5 -> 10 -> 12 -> 93 -> 95 -> 52
No path found","1460"
"3040","0 -> 2 -> 54 -> 57 -> 60 -> 65 -> 68 -> 69 -> 71 -> 72 -> 73 -> 74 -> 75 -> 77 -> 78 -> 79 -> 80 -> 81 -> 82 -> 83 -> 84 -> 85 -> 86 -> 87 -> 88 -> 89 -> 90 -> 91 -> 92 -> 93 -> 94 -> 95 -> 96 -> 97 -> 98","2156"
"3041","0 -> 3 -> 74 -> 12 -> 15 -> 32 -> 42 -> 71 -> 83 -> 9 -> 16 -> 63 -> 87 -> 95 -> 92 -> 96 -> 99 -> 8
No path found","2126"
"3042","0 -> 3 -> 66 -> 18 -> 20 -> 53 -> 79 -> 82 -> 93 -> 99","1964"
"3043","0 -> 10 -> 86 -> 83 -> 84 -> 2 -> 85 -> 39 -> 75 -> 85 -> 95 -> 46 -> 54 -> 10 -> 13 -> 56 -> 40 -> 45 -> 26 -> 54 -> 63 -> 75 -> 27 -> 33 -> 5 -> 88 -> 90 -> 14 -> 58 -> 60 -> 3 -> 8 -> 9 -> 50 -> 76 -> 81 -> 90 -> 85 -> 31 -> 42 -> 44 -> 29 -> 34 -> 39 -> 6 -> 0 -> 5 -> 35 -> 47 -> 55 -> 14 -> 10 -> 13 -> 56 -> 40 -> 45 -> 26 -> 54 -> 63 -> 75 -> 27 -> 33 -> 5 -> 88 -> 90 -> 14 -> 73 -> 76 -> 43 -> 95 -> 96 -> 37 -> 84 -> 90 -> 3 -> 58 -> 60 -> 3 -> 8 -> 9 -> 50 -> 76 -> 81 -> 90 -> 85 -> 31 -> 42 -> 44 -> 29 -> 34 -> 39 -> 0","2084"
"3044","0 -> 4 -> 98 -> 82 -> 84 -> 18 -> 51 -> 55 -> 14 -> 28 -> 31 -> 28 -> 90 -> 67 -> 79 -> 85 -> 36 -> 38 -> 53 -> 77 -> 89 -> 10 -> 17 -> 80 -> 7 -> 12 -> 26 -> 61 -> 63 -> 32 -> 43 -> 46 -> 18 -> 11 -> 19 -> 12 -> 33 -> 35 -> 95 -> 22 -> 92 -> 91 -> 96 -> 5 -> 47 -> 52 -> 55 -> 66 -> 38 -> 40 -> 77 -> 85 -> 14 -> 16 -> 19 -> 72 -> 94 -> 99 -> 74 -> 70 -> 71 -> 81 -> 16 -> 25 -> 7 -> 6 -> 7 -> 93 -> 44 -> 47 -> 18 -> 87 -> 90 -> 34 -> 44 -> 45 -> 16 -> 2 -> 5 -> 59 -> 11 -> 16 -> 61 -> 62 -> 67 -> 38 -> 54 -> 56 -> 61 -> 33 -> 37 -> 0 -> 25 -> 28 -> 94 -> 20 -> 26 -> 99 -> 40 -> 41 -> 88 -> 59 -> 67 -> 97 -> 9 -> 11 -> 99 -> 93 -> 94 -> 38 -> 93 -> 96 -> 1 -> 89 -> 91 -> 39 -> 3 -> 6 -> 8 -> 54 -> 58 -> 62 -> 89 -> 92 -> 68 -> 17 -> 21 -> 41 -> 11 -> 14 -> 51 -> 62 -> 63 -> 32 -> 27 -> 29 -> 61 -> 46 -> 48 -> 28 -> 23 -> 16 -> 38 -> 42 -> 45 -> 67 -> 74 -> 56 -> 31 -> 39 -> 3 -> 91 -> 93 -> 97 -> 43 -> 49 -> 26 -> 43 -> 45 -> 31 -> 95 -> 96 -> 78 -> 68 -> 77 -> 44 -> 51 -> 54 -> 48 -> 35 -> 37 -> 38 -> 34 -> 10 -> 8 -> 13 -> 2 -> 50 -> 54 -> 22 -> 81 -> 85 -> 98 -> 33 -> 38 -> 55 -> 34 -> 35 -> 32 -> 75 -> 86 -> 40 -> 25 -> 27 -> 18 -> 22 -> 30 -> 60 -> 66 -> 98 -> 63 -> 72 -> 90 -> 26 -> 30 -> 74 -> 58 -> 69 -> 67 -> 33 -> 39 -> 37 -> 43 -> 52 -> 92 -> 41 -> 46 -> 95 -> 64 -> 73 -> 45 -> 82 -> 83 -> 55 -> 77 -> 84 -> 26 -> 69 -> 77 -> 37 -> 49 -> 62 -> 14 -> 13 -> 36 -> 28 -> 33 -> 78 -> 80 -> 87 -> 16 -> 22 -> 25 -> 10 -> 47 -> 51 -> 31 -> 19 -> 20 -> 2 -> 12 -> 13 -> 32 -> 5 -> 6 -> 79 -> 19 -> 21 -> 51 -> 64 -> 69 -> 17 -> 78 -> 79 -> 71 -> 26 -> 27 -> 34 -> 14 -> 16 -> 27 -> 90 -> 94 -> 63 -> 16 -> 17 -> 22 -> 37 -> 42 -> 86 -> 22 -> 24 -> 33 -> 86 -> 87 -> 36 -> 5 -> 10 -> 4 -> 49 -> 51 -> 2 -> 27 -> 30 -> 26 -> 81 -> 82 -> 39 -> 15 -> 19 -> 25 -> 5 -> 7 -> 28 -> 77 -> 78 -> 51 -> 69 -> 71 -> 11 -> 82 -> 85 -> 51 -> 56 -> 62 -> 36 -> 65 -> 70 -> 76 -> 77 -> 60 -> 11 -> 13 -> 88 -> 79 -> 82 -> 26 -> 57 -> 58 -> 68 -> 53 -> 57 -> 91 -> 59 -> 62 -> 53 -> 21 -> 24 -> 58 -> 45 -> 49 -> 37 -> 27 -> 32 -> 79 -> 38 -> 46 -> 49 -> 49 -> 50 -> 35 -> 37 -> 50 -> 56 -> 94 -> 51 -> 64 -> 18 -> 72 -> 73 -> 78 -> 32 -> 34 -> 70 -> 30 -> 31 -> 33 -> 51 -> 53 -> 11 -> 67 -> 70 -> 0","2150"
"3045","0 -> 4 -> 83 -> 81 -> 5 -> 12 -> 4 -> 55 -> 57 -> 87 -> 50 -> 51 -> 20 -> 75 -> 77 -> 40 -> 54 -> 66 -> 38 -> 47 -> 91 -> 99","1994"
"3046","0 -> 1 -> 2 -> 6 -> 7 -> 8 -> 9 -> 10 -> 11 -> 12 -> 14 -> 15 -> 16 -> 17 -> 18 -> 19 -> 20 -> 21 -> 22 -> 23 -> 24 -> 25 -> 26 -> 27 -> 28 -> 29 -> 30 -> 31 -> 32 -> 33 -> 34 -> 35 -> 36 -> 37 -> 38 -> 39 -> 40 -> 41 -> 42 -> 43 -> 44 -> 45 -> 46 -> 47 -> 48 -> 49 -> 50 -> 51 -> 52 -> 53 -> 54 -> 55 -> 56 -> 57 -> 58 -> 59 -> 60 -> 61 -> 62 -> 63 -> 64 -> 65 -> 66 -> 67 -> 68 -> 69 -> 70 -> 71 -> 72 -> 73 -> 74 -> 75 -> 76 -> 77 -> 78 -> 79 -> 80 -> 81 -> 82 -> 83 -> 84 -> 85 -> 86 -> 87 -> 88 -> 89 -> 90 -> 91 -> 92 -> 93 -> 94 -> 95 -> 96 -> 97 -> 98 -> 99","2138"
"3047","0 -> 2 -> 7 -> 99 
No path found","2174"
"3048","0 -> 4 -> 90 -> 64 -> 70 -> 11 -> 87 -> 89 -> 87 -> 43 -> 46 -> 49 -> 23 -> 34 -> 95 -> 42 -> 44 -> 58 -> 86 -> 88 -> 43 -> 41 -> 52 -> 12 -> 19 -> 38 -> 15 -> 51 -> 55 -> 75 -> 87 -> 34 -> 75 -> 83 -> 20 -> 8 -> 13 -> 93 -> 2 -> 5 -> 5 -> 3 -> 5 -> 0 -> 39 -> 43 -> 50 -> 85 -> 90 -> 43 -> 27 -> 28 -> 0 -> 68 -> 74 -> 86 -> 76 -> 82 -> 62","2180"
"3049","0 -> 1 -> 4 -> 68 -> 61 -> 65 -> 75 -> 85 -> 63 -> 71 -> 74 -> 93 -> 99
No path found","2042"
"3050","0 -> 4 -> 7 -> 92 -> 99","3242"
"3051","0 -> 1 -> 8 -> 14 -> 9 -> 5 -> 44 -> 48 -> 16 -> 20 -> 26 -> 32 -> 40 -> 43 -> 42 -> 47 -> 48 -> 81 -> 52 -> 45 -> 46 -> 48 -> 62 -> 43 -> 52 -> 81 -> 37 -> 38 -> 51 -> 60 -> 61 -> 12 -> 74 -> 81 -> 44 -> 70 -> 71 -> 72 -> 0","3164"
