graph_id;num_nodes;sigma;average edges;dijkstra path;dijkstra length;approximate_tsp;approximate_tsp_length
0;5;1;1;-;-;-;-
1;5;1;1;-;-;-;-
2;5;1;1;-;-;-;-
3;5;1;1;-;-;-;-
4;5;1;1;-;-;-;-
5;5;1;1;-;-;-;-
6;5;1;1;-;-;-;-
7;5;1;1;-;-;-;-
8;5;1;1;-;-;-;-
9;5;1;1;-;-;-;-
10;5;1;2;-;-;-;-
11;5;1;2;-;-;-;-
12;5;1;2;[0, 1, 2, 4];120;[0, 1, 2, 4, 2, 3, 2, 1, 0];244
13;5;1;2;[0, 1, 2, 3, 4];268;[0, 1, 2, 3, 4, 3, 2, 1, 0];536
14;5;1;2;[0, 1, 2, 4];118;[0, 1, 2, 4, 3, 4, 2, 1, 0];296
15;5;1;2;[0, 2, 3, 4];92;[0, 2, 3, 4, 3, 2, 1, 0];193
16;5;1;2;[0, 1, 3, 4];126;[0, 1, 3, 2, 3, 4, 3, 1, 0];322
17;5;1;2;-;-;-;-
18;5;1;2;-;-;-;-
19;5;1;2;-;-;-;-
20;5;1;3;[0, 1, 2, 4];80;[0, 1, 2, 4, 2, 3, 2, 1, 0];200
21;5;1;3;[0, 1, 2, 4];138;[0, 1, 2, 4, 3, 2, 1, 0];277
22;5;1;3;[0, 1, 2, 3, 4];157;[0, 1, 2, 3, 4, 3, 2, 1, 0];314
23;5;1;3;[0, 1, 2, 3, 4];219;[0, 1, 2, 3, 4, 3, 2, 1, 0];438
24;5;1;3;[0, 1, 2, 3, 4];171;[0, 1, 2, 3, 4, 3, 2, 1, 0];342
25;5;1;3;[0, 1, 3, 4];81;[0, 1, 2, 4, 3, 1, 0];187
26;5;1;3;[0, 1, 2, 4];150;[0, 1, 2, 4, 3, 1, 0];320
27;5;1;3;[0, 1, 2, 3, 4];72;[0, 1, 2, 3, 4, 3, 2, 1, 0];144
28;5;1;3;[0, 1, 2, 3, 4];185;[0, 1, 2, 3, 4, 3, 2, 1, 0];370
29;5;1;3;[0, 1, 2, 4];125;[0, 1, 2, 4, 3, 4, 2, 1, 0];336
30;5;1;5;[0, 1, 2, 3, 4];68;[0, 1, 2, 3, 4, 3, 2, 1, 0];136
31;5;1;5;[0, 2, 3, 4];97;[0, 2, 3, 4, 3, 2, 0, 1, 0];234
32;5;1;5;[0, 1, 2, 4];31;[0, 1, 2, 3, 2, 4, 2, 1, 0];74
33;5;1;5;[0, 1, 2, 3, 4];76;[0, 1, 2, 3, 4, 3, 2, 1, 0];152
34;5;1;5;[0, 1, 3, 4];117;[0, 1, 3, 4, 3, 2, 1, 0];283
35;5;1;5;[0, 2, 3, 4];197;[0, 2, 3, 4, 3, 2, 1, 0];404
36;5;1;5;[0, 1, 2, 3, 4];143;[0, 1, 2, 3, 4, 3, 2, 1, 0];286
37;5;1;5;[0, 1, 2, 3, 4];217;[0, 1, 2, 3, 4, 3, 2, 1, 0];434
38;5;1;5;[0, 2, 3, 4];126;[0, 2, 3, 4, 3, 2, 1, 0];307
39;5;1;5;[0, 1, 2, 4];165;[0, 1, 2, 3, 4, 2, 1, 0];416
40;5;1;8;[0, 2, 4];106;[0, 2, 3, 4, 2, 0, 1, 0];248
41;5;1;8;[0, 2, 4];14;[0, 2, 1, 2, 3, 2, 4, 2, 0];210
42;5;1;8;[0, 1, 2, 3, 4];126;[0, 1, 2, 3, 4, 3, 2, 1, 0];252
43;5;1;8;[0, 2, 3, 4];239;[0, 2, 3, 4, 3, 2, 1, 0];493
44;5;1;8;[0, 1, 3, 4];77;[0, 1, 3, 4, 3, 2, 1, 0];180
45;5;1;8;[0, 1, 2, 3, 4];195;[0, 1, 2, 3, 4, 3, 2, 1, 0];390
46;5;1;8;[0, 1, 3, 4];117;[0, 1, 3, 4, 2, 0];243
47;5;1;8;[0, 1, 3, 4];100;[0, 1, 3, 4, 2, 3, 1, 0];228
48;5;1;8;[0, 1, 2, 4];130;[0, 1, 2, 4, 2, 3, 2, 1, 0];274
49;5;1;8;[0, 1, 2, 4];102;[0, 1, 2, 3, 4, 2, 1, 0];291
50;5;1;13;[0, 1, 2, 4];37;[0, 1, 3, 4, 2, 1, 0];80
51;5;1;13;[0, 2, 4];136;[0, 1, 2, 4, 3, 2, 0];359
52;5;1;13;[0, 2, 3, 4];33;[0, 1, 3, 4, 3, 2, 0];181
53;5;1;13;[0, 2, 4];40;[0, 2, 4, 2, 3, 1, 3, 0];141
54;5;1;13;[0, 1, 2, 4];126;[0, 1, 2, 4, 3, 2, 1, 0];315
55;5;1;13;[0, 1, 2, 4];35;[0, 1, 3, 4, 2, 1, 0];144
56;5;1;13;[0, 2, 4];74;[0, 2, 1, 2, 4, 3, 2, 0];168
57;5;1;13;[0, 2, 4];48;[0, 1, 3, 2, 4, 2, 0];291
58;5;1;13;[0, 1, 2, 4];126;[0, 1, 2, 4, 2, 3, 2, 1, 0];260
59;5;1;13;[0, 2, 3, 4];119;[0, 2, 3, 4, 3, 2, 1, 2, 0];264
60;5;1;21;[0, 1, 2, 4];112;[0, 1, 3, 4, 2, 1, 0];243
61;5;1;21;[0, 2, 4];41;[0, 1, 3, 4, 2, 0];127
62;5;1;21;[0, 2, 4];47;[0, 2, 4, 3, 1, 2, 0];150
63;5;1;21;[0, 1, 3, 4];62;[0, 1, 3, 4, 2, 0];151
64;5;1;21;[0, 1, 2, 4];112;[0, 1, 2, 4, 3, 1, 0];253
65;5;1;21;[0, 2, 4];72;[0, 2, 4, 3, 1, 0];204
66;5;1;21;[0, 2, 4];59;[0, 2, 4, 3, 1, 0];197
67;5;1;21;[0, 2, 4];81;[0, 1, 3, 4, 2, 1, 0];201
68;5;1;21;[0, 2, 3, 4];48;[0, 2, 3, 4, 1, 4, 3, 2, 0];180
69;5;1;21;[0, 2, 4];105;[0, 1, 3, 4, 2, 0];210
70;5;2;1;[0, 4];26;-;-
71;5;2;1;-;-;-;-
72;5;2;1;-;-;-;-
73;5;2;1;-;-;-;-
74;5;2;1;-;-;-;-
75;5;2;1;-;-;-;-
76;5;2;1;-;-;-;-
77;5;2;1;-;-;-;-
78;5;2;1;-;-;-;-
79;5;2;1;-;-;-;-
80;5;2;2;-;-;-;-
81;5;2;2;-;-;-;-
82;5;2;2;-;-;-;-
83;5;2;2;-;-;-;-
84;5;2;2;-;-;-;-
85;5;2;2;[0, 4];46;[0, 1, 3, 1, 4, 2, 4, 0];389
86;5;2;2;-;-;-;-
87;5;2;2;-;-;-;-
88;5;2;2;[0, 2, 4];111;[0, 1, 0, 2, 4, 2, 3, 2, 0];466
89;5;2;2;[0, 1, 2, 4];90;[0, 1, 3, 1, 2, 4, 2, 1, 0];258
90;5;2;3;[0, 1, 2, 4];69;[0, 3, 2, 4, 2, 1, 0];148
91;5;2;3;[0, 2, 4];153;[0, 2, 4, 3, 4, 2, 0, 1, 0];464
92;5;2;3;[0, 1, 3, 4];113;[0, 1, 3, 4, 2, 4, 3, 1, 0];288
93;5;2;3;[0, 2, 3, 4];74;[0, 2, 3, 4, 3, 2, 0, 1, 0];152
94;5;2;3;[0, 1, 4];100;[0, 1, 4, 3, 2, 0];260
95;5;2;3;[0, 1, 4];193;[0, 1, 4, 1, 3, 2, 3, 0];467
96;5;2;3;-;-;-;-
97;5;2;3;[0, 2, 4];67;[0, 1, 0, 2, 4, 3, 4, 2, 0];328
98;5;2;3;[0, 1, 2, 3, 4];92;[0, 1, 2, 3, 4, 3, 2, 1, 0];184
99;5;2;3;[0, 3, 4];51;[0, 3, 1, 3, 2, 4, 3, 0];381
100;5;2;5;[0, 2, 4];65;[0, 2, 3, 4, 1, 2, 0];220
101;5;2;5;[0, 4];28;[0, 4, 3, 2, 1, 4, 0];244
102;5;2;5;[0, 1, 4];99;[0, 1, 2, 1, 3, 4, 1, 0];294
103;5;2;5;[0, 4];26;[0, 2, 4, 3, 1, 0];174
104;5;2;5;[0, 2, 4];144;[0, 2, 4, 1, 3, 0];346
105;5;2;5;[0, 4];1;[0, 1, 0, 4, 2, 4, 3, 4, 0];110
106;5;2;5;[0, 2, 3, 4];49;[0, 2, 3, 1, 3, 4, 3, 2, 0];100
107;5;2;5;[0, 3, 4];79;[0, 1, 2, 4, 3, 0];235
108;5;2;5;[0, 2, 4];94;[0, 1, 0, 2, 4, 3, 2, 0];199
109;5;2;5;[0, 2, 4];49;[0, 2, 4, 1, 4, 2, 3, 2, 0];134
110;5;2;8;[0, 1, 4];55;[0, 1, 3, 4, 1, 2, 1, 0];183
111;5;2;8;[0, 2, 4];50;[0, 2, 4, 3, 1, 2, 0];152
112;5;2;8;[0, 1, 2, 4];38;[0, 1, 3, 2, 4, 2, 1, 0];119
113;5;2;8;[0, 2, 4];105;[0, 1, 4, 3, 2, 0];244
114;5;2;8;[0, 1, 4];22;[0, 3, 0, 2, 4, 1, 0];182
115;5;2;8;[0, 2, 4];108;[0, 2, 3, 1, 4, 2, 0];271
116;5;2;8;[0, 2, 4];95;[0, 2, 4, 1, 3, 1, 0];256
117;5;2;8;[0, 4];52;[0, 4, 2, 4, 3, 1, 0];128
118;5;2;8;[0, 3, 4];108;[0, 2, 3, 4, 3, 1, 3, 0];278
119;5;2;8;[0, 3, 4];37;[0, 3, 4, 2, 0, 1, 0];137
120;5;2;13;[0, 1, 3, 4];40;[0, 1, 3, 4, 2, 4, 3, 1, 0];150
121;5;2;13;[0, 1, 2, 4];32;[0, 1, 2, 4, 2, 1, 0, 3, 0, 1, 0];84
122;5;2;13;[0, 4];49;[0, 4, 3, 1, 3, 2, 0];155
123;5;2;13;[0, 1, 4];86;[0, 3, 1, 4, 1, 2, 0];205
124;5;2;13;[0, 3, 4];71;[0, 1, 2, 4, 3, 0];266
125;5;2;13;[0, 2, 4];78;[0, 3, 4, 1, 2, 0];237
126;5;2;13;[0, 4];45;[0, 4, 0, 1, 2, 3, 0];181
127;5;2;13;[0, 2, 4];73;[0, 3, 4, 2, 4, 1, 0];257
128;5;2;13;[0, 4];57;[0, 3, 2, 4, 1, 0];242
129;5;2;13;[0, 4];6;[0, 4, 3, 1, 3, 4, 0, 2, 0];106
130;5;2;21;[0, 4];22;[0, 4, 2, 3, 1, 0];122
131;5;2;21;[0, 3, 4];47;[0, 3, 4, 2, 1, 0];108
132;5;2;21;[0, 4];5;[0, 3, 0, 4, 0, 1, 2, 1, 0];108
133;5;2;21;[0, 4];36;[0, 4, 0, 3, 2, 1, 2, 0];215
134;5;2;21;[0, 2, 4];103;[0, 2, 3, 4, 1, 2, 0];266
135;5;2;21;[0, 4];60;[0, 4, 2, 3, 1, 0];235
136;5;2;21;[0, 4];23;[0, 4, 2, 1, 3, 1, 0];197
137;5;2;21;[0, 2, 4];36;[0, 2, 4, 1, 4, 2, 3, 2, 0];186
138;5;2;21;[0, 3, 4];43;[0, 3, 4, 2, 4, 1, 0];154
139;5;2;21;[0, 4];37;[0, 3, 2, 1, 2, 4, 0];212
140;5;3;1;-;-;-;-
141;5;3;1;-;-;-;-
142;5;3;1;-;-;-;-
143;5;3;1;-;-;-;-
144;5;3;1;-;-;-;-
145;5;3;1;[0, 4];67;-;-
146;5;3;1;[0, 2, 4];33;-;-
147;5;3;1;-;-;-;-
148;5;3;1;-;-;-;-
149;5;3;1;[0, 4];32;-;-
150;5;3;2;[0, 2, 4];103;[0, 2, 3, 2, 4, 2, 1, 0];380
151;5;3;2;[0, 1, 2, 4];191;[0, 1, 2, 3, 2, 4, 2, 1, 0];504
152;5;3;2;-;-;-;-
153;5;3;2;[0, 4];41;-;-
154;5;3;2;-;-;-;-
155;5;3;2;-;-;-;-
156;5;3;2;-;-;-;-
157;5;3;2;-;-;-;-
158;5;3;2;-;-;-;-
159;5;3;2;-;-;-;-
160;5;3;3;-;-;-;-
161;5;3;3;[0, 4];33;[0, 1, 2, 3, 4, 0];343
162;5;3;3;[0, 2, 4];90;[0, 2, 4, 1, 4, 3, 4, 2, 0];354
163;5;3;3;[0, 4];61;[0, 4, 3, 1, 2, 0];205
164;5;3;3;[0, 4];97;[0, 4, 1, 3, 2, 3, 1, 4, 0];598
165;5;3;3;[0, 2, 4];122;[0, 1, 4, 3, 4, 2, 0];388
166;5;3;3;-;-;-;-
167;5;3;3;[0, 1, 3, 4];192;[0, 2, 0, 1, 3, 4, 3, 1, 0];496
168;5;3;3;-;-;-;-
169;5;3;3;[0, 4];84;-;-
170;5;3;5;[0, 1, 2, 4];96;[0, 1, 2, 4, 3, 1, 0];237
171;5;3;5;[0, 1, 3, 4];49;[0, 1, 3, 4, 2, 4, 3, 1, 0];162
172;5;3;5;[0, 4];100;[0, 4, 2, 3, 2, 1, 0];357
173;5;3;5;[0, 4];16;[0, 4, 3, 4, 0, 1, 2, 1, 0];138
174;5;3;5;[0, 1, 4];85;[0, 1, 4, 3, 2, 3, 4, 1, 0];224
175;5;3;5;[0, 3, 4];115;[0, 1, 3, 4, 2, 4, 3, 0];326
176;5;3;5;[0, 2, 3, 4];53;[0, 2, 3, 4, 1, 3, 2, 0];119
177;5;3;5;[0, 1, 3, 4];40;[0, 2, 4, 3, 1, 0];109
178;5;3;5;[0, 4];17;[0, 4, 3, 1, 4, 2, 4, 0];136
179;5;3;5;-;-;-;-
180;5;3;8;[0, 4];20;[0, 2, 3, 1, 4, 0];142
181;5;3;8;[0, 1, 4];25;[0, 1, 3, 1, 4, 1, 2, 1, 0];170
182;5;3;8;[0, 2, 1, 4];65;[0, 2, 3, 4, 1, 2, 0];179
183;5;3;8;[0, 4];51;[0, 2, 1, 4, 0, 3, 0];185
184;5;3;8;[0, 4];21;[0, 2, 1, 2, 3, 4, 0];123
185;5;3;8;[0, 4];34;[0, 3, 4, 2, 1, 0];137
186;5;3;8;[0, 4];100;[0, 3, 2, 4, 1, 0];268
187;5;3;8;[0, 3, 1, 4];92;[0, 2, 1, 4, 1, 3, 0];229
188;5;3;8;[0, 4];19;[0, 4, 2, 3, 1, 4, 0];183
189;5;3;8;[0, 4];60;[0, 2, 1, 3, 4, 0];187
190;5;3;13;[0, 4];14;[0, 4, 2, 3, 1, 0];199
191;5;3;13;[0, 4];28;[0, 2, 3, 1, 3, 4, 0];149
192;5;3;13;[0, 4];3;[0, 2, 0, 3, 0, 4, 1, 4, 0];134
193;5;3;13;[0, 4];3;[0, 4, 0, 3, 2, 3, 1, 3, 0];174
194;5;3;13;[0, 4];92;[0, 2, 4, 1, 3, 0];336
195;5;3;13;[0, 1, 4];28;[0, 2, 1, 4, 1, 0, 3, 0];166
196;5;3;13;[0, 4];25;[0, 1, 2, 4, 3, 4, 0];246
197;5;3;13;[0, 3, 4];64;[0, 3, 1, 4, 2, 0];170
198;5;3;13;[0, 4];34;[0, 3, 1, 3, 2, 3, 4, 0];142
199;5;3;13;[0, 4];19;[0, 3, 2, 1, 2, 1, 4, 0];139
200;5;3;21;[0, 2, 3, 4];84;[0, 1, 4, 3, 2, 0];175
201;5;3;21;[0, 1, 4];70;[0, 3, 4, 1, 2, 0];240
202;5;3;21;[0, 4];45;[0, 1, 0, 4, 3, 2, 0];173
203;5;3;21;[0, 3, 2, 4];61;[0, 1, 4, 2, 3, 0];128
204;5;3;21;[0, 4];44;[0, 2, 4, 3, 1, 0];210
205;5;3;21;[0, 1, 4];28;[0, 2, 3, 1, 4, 1, 0];102
206;5;3;21;[0, 4];77;[0, 3, 1, 2, 4, 0];254
207;5;3;21;[0, 4];33;[0, 1, 3, 2, 3, 4, 0];164
208;5;3;21;[0, 3, 4];15;[0, 3, 4, 1, 4, 3, 2, 3, 0];48
209;5;3;21;[0, 4];88;[0, 1, 4, 2, 3, 0];235
210;5;5;1;-;-;-;-
211;5;5;1;-;-;-;-
212;5;5;1;-;-;-;-
213;5;5;1;-;-;-;-
214;5;5;1;-;-;-;-
215;5;5;1;-;-;-;-
216;5;5;1;-;-;-;-
217;5;5;1;-;-;-;-
218;5;5;1;-;-;-;-
219;5;5;1;-;-;-;-
220;5;5;2;-;-;-;-
221;5;5;2;[0, 1, 4];111;[0, 1, 4, 1, 0, 3, 0, 2, 0];342
222;5;5;2;[0, 4];13;-;-
223;5;5;2;[0, 4];37;-;-
224;5;5;2;-;-;-;-
225;5;5;2;[0, 4];55;-;-
226;5;5;2;-;-;-;-
227;5;5;2;[0, 4];82;[0, 4, 1, 3, 1, 4, 2, 4, 0];566
228;5;5;2;-;-;-;-
229;5;5;2;-;-;-;-
230;5;5;3;[0, 4];71;[0, 4, 3, 1, 3, 2, 3, 4, 0];466
231;5;5;3;-;-;-;-
232;5;5;3;[0, 4];14;[0, 3, 2, 3, 0, 4, 1, 0];193
233;5;5;3;[0, 4];8;[0, 2, 1, 2, 0, 4, 3, 4, 0];118
234;5;5;3;-;-;-;-
235;5;5;3;-;-;-;-
236;5;5;3;[0, 4];19;-;-
237;5;5;3;-;-;-;-
238;5;5;3;[0, 4];76;-;-
239;5;5;3;-;-;-;-
240;5;5;5;[0, 2, 4];26;-;-
241;5;5;5;[0, 2, 4];49;[0, 1, 3, 4, 2, 0];224
242;5;5;5;-;-;-;-
243;5;5;5;[0, 4];83;[0, 4, 1, 2, 3, 0];240
244;5;5;5;[0, 1, 4];63;[0, 2, 3, 2, 0, 1, 4, 1, 0];328
245;5;5;5;[0, 4];73;[0, 2, 3, 4, 1, 2, 0];278
246;5;5;5;[0, 2, 4];99;[0, 2, 4, 1, 3, 0];251
247;5;5;5;[0, 1, 4];181;[0, 1, 2, 3, 4, 1, 0];415
248;5;5;5;[0, 2, 4];116;[0, 2, 1, 2, 3, 4, 2, 0];423
249;5;5;5;-;-;-;-
250;5;5;8;[0, 1, 4];111;[0, 1, 3, 2, 4, 1, 0];252
251;5;5;8;[0, 4];16;[0, 4, 2, 3, 1, 3, 2, 4, 0];54
252;5;5;8;[0, 2, 4];38;[0, 3, 4, 2, 1, 2, 0];132
253;5;5;8;[0, 1, 3, 4];15;[0, 1, 2, 4, 3, 1, 0];67
254;5;5;8;[0, 4];20;[0, 1, 2, 3, 4, 0];208
255;5;5;8;[0, 4];20;[0, 4, 0, 2, 1, 2, 3, 2, 0];64
256;5;5;8;[0, 3, 2, 4];88;[0, 1, 2, 4, 2, 3, 0];249
257;5;5;8;[0, 2, 4];40;[0, 1, 0, 2, 4, 2, 3, 2, 0];196
258;5;5;8;[0, 4];38;[0, 1, 3, 2, 3, 4, 0];202
259;5;5;8;[0, 3, 4];77;[0, 1, 2, 4, 3, 0];239
260;5;5;13;[0, 1, 4];40;[0, 1, 2, 1, 4, 1, 0, 3, 0];124
261;5;5;13;[0, 2, 4];45;[0, 2, 1, 2, 4, 3, 4, 2, 0];102
262;5;5;13;[0, 4];51;[0, 3, 2, 4, 1, 0];319
263;5;5;13;[0, 2, 4];16;[0, 2, 4, 2, 0, 1, 3, 1, 0];76
264;5;5;13;[0, 1, 4];75;[0, 1, 3, 4, 2, 0];245
265;5;5;13;[0, 2, 3, 4];58;[0, 1, 4, 3, 2, 0];149
266;5;5;13;[0, 4];44;[0, 4, 3, 1, 0, 2, 0];248
267;5;5;13;[0, 4];50;[0, 1, 3, 4, 1, 2, 1, 0];244
268;5;5;13;[0, 4];75;[0, 4, 1, 2, 3, 0];309
269;5;5;13;[0, 4];31;[0, 1, 2, 3, 1, 4, 0];209
270;5;5;21;[0, 1, 4];47;[0, 1, 2, 3, 4, 1, 0];165
271;5;5;21;[0, 4];20;[0, 4, 1, 2, 3, 0];58
272;5;5;21;[0, 4];17;[0, 4, 3, 2, 1, 0];76
273;5;5;21;[0, 2, 1, 4];36;[0, 2, 1, 4, 3, 1, 2, 0];82
274;5;5;21;[0, 4];70;[0, 2, 1, 3, 4, 0];217
275;5;5;21;[0, 4];0;[0, 2, 3, 1, 3, 2, 0, 4, 0];102
276;5;5;21;[0, 2, 3, 4];35;[0, 2, 1, 4, 3, 2, 0];75
277;5;5;21;[0, 4];2;[0, 2, 1, 3, 1, 4, 0];51
278;5;5;21;[0, 4];59;[0, 2, 3, 4, 1, 0];238
279;5;5;21;[0, 4];11;[0, 4, 3, 4, 1, 4, 0, 2, 0];90
280;5;8;1;-;-;-;-
281;5;8;1;-;-;-;-
282;5;8;1;-;-;-;-
283;5;8;1;-;-;-;-
284;5;8;1;-;-;-;-
285;5;8;1;[0, 4];49;-;-
286;5;8;1;-;-;-;-
287;5;8;1;-;-;-;-
288;5;8;1;-;-;-;-
289;5;8;1;-;-;-;-
290;5;8;2;-;-;-;-
291;5;8;2;-;-;-;-
292;5;8;2;-;-;-;-
293;5;8;2;-;-;-;-
294;5;8;2;[0, 4];49;-;-
295;5;8;2;-;-;-;-
296;5;8;2;-;-;-;-
297;5;8;2;-;-;-;-
298;5;8;2;-;-;-;-
299;5;8;2;-;-;-;-
300;5;8;3;-;-;-;-
301;5;8;3;-;-;-;-
302;5;8;3;-;-;-;-
303;5;8;3;-;-;-;-
304;5;8;3;-;-;-;-
305;5;8;3;-;-;-;-
306;5;8;3;[0, 2, 4];144;-;-
307;5;8;3;-;-;-;-
308;5;8;3;-;-;-;-
309;5;8;3;-;-;-;-
310;5;8;5;[0, 3, 2, 4];158;-;-
311;5;8;5;[0, 4];25;[0, 4, 2, 1, 3, 1, 4, 0];348
312;5;8;5;-;-;-;-
313;5;8;5;-;-;-;-
314;5;8;5;[0, 2, 4];78;[0, 2, 1, 3, 1, 2, 4, 2, 0];358
315;5;8;5;-;-;-;-
316;5;8;5;[0, 4];50;-;-
317;5;8;5;[0, 4];80;[0, 4, 2, 1, 3, 0];360
318;5;8;5;[0, 4];67;-;-
319;5;8;5;[0, 2, 4];32;[0, 2, 4, 2, 0, 3, 1, 3, 0];236
320;5;8;8;[0, 2, 3, 4];54;[0, 2, 3, 4, 1, 4, 3, 2, 0];166
321;5;8;8;[0, 3, 1, 4];104;[0, 2, 4, 1, 3, 0];274
322;5;8;8;[0, 1, 4];84;[0, 1, 2, 3, 1, 4, 1, 0];388
323;5;8;8;[0, 4];7;[0, 4, 2, 3, 1, 3, 2, 4, 0];308
324;5;8;8;[0, 1, 2, 4];144;[0, 1, 2, 4, 3, 1, 0];290
325;5;8;8;[0, 4];26;[0, 4, 1, 2, 3, 2, 4, 0];205
326;5;8;8;-;-;-;-
327;5;8;8;-;-;-;-
328;5;8;8;[0, 4];19;[0, 3, 2, 1, 4, 0];216
329;5;8;8;[0, 3, 4];128;[0, 3, 4, 1, 2, 0];295
330;5;8;13;[0, 1, 4];22;[0, 3, 0, 1, 2, 1, 4, 1, 0];164
331;5;8;13;[0, 1, 4];100;[0, 1, 4, 2, 3, 2, 0];236
332;5;8;13;[0, 4];47;[0, 1, 2, 4, 3, 4, 3, 1, 0];171
333;5;8;13;[0, 3, 4];57;[0, 3, 2, 4, 1, 4, 3, 0];210
334;5;8;13;[0, 4];21;[0, 4, 2, 3, 1, 3, 2, 4, 0];50
335;5;8;13;[0, 4];61;[0, 2, 1, 2, 4, 3, 0];284
336;5;8;13;[0, 2, 4];20;[0, 1, 3, 4, 2, 0];184
337;5;8;13;[0, 2, 4];68;[0, 1, 3, 1, 2, 4, 2, 0];262
338;5;8;13;[0, 1, 4];32;[0, 3, 2, 1, 4, 1, 0];236
339;5;8;13;[0, 2, 4];32;[0, 3, 2, 4, 2, 1, 0];110
340;5;8;21;[0, 2, 4];43;[0, 3, 0, 1, 4, 2, 0];188
341;5;8;21;[0, 1, 2, 4];63;[0, 3, 1, 2, 4, 2, 1, 0];211
342;5;8;21;[0, 4];11;[0, 3, 2, 1, 4, 0];171
343;5;8;21;[0, 4];85;[0, 2, 4, 1, 3, 0];199
344;5;8;21;[0, 1, 4];61;[0, 3, 0, 1, 4, 2, 1, 0];253
345;5;8;21;[0, 4];85;[0, 3, 1, 4, 2, 0];222
346;5;8;21;[0, 4];65;[0, 2, 0, 3, 4, 1, 0];234
347;5;8;21;[0, 4];79;[0, 1, 2, 3, 4, 3, 2, 0];226
348;5;8;21;[0, 1, 4];60;[0, 2, 4, 3, 4, 1, 0];210
349;5;8;21;[0, 4];41;[0, 2, 1, 4, 0, 3, 0];127
350;5;13;1;-;-;-;-
351;5;13;1;-;-;-;-
352;5;13;1;-;-;-;-
353;5;13;1;-;-;-;-
354;5;13;1;-;-;-;-
355;5;13;1;-;-;-;-
356;5;13;1;-;-;-;-
357;5;13;1;-;-;-;-
358;5;13;1;-;-;-;-
359;5;13;1;[0, 4];77;-;-
360;5;13;2;-;-;-;-
361;5;13;2;-;-;-;-
362;5;13;2;-;-;-;-
363;5;13;2;-;-;-;-
364;5;13;2;-;-;-;-
365;5;13;2;-;-;-;-
366;5;13;2;-;-;-;-
367;5;13;2;-;-;-;-
368;5;13;2;-;-;-;-
369;5;13;2;-;-;-;-
370;5;13;3;-;-;-;-
371;5;13;3;-;-;-;-
372;5;13;3;-;-;-;-
373;5;13;3;[0, 2, 1, 4];128;-;-
374;5;13;3;-;-;-;-
375;5;13;3;-;-;-;-
376;5;13;3;-;-;-;-
377;5;13;3;-;-;-;-
378;5;13;3;-;-;-;-
379;5;13;3;[0, 4];58;-;-
380;5;13;5;-;-;-;-
381;5;13;5;-;-;-;-
382;5;13;5;[0, 3, 2, 4];182;[0, 3, 2, 1, 2, 4, 2, 3, 0];380
383;5;13;5;[0, 1, 4];105;[0, 1, 4, 2, 3, 2, 4, 1, 0];514
384;5;13;5;[0, 4];10;[0, 3, 0, 4, 2, 1, 2, 4, 0];352
385;5;13;5;[0, 1, 4];91;[0, 1, 2, 1, 4, 3, 4, 1, 0];336
386;5;13;5;-;-;-;-
387;5;13;5;-;-;-;-
388;5;13;5;-;-;-;-
389;5;13;5;-;-;-;-
390;5;13;8;-;-;-;-
391;5;13;8;-;-;-;-
392;5;13;8;-;-;-;-
393;5;13;8;-;-;-;-
394;5;13;8;[0, 1, 4];107;[0, 3, 2, 4, 1, 0];254
395;5;13;8;[0, 4];52;[0, 1, 3, 1, 0, 4, 2, 4, 0];428
396;5;13;8;-;-;-;-
397;5;13;8;-;-;-;-
398;5;13;8;-;-;-;-
399;5;13;8;-;-;-;-
400;5;13;13;[0, 4];46;[0, 3, 1, 2, 1, 3, 4, 0];363
401;5;13;13;[0, 1, 4];148;[0, 1, 4, 1, 2, 3, 2, 1, 0];330
402;5;13;13;[0, 3, 1, 4];185;[0, 3, 1, 4, 2, 4, 1, 3, 0];512
403;5;13;13;[0, 3, 2, 4];69;[0, 1, 2, 4, 2, 3, 0];285
404;5;13;13;[0, 4];28;[0, 2, 0, 1, 4, 0, 3, 0];169
405;5;13;13;[0, 2, 4];32;[0, 2, 4, 2, 0, 3, 0, 1, 0];90
406;5;13;13;[0, 4];60;[0, 1, 3, 4, 2, 4, 0];278
407;5;13;13;-;-;-;-
408;5;13;13;[0, 4];36;[0, 3, 4, 2, 1, 0];258
409;5;13;13;[0, 3, 4];96;[0, 1, 3, 4, 3, 2, 3, 0];407
410;5;13;21;[0, 4];27;[0, 4, 2, 3, 1, 4, 0];248
411;5;13;21;[0, 4];64;[0, 4, 1, 3, 2, 0];145
412;5;13;21;[0, 2, 1, 4];40;[0, 2, 1, 4, 1, 2, 3, 2, 0];90
413;5;13;21;[0, 4];23;[0, 4, 1, 0, 3, 2, 3, 0];129
414;5;13;21;[0, 3, 1, 4];41;[0, 3, 1, 4, 2, 1, 3, 0];111
415;5;13;21;[0, 2, 4];43;[0, 2, 1, 2, 3, 2, 4, 2, 0];128
416;5;13;21;[0, 1, 4];13;[0, 1, 4, 3, 2, 3, 4, 1, 0];196
417;5;13;21;[0, 2, 4];23;[0, 3, 0, 2, 4, 1, 0];78
418;5;13;21;[0, 2, 3, 4];32;[0, 1, 3, 4, 3, 2, 0];115
419;5;13;21;[0, 4];71;[0, 4, 3, 4, 2, 1, 0];180
420;5;21;1;-;-;-;-
421;5;21;1;-;-;-;-
422;5;21;1;-;-;-;-
423;5;21;1;-;-;-;-
424;5;21;1;-;-;-;-
425;5;21;1;-;-;-;-
426;5;21;1;-;-;-;-
427;5;21;1;-;-;-;-
428;5;21;1;-;-;-;-
429;5;21;1;-;-;-;-
430;5;21;2;-;-;-;-
431;5;21;2;-;-;-;-
432;5;21;2;-;-;-;-
433;5;21;2;-;-;-;-
434;5;21;2;-;-;-;-
435;5;21;2;[0, 4];84;-;-
436;5;21;2;-;-;-;-
437;5;21;2;-;-;-;-
438;5;21;2;-;-;-;-
439;5;21;2;-;-;-;-
440;5;21;3;-;-;-;-
441;5;21;3;-;-;-;-
442;5;21;3;-;-;-;-
443;5;21;3;-;-;-;-
444;5;21;3;-;-;-;-
445;5;21;3;-;-;-;-
446;5;21;3;-;-;-;-
447;5;21;3;-;-;-;-
448;5;21;3;-;-;-;-
449;5;21;3;-;-;-;-
450;5;21;5;-;-;-;-
451;5;21;5;[0, 4];86;-;-
452;5;21;5;-;-;-;-
453;5;21;5;-;-;-;-
454;5;21;5;[0, 4];71;-;-
455;5;21;5;-;-;-;-
456;5;21;5;-;-;-;-
457;5;21;5;-;-;-;-
458;5;21;5;-;-;-;-
459;5;21;5;-;-;-;-
460;5;21;8;-;-;-;-
461;5;21;8;-;-;-;-
462;5;21;8;-;-;-;-
463;5;21;8;[0, 1, 4];60;-;-
464;5;21;8;-;-;-;-
465;5;21;8;[0, 2, 1, 4];145;-;-
466;5;21;8;[0, 1, 3, 4];183;[0, 1, 3, 2, 3, 4, 3, 1, 0];506
467;5;21;8;-;-;-;-
468;5;21;8;-;-;-;-
469;5;21;8;-;-;-;-
470;5;21;13;-;-;-;-
471;5;21;13;[0, 4];22;-;-
472;5;21;13;[0, 1, 3, 4];213;[0, 1, 3, 4, 3, 1, 2, 0];450
473;5;21;13;[0, 2, 4];109;-;-
474;5;21;13;[0, 3, 4];106;[0, 3, 4, 2, 1, 2, 4, 3, 0];364
475;5;21;13;[0, 3, 1, 4];150;[0, 3, 1, 4, 1, 3, 2, 3, 0];370
476;5;21;13;[0, 2, 3, 1, 4];242;[0, 2, 3, 1, 4, 1, 3, 2, 0];484
477;5;21;13;[0, 2, 4];131;[0, 2, 3, 2, 4, 2, 0, 1, 0];614
478;5;21;13;-;-;-;-
479;5;21;13;[0, 4];74;-;-
480;5;21;21;-;-;-;-
481;5;21;21;[0, 1, 2, 4];118;[0, 3, 2, 4, 2, 1, 0];245
482;5;21;21;[0, 3, 4];122;[0, 3, 4, 3, 2, 3, 1, 3, 0];360
483;5;21;21;[0, 1, 2, 3, 4];33;[0, 1, 2, 3, 4, 3, 2, 1, 0];66
484;5;21;21;[0, 4];58;[0, 2, 3, 2, 4, 1, 4, 0];288
485;5;21;21;[0, 4];19;[0, 3, 1, 2, 0, 4, 0];324
486;5;21;21;[0, 4];60;[0, 4, 2, 3, 1, 2, 4, 0];261
487;5;21;21;[0, 1, 4];57;[0, 1, 4, 1, 0, 2, 3, 2, 0];250
488;5;21;21;[0, 4];69;[0, 2, 0, 4, 3, 4, 1, 0];445
489;5;21;21;[0, 4];75;[0, 4, 0, 3, 2, 1, 0];443
490;5;34;1;-;-;-;-
491;5;34;1;-;-;-;-
492;5;34;1;-;-;-;-
493;5;34;1;-;-;-;-
494;5;34;1;-;-;-;-
495;5;34;1;-;-;-;-
496;5;34;1;-;-;-;-
497;5;34;1;-;-;-;-
498;5;34;1;-;-;-;-
499;5;34;1;-;-;-;-
500;5;34;2;-;-;-;-
501;5;34;2;-;-;-;-
502;5;34;2;[0, 4];84;-;-
503;5;34;2;-;-;-;-
504;5;34;2;-;-;-;-
505;5;34;2;-;-;-;-
506;5;34;2;-;-;-;-
507;5;34;2;-;-;-;-
508;5;34;2;-;-;-;-
509;5;34;2;-;-;-;-
510;5;34;3;-;-;-;-
511;5;34;3;-;-;-;-
512;5;34;3;-;-;-;-
513;5;34;3;-;-;-;-
514;5;34;3;-;-;-;-
515;5;34;3;[0, 4];80;-;-
516;5;34;3;-;-;-;-
517;5;34;3;-;-;-;-
518;5;34;3;-;-;-;-
519;5;34;3;-;-;-;-
520;5;34;5;-;-;-;-
521;5;34;5;-;-;-;-
522;5;34;5;-;-;-;-
523;5;34;5;-;-;-;-
524;5;34;5;-;-;-;-
525;5;34;5;-;-;-;-
526;5;34;5;-;-;-;-
527;5;34;5;-;-;-;-
528;5;34;5;-;-;-;-
529;5;34;5;-;-;-;-
530;5;34;8;[0, 4];91;-;-
531;5;34;8;-;-;-;-
532;5;34;8;-;-;-;-
533;5;34;8;-;-;-;-
534;5;34;8;[0, 4];12;-;-
535;5;34;8;-;-;-;-
536;5;34;8;-;-;-;-
537;5;34;8;-;-;-;-
538;5;34;8;-;-;-;-
539;5;34;8;[0, 4];3;-;-
540;5;34;13;-;-;-;-
541;5;34;13;-;-;-;-
542;5;34;13;[0, 4];15;-;-
543;5;34;13;[0, 1, 4];46;-;-
544;5;34;13;[0, 4];36;[0, 2, 1, 2, 0, 3, 4, 0];424
545;5;34;13;[0, 4];37;-;-
546;5;34;13;-;-;-;-
547;5;34;13;[0, 1, 4];94;-;-
548;5;34;13;[0, 4];2;-;-
549;5;34;13;[0, 3, 2, 1, 4];193;[0, 3, 2, 1, 4, 1, 2, 3, 0];386
550;5;34;21;[0, 4];45;[0, 4, 3, 4, 2, 1, 0];146
551;5;34;21;-;-;-;-
552;5;34;21;-;-;-;-
553;5;34;21;-;-;-;-
554;5;34;21;[0, 2, 4];110;-;-
555;5;34;21;[0, 3, 2, 1, 4];201;[0, 3, 2, 1, 4, 1, 2, 3, 0];402
556;5;34;21;[0, 4];88;[0, 4, 0, 3, 1, 2, 1, 3, 0];492
557;5;34;21;[0, 3, 4];108;-;-
558;5;34;21;[0, 3, 4];113;-;-
559;5;34;21;-;-;-;-
560;10;1;1;-;-;-;-
561;10;1;1;-;-;-;-
562;10;1;1;-;-;-;-
563;10;1;1;-;-;-;-
564;10;1;1;-;-;-;-
565;10;1;1;-;-;-;-
566;10;1;1;-;-;-;-
567;10;1;1;-;-;-;-
568;10;1;1;-;-;-;-
569;10;1;1;-;-;-;-
570;10;1;2;-;-;-;-
571;10;1;2;-;-;-;-
572;10;1;2;-;-;-;-
573;10;1;2;[0, 1, 2, 4, 6, 7, 9];362;[0, 1, 2, 4, 5, 6, 7, 9, 7, 8, 7, 6, 4, 3, 4, 2, 1, 0];1168
574;10;1;2;-;-;-;-
575;10;1;2;-;-;-;-
576;10;1;2;-;-;-;-
577;10;1;2;-;-;-;-
578;10;1;2;[0, 2, 3, 4, 5, 7, 8, 9];396;[0, 1, 0, 2, 3, 4, 5, 7, 8, 9, 8, 7, 5, 6, 5, 4, 3, 2, 0];998
579;10;1;2;-;-;-;-
580;10;1;3;[0, 1, 3, 4, 6, 7, 9];210;[0, 1, 3, 4, 6, 7, 9, 8, 7, 6, 5, 4, 3, 2, 3, 1, 0];688
581;10;1;3;[0, 1, 2, 4, 5, 6, 7, 8, 9];407;[0, 1, 2, 3, 4, 5, 6, 7, 8, 9, 8, 7, 6, 5, 4, 2, 1, 0];938
582;10;1;3;[0, 1, 2, 4, 5, 6, 8, 9];395;[0, 1, 2, 4, 5, 6, 8, 9, 8, 6, 7, 6, 5, 4, 2, 3, 2, 1, 0];818
583;10;1;3;[0, 1, 2, 4, 5, 7, 9];294;[0, 1, 2, 4, 3, 4, 5, 6, 5, 7, 8, 7, 9, 7, 5, 4, 2, 1, 0];874
584;10;1;3;[0, 1, 3, 5, 6, 7, 9];322;[0, 2, 0, 1, 3, 4, 5, 6, 7, 9, 8, 7, 6, 5, 3, 1, 0];794
585;10;1;3;[0, 1, 3, 4, 6, 7, 8, 9];304;[0, 1, 2, 3, 4, 5, 6, 7, 8, 9, 8, 7, 6, 4, 3, 1, 0];752
586;10;1;3;[0, 1, 2, 3, 4, 6, 7, 8, 9];242;[0, 1, 2, 3, 4, 5, 6, 7, 8, 9, 8, 7, 6, 4, 3, 2, 1, 0];633
587;10;1;3;[0, 1, 2, 3, 5, 6, 7, 8, 9];412;[0, 1, 2, 3, 5, 6, 7, 8, 9, 8, 7, 6, 5, 4, 3, 2, 1, 0];863
588;10;1;3;[0, 1, 2, 3, 4, 5, 7, 8, 9];365;[0, 1, 2, 3, 4, 5, 7, 8, 9, 8, 7, 5, 6, 5, 4, 3, 2, 1, 0];758
589;10;1;3;[0, 1, 2, 3, 4, 5, 7, 8, 9];277;[0, 1, 2, 3, 4, 5, 7, 6, 7, 8, 9, 8, 7, 5, 4, 3, 2, 1, 0];562
590;10;1;5;[0, 1, 2, 3, 4, 6, 7, 8, 9];169;[0, 1, 2, 3, 4, 6, 7, 8, 9, 8, 7, 6, 4, 5, 4, 3, 2, 1, 0];396
591;10;1;5;[0, 1, 3, 4, 6, 8, 9];217;[0, 1, 3, 5, 4, 6, 8, 9, 8, 6, 7, 6, 4, 3, 2, 3, 1, 0];557
592;10;1;5;[0, 1, 3, 5, 7, 8, 9];359;[0, 1, 3, 5, 7, 6, 7, 8, 9, 8, 7, 5, 4, 2, 1, 0];770
593;10;1;5;[0, 2, 3, 5, 6, 7, 8, 9];267;[0, 2, 3, 4, 5, 6, 7, 8, 9, 8, 7, 6, 5, 3, 2, 1, 2, 0];645
594;10;1;5;[0, 1, 2, 3, 4, 5, 7, 8, 9];363;[0, 1, 2, 3, 4, 5, 4, 5, 6, 7, 8, 9, 8, 7, 5, 4, 3, 2, 1, 0];772
595;10;1;5;[0, 1, 3, 4, 6, 7, 8, 9];343;[0, 1, 2, 3, 4, 6, 7, 8, 9, 8, 7, 6, 4, 5, 4, 3, 1, 0];867
596;10;1;5;[0, 2, 3, 4, 7, 8, 9];356;[0, 2, 3, 4, 7, 8, 9, 8, 6, 5, 4, 3, 2, 1, 0];737
597;10;1;5;[0, 1, 2, 3, 4, 6, 7, 9];324;[0, 1, 2, 3, 4, 6, 7, 9, 8, 7, 5, 6, 4, 3, 2, 1, 0];734
598;10;1;5;[0, 1, 4, 6, 7, 8, 9];305;[0, 1, 2, 3, 5, 4, 6, 7, 8, 9, 8, 7, 6, 4, 1, 0];806
599;10;1;5;[0, 2, 3, 5, 7, 8, 9];213;[0, 2, 3, 5, 7, 8, 9, 8, 7, 6, 5, 4, 5, 3, 2, 1, 2, 0];626
600;10;1;8;[0, 1, 2, 3, 4, 6, 8, 7, 9];211;[0, 1, 2, 3, 4, 5, 7, 9, 7, 8, 6, 4, 3, 2, 1, 0];465
601;10;1;8;[0, 2, 3, 4, 7, 8, 9];299;[0, 2, 3, 4, 7, 8, 9, 8, 7, 6, 4, 5, 3, 1, 3, 2, 0];655
602;10;1;8;[0, 1, 3, 5, 6, 8, 9];279;[0, 1, 3, 5, 6, 8, 7, 8, 9, 8, 6, 5, 4, 3, 2, 3, 1, 0];707
603;10;1;8;[0, 1, 3, 4, 5, 6, 8, 9];220;[0, 1, 2, 5, 6, 8, 9, 8, 6, 5, 7, 5, 4, 3, 1, 0];500
604;10;1;8;[0, 1, 2, 4, 6, 9];232;[0, 1, 3, 2, 4, 6, 9, 8, 7, 5, 4, 2, 1, 0];595
605;10;1;8;[0, 2, 4, 6, 8, 9];224;[0, 2, 4, 6, 8, 9, 8, 6, 7, 6, 5, 3, 1, 0];596
606;10;1;8;[0, 2, 4, 6, 7, 9];180;[0, 2, 3, 4, 5, 6, 7, 9, 7, 8, 7, 6, 4, 2, 0, 1, 0];689
607;10;1;8;[0, 2, 4, 5, 7, 9];201;[0, 1, 3, 4, 5, 7, 9, 8, 6, 4, 2, 1, 0];571
608;10;1;8;[0, 2, 4, 6, 8, 9];207;[0, 1, 2, 3, 4, 6, 8, 9, 8, 7, 5, 4, 2, 0];716
609;10;1;8;[0, 2, 3, 5, 6, 7, 9];158;[0, 2, 3, 4, 5, 6, 7, 8, 7, 9, 7, 6, 5, 3, 2, 0, 1, 0];387
610;10;1;13;[0, 1, 3, 5, 7, 9];179;[0, 1, 2, 4, 5, 7, 9, 8, 6, 4, 5, 3, 1, 0];422
611;10;1;13;[0, 1, 3, 5, 6, 8, 9];227;[0, 2, 4, 5, 7, 8, 9, 8, 6, 5, 3, 1, 0];509
612;10;1;13;[0, 1, 3, 5, 7, 9];113;[0, 1, 3, 5, 7, 9, 8, 6, 7, 5, 3, 4, 2, 4, 3, 1, 0];272
613;10;1;13;[0, 1, 3, 4, 6, 7, 9];102;[0, 2, 4, 3, 5, 7, 9, 8, 9, 7, 6, 4, 3, 1, 0];386
614;10;1;13;[0, 2, 3, 5, 6, 9];98;[0, 1, 5, 6, 7, 8, 9, 6, 5, 3, 4, 3, 2, 0];383
615;10;1;13;[0, 2, 4, 6, 7, 9];191;[0, 2, 4, 6, 7, 9, 7, 8, 6, 4, 5, 4, 2, 1, 3, 2, 0];528
616;10;1;13;[0, 1, 3, 5, 6, 8, 9];131;[0, 2, 4, 3, 5, 7, 9, 8, 6, 5, 3, 1, 0];395
617;10;1;13;[0, 2, 4, 5, 7, 9];133;[0, 1, 2, 4, 6, 8, 9, 7, 5, 3, 5, 4, 2, 0];525
618;10;1;13;[0, 1, 2, 4, 6, 8, 9];137;[0, 1, 2, 4, 3, 4, 6, 8, 9, 8, 7, 5, 7, 6, 4, 2, 1, 0];310
619;10;1;13;[0, 2, 3, 5, 7, 9];212;[0, 1, 4, 3, 5, 7, 9, 8, 6, 5, 3, 2, 0];461
620;10;1;21;[0, 3, 6, 8, 9];131;[0, 3, 5, 7, 9, 8, 6, 3, 4, 2, 1, 2, 1, 0];330
621;10;1;21;[0, 1, 3, 5, 6, 8, 9];130;[0, 1, 3, 5, 6, 7, 6, 8, 9, 8, 6, 4, 5, 3, 2, 1, 0];305
622;10;1;21;[0, 1, 2, 4, 6, 7, 9];134;[0, 3, 5, 6, 8, 9, 7, 6, 4, 2, 4, 2, 1, 0];354
623;10;1;21;[0, 2, 4, 6, 8, 9];176;[0, 1, 3, 5, 6, 7, 9, 8, 6, 4, 2, 0];397
624;10;1;21;[0, 1, 3, 5, 7, 9];191;[0, 1, 3, 5, 7, 9, 8, 6, 7, 5, 4, 2, 3, 1, 0];489
625;10;1;21;[0, 1, 3, 5, 6, 8, 9];186;[0, 1, 2, 1, 4, 6, 8, 9, 8, 6, 7, 5, 3, 5, 3, 1, 0];466
626;10;1;21;[0, 2, 3, 5, 7, 9];90;[0, 2, 4, 6, 7, 9, 8, 9, 7, 5, 3, 1, 3, 2, 0];233
627;10;1;21;[0, 2, 4, 5, 8, 9];104;[0, 2, 4, 6, 7, 9, 8, 5, 3, 5, 4, 2, 1, 0];364
628;10;1;21;[0, 1, 4, 6, 8, 9];203;[0, 1, 4, 6, 8, 7, 9, 7, 5, 2, 3, 4, 1, 0];481
629;10;1;21;[0, 2, 4, 5, 7, 9];187;[0, 2, 4, 5, 7, 9, 8, 6, 7, 5, 4, 3, 1, 0];514
630;10;2;1;-;-;-;-
631;10;2;1;-;-;-;-
632;10;2;1;-;-;-;-
633;10;2;1;-;-;-;-
634;10;2;1;-;-;-;-
635;10;2;1;-;-;-;-
636;10;2;1;-;-;-;-
637;10;2;1;-;-;-;-
638;10;2;1;-;-;-;-
639;10;2;1;-;-;-;-
640;10;2;2;[0, 2, 3, 1, 4, 5, 8, 9];313;[0, 2, 3, 1, 4, 6, 8, 9, 8, 7, 8, 5, 4, 1, 3, 2, 0];842
641;10;2;2;[0, 3, 6, 8, 9];239;-;-
642;10;2;2;-;-;-;-
643;10;2;2;-;-;-;-
644;10;2;2;-;-;-;-
645;10;2;2;-;-;-;-
646;10;2;2;-;-;-;-
647;10;2;2;-;-;-;-
648;10;2;2;-;-;-;-
649;10;2;2;-;-;-;-
650;10;2;3;[0, 2, 6, 7, 8, 9];79;[0, 2, 6, 2, 3, 7, 8, 9, 8, 7, 5, 4, 1, 2, 0];226
651;10;2;3;-;-;-;-
652;10;2;3;-;-;-;-
653;10;2;3;[0, 2, 5, 4, 6, 8, 9];247;[0, 2, 5, 4, 6, 8, 9, 8, 7, 3, 1, 2, 0];586
654;10;2;3;[0, 3, 5, 6, 9];72;[0, 2, 0, 1, 0, 3, 4, 5, 6, 9, 8, 7, 6, 5, 3, 0];493
655;10;2;3;[0, 3, 7, 9];91;[0, 3, 4, 3, 7, 6, 7, 9, 8, 5, 8, 9, 7, 3, 1, 2, 1, 0];533
656;10;2;3;[0, 1, 3, 4, 9];141;[0, 1, 3, 4, 9, 8, 5, 6, 7, 6, 5, 4, 3, 2, 3, 1, 0];463
657;10;2;3;[0, 2, 4, 6, 9];177;[0, 3, 5, 4, 7, 8, 9, 6, 4, 2, 1, 0];486
658;10;2;3;[0, 3, 6, 9];156;[0, 2, 4, 6, 5, 6, 9, 7, 8, 5, 1, 3, 0];576
659;10;2;3;[0, 1, 2, 3, 5, 8, 9];133;[0, 1, 2, 3, 5, 8, 9, 8, 7, 6, 7, 4, 2, 1, 0];301
660;10;2;5;[0, 3, 5, 9];83;[0, 1, 2, 8, 7, 6, 5, 9, 5, 4, 5, 3, 0];281
661;10;2;5;[0, 2, 5, 6, 7, 9];112;[0, 2, 5, 6, 7, 8, 9, 7, 6, 5, 4, 3, 1, 3, 2, 0];279
662;10;2;5;[0, 3, 7, 9];69;[0, 3, 7, 9, 8, 9, 6, 5, 4, 2, 1, 0];369
663;10;2;5;[0, 3, 4, 9];138;[0, 1, 3, 6, 9, 4, 7, 8, 5, 7, 4, 2, 0];463
664;10;2;5;[0, 2, 4, 6, 9];67;[0, 2, 1, 2, 4, 5, 7, 5, 6, 8, 6, 9, 6, 3, 2, 0];292
665;10;2;5;[0, 3, 5, 4, 6, 7, 9];249;[0, 3, 5, 4, 6, 8, 9, 7, 6, 4, 5, 3, 2, 1, 0];564
666;10;2;5;[0, 2, 4, 8, 6, 9];172;[0, 2, 4, 3, 5, 6, 7, 6, 9, 6, 8, 4, 1, 0];531
667;10;2;5;[0, 2, 5, 4, 8, 9];167;[0, 2, 5, 7, 8, 9, 8, 6, 8, 4, 5, 2, 3, 2, 1, 2, 0];425
668;10;2;5;[0, 1, 3, 6, 9];131;[0, 1, 3, 6, 8, 7, 9, 5, 4, 2, 3, 2, 3, 1, 0];525
669;10;2;5;[0, 2, 7, 9];106;[0, 2, 7, 9, 8, 9, 6, 5, 3, 4, 1, 0];476
670;10;2;8;[0, 1, 3, 5, 9];107;[0, 2, 4, 8, 9, 5, 7, 5, 9, 8, 6, 3, 1, 0];338
671;10;2;8;[0, 3, 6, 9];41;[0, 3, 4, 3, 6, 9, 7, 9, 8, 9, 5, 1, 2, 6, 3, 0];284
672;10;2;8;[0, 2, 6, 4, 9];46;[0, 2, 1, 6, 7, 8, 9, 4, 6, 5, 3, 2, 0];169
673;10;2;8;[0, 3, 5, 6, 9];95;[0, 2, 1, 4, 3, 5, 7, 8, 7, 6, 9, 6, 5, 3, 0];374
674;10;2;8;[0, 2, 4, 9];174;[0, 2, 4, 6, 9, 8, 5, 7, 4, 3, 1, 0];459
675;10;2;8;[0, 1, 6, 8, 9];65;[0, 1, 6, 7, 6, 5, 8, 9, 8, 4, 3, 2, 0];359
676;10;2;8;[0, 1, 4, 7, 9];99;[0, 1, 4, 7, 9, 7, 8, 6, 2, 4, 1, 5, 3, 1, 0];394
677;10;2;8;[0, 1, 4, 3, 6, 9];108;[0, 1, 2, 3, 6, 8, 9, 7, 5, 3, 4, 1, 0];330
678;10;2;8;[0, 1, 3, 5, 9];70;[0, 4, 3, 5, 9, 7, 6, 8, 6, 2, 3, 1, 0];238
679;10;2;8;[0, 4, 6, 9];112;[0, 2, 4, 5, 8, 7, 9, 6, 5, 3, 1, 0];447
680;10;2;13;[0, 5, 9];69;[0, 2, 5, 9, 5, 3, 6, 8, 6, 7, 4, 7, 4, 1, 0];202
681;10;2;13;[0, 3, 5, 9];172;[0, 3, 4, 6, 8, 9, 7, 3, 4, 3, 5, 2, 1, 0];540
682;10;2;13;[0, 3, 2, 7, 5, 6, 9];45;[0, 4, 1, 3, 2, 7, 5, 6, 9, 6, 8, 6, 5, 7, 2, 3, 0];235
683;10;2;13;[0, 4, 9];16;[0, 4, 9, 7, 5, 8, 5, 6, 9, 4, 3, 4, 1, 2, 1, 4, 0];208
684;10;2;13;[0, 3, 5, 8, 9];47;[0, 3, 5, 1, 4, 7, 8, 9, 8, 7, 6, 2, 0];115
685;10;2;13;[0, 5, 8, 9];118;[0, 2, 5, 8, 9, 8, 6, 7, 4, 3, 4, 1, 0];347
686;10;2;13;[0, 3, 4, 5, 8, 9];116;[0, 3, 4, 5, 8, 9, 8, 6, 7, 5, 4, 1, 2, 0];344
687;10;2;13;[0, 2, 5, 6, 7, 9];129;[0, 3, 4, 8, 7, 9, 7, 8, 6, 5, 1, 5, 2, 0];336
688;10;2;13;[0, 2, 5, 7, 9];111;[0, 1, 2, 4, 5, 7, 9, 7, 8, 6, 3, 0];358
689;10;2;13;[0, 2, 5, 7, 6, 9];72;[0, 4, 1, 2, 5, 7, 6, 9, 8, 5, 3, 5, 2, 0];302
690;10;2;21;[0, 5, 9];34;[0, 1, 2, 4, 8, 9, 8, 4, 6, 4, 7, 5, 3, 0];196
691;10;2;21;[0, 3, 7, 9];81;[0, 2, 1, 4, 5, 3, 7, 9, 7, 3, 6, 8, 3, 0];330
692;10;2;21;[0, 3, 6, 9];35;[0, 3, 8, 9, 7, 9, 5, 9, 6, 2, 0, 1, 4, 1, 0];182
693;10;2;21;[0, 2, 5, 6, 9];31;[0, 1, 0, 4, 7, 8, 6, 9, 6, 5, 3, 5, 2, 0];238
694;10;2;21;[0, 1, 5, 8, 9];63;[0, 3, 0, 1, 4, 2, 7, 6, 5, 8, 9, 8, 5, 1, 0];397
695;10;2;21;[0, 3, 6, 9];120;[0, 4, 7, 4, 8, 5, 2, 5, 9, 6, 3, 6, 1, 0];369
696;10;2;21;[0, 1, 4, 8, 9];27;[0, 3, 2, 6, 8, 9, 7, 9, 8, 4, 1, 4, 5, 4, 1, 0];146
697;10;2;21;[0, 4, 9];15;[0, 1, 2, 7, 4, 5, 3, 6, 8, 6, 4, 9, 4, 7, 4, 0];188
698;10;2;21;[0, 1, 4, 9];64;[0, 1, 2, 1, 6, 1, 3, 1, 4, 9, 7, 8, 5, 0];254
699;10;2;21;[0, 2, 5, 7, 9];110;[0, 1, 3, 4, 7, 8, 7, 9, 7, 6, 5, 2, 0];335
700;10;3;1;-;-;-;-
701;10;3;1;-;-;-;-
702;10;3;1;-;-;-;-
703;10;3;1;-;-;-;-
704;10;3;1;-;-;-;-
705;10;3;1;-;-;-;-
706;10;3;1;-;-;-;-
707;10;3;1;-;-;-;-
708;10;3;1;[0, 3, 7, 6, 8, 4, 9];358;[0, 3, 7, 6, 8, 4, 1, 2, 1, 4, 9, 4, 5, 4, 8, 6, 7, 3, 0];1006
709;10;3;1;[0, 2, 4, 6, 9];222;-;-
710;10;3;2;-;-;-;-
711;10;3;2;-;-;-;-
712;10;3;2;-;-;-;-
713;10;3;2;[0, 2, 6, 7, 9];232;[0, 2, 3, 2, 6, 7, 9, 8, 9, 7, 6, 2, 0, 4, 1, 4, 5, 4, 0];744
714;10;3;2;-;-;-;-
715;10;3;2;-;-;-;-
716;10;3;2;[0, 2, 5, 6, 9];107;-;-
717;10;3;2;-;-;-;-
718;10;3;2;-;-;-;-
719;10;3;2;-;-;-;-
720;10;3;3;[0, 1, 4, 8, 5, 9];194;[0, 1, 4, 2, 4, 6, 4, 8, 7, 5, 9, 5, 3, 8, 4, 1, 0];558
721;10;3;3;-;-;-;-
722;10;3;3;[0, 4, 7, 9];89;[0, 4, 7, 8, 2, 1, 2, 8, 7, 9, 6, 5, 3, 0];546
723;10;3;3;-;-;-;-
724;10;3;3;[0, 1, 3, 6, 9];161;[0, 1, 3, 5, 2, 4, 7, 8, 7, 6, 9, 6, 3, 1, 0];571
725;10;3;3;[0, 3, 5, 6, 9];188;[0, 1, 4, 7, 8, 7, 4, 2, 5, 6, 9, 6, 5, 3, 0];765
726;10;3;3;[0, 1, 4, 5, 7, 9];182;[0, 1, 3, 8, 9, 7, 6, 2, 6, 7, 5, 4, 1, 0];747
727;10;3;3;[0, 1, 3, 6, 9];159;[0, 1, 5, 1, 2, 8, 9, 6, 4, 7, 4, 6, 3, 1, 0];675
728;10;3;3;[0, 5, 7, 9];133;[0, 4, 3, 7, 9, 7, 5, 8, 5, 2, 5, 6, 1, 0];416
729;10;3;3;[0, 1, 4, 8, 9];108;[0, 1, 7, 6, 7, 9, 8, 5, 8, 4, 1, 2, 3, 2, 0];554
730;10;3;5;[0, 5, 4, 9];19;[0, 5, 4, 6, 7, 8, 6, 9, 3, 9, 4, 2, 1, 5, 0];210
731;10;3;5;[0, 6, 4, 9];78;[0, 6, 7, 6, 4, 9, 4, 5, 8, 3, 2, 3, 1, 3, 6, 0];371
732;10;3;5;[0, 1, 3, 8, 9];210;[0, 1, 2, 4, 5, 4, 6, 7, 8, 9, 8, 3, 4, 2, 1, 0];574
733;10;3;5;[0, 3, 4, 9];51;[0, 3, 2, 5, 8, 7, 6, 9, 4, 1, 0, 3, 0];392
734;10;3;5;[0, 1, 2, 5, 9];90;[0, 1, 2, 5, 6, 5, 9, 5, 4, 8, 4, 7, 4, 3, 1, 0];347
735;10;3;5;[0, 3, 1, 9];53;[0, 3, 5, 2, 1, 9, 1, 3, 8, 6, 4, 6, 7, 6, 3, 0];216
736;10;3;5;[0, 1, 2, 4, 6, 9];190;[0, 1, 2, 4, 7, 3, 5, 8, 9, 8, 5, 6, 4, 2, 1, 0];492
737;10;3;5;[0, 1, 4, 9];83;[0, 1, 3, 1, 2, 5, 4, 9, 8, 7, 4, 6, 4, 1, 0];479
738;10;3;5;[0, 2, 6, 8, 9];106;[0, 1, 3, 5, 4, 5, 7, 9, 8, 6, 2, 3, 1, 0];328
739;10;3;5;[0, 2, 9];68;[0, 2, 3, 8, 9, 5, 4, 5, 6, 7, 6, 2, 1, 0];366
740;10;3;8;[0, 4, 7, 9];60;[0, 4, 3, 6, 9, 7, 5, 8, 1, 2, 0];172
741;10;3;8;[0, 2, 5, 9];39;[0, 1, 3, 8, 5, 9, 5, 7, 5, 8, 6, 4, 0, 2, 0];128
742;10;3;8;[0, 3, 6, 9];141;[0, 3, 5, 7, 5, 2, 4, 6, 9, 6, 8, 1, 3, 0];338
743;10;3;8;[0, 3, 9];23;[0, 3, 6, 8, 7, 5, 1, 2, 0, 3, 9, 3, 4, 3, 0];283
744;10;3;8;[0, 4, 6, 9];126;[0, 4, 7, 8, 5, 3, 5, 3, 6, 9, 6, 4, 2, 1, 0];350
745;10;3;8;[0, 3, 7, 9];74;[0, 5, 7, 9, 7, 8, 6, 4, 6, 2, 3, 1, 3, 0];380
746;10;3;8;[0, 4, 5, 9];65;[0, 2, 3, 6, 8, 6, 7, 6, 9, 5, 4, 1, 0];236
747;10;3;8;[0, 1, 6, 7, 9];103;[0, 1, 2, 1, 6, 7, 9, 7, 4, 5, 4, 8, 3, 1, 0];249
748;10;3;8;[0, 3, 7, 8, 9];37;[0, 3, 5, 7, 4, 6, 9, 8, 7, 3, 2, 3, 0, 1, 0];165
749;10;3;8;[0, 2, 6, 8, 9];63;[0, 2, 3, 1, 7, 4, 7, 9, 8, 6, 5, 6, 2, 0];216
750;10;3;13;[0, 1, 7, 9];89;[0, 3, 8, 3, 6, 2, 7, 5, 7, 9, 7, 1, 4, 0];390
751;10;3;13;[0, 2, 6, 9];102;[0, 3, 5, 8, 7, 9, 7, 4, 1, 6, 1, 6, 2, 0];318
752;10;3;13;[0, 4, 8, 9];70;[0, 3, 6, 7, 6, 3, 4, 5, 4, 8, 9, 8, 2, 1, 0];326
753;10;3;13;[0, 2, 5, 8, 7, 9];59;[0, 2, 1, 3, 5, 8, 7, 9, 7, 8, 7, 4, 6, 1, 2, 0];226
754;10;3;13;[0, 3, 9];32;[0, 4, 8, 5, 1, 3, 1, 2, 6, 3, 7, 3, 9, 3, 0];303
755;10;3;13;[0, 3, 2, 6, 9];78;[0, 3, 8, 4, 8, 9, 6, 2, 3, 5, 7, 5, 1, 0];261
756;10;3;13;[0, 3, 6, 8, 5, 9];35;[0, 1, 2, 7, 4, 9, 5, 8, 6, 3, 0];168
757;10;3;13;[0, 4, 9];69;[0, 3, 7, 6, 7, 5, 8, 5, 9, 4, 1, 4, 2, 0];283
758;10;3;13;[0, 2, 7, 9];38;[0, 1, 5, 3, 7, 8, 7, 9, 7, 6, 7, 4, 7, 2, 0];236
759;10;3;13;[0, 4, 1, 7, 9];36;[0, 4, 1, 2, 3, 5, 6, 5, 9, 8, 9, 7, 1, 2, 1, 4, 0];205
760;10;3;21;[0, 5, 9];17;[0, 5, 9, 2, 8, 2, 3, 2, 6, 7, 6, 1, 4, 0];109
761;10;3;21;[0, 4, 9];41;[0, 4, 9, 5, 6, 7, 2, 1, 3, 8, 4, 0];240
762;10;3;21;[0, 3, 7, 9];41;[0, 3, 4, 1, 2, 7, 8, 7, 9, 6, 4, 0, 5, 0];200
763;10;3;21;[0, 1, 7, 9];13;[0, 4, 9, 7, 1, 0, 5, 2, 5, 6, 8, 6, 3, 5, 0];97
764;10;3;21;[0, 5, 9];10;[0, 5, 2, 5, 6, 5, 7, 3, 1, 4, 8, 9, 5, 0];183
765;10;3;21;[0, 5, 7, 9];47;[0, 4, 8, 9, 7, 3, 6, 3, 7, 2, 7, 9, 1, 5, 4, 0];226
766;10;3;21;[0, 1, 5, 8, 9];41;[0, 7, 2, 7, 3, 8, 9, 6, 4, 8, 5, 1, 0];162
767;10;3;21;[0, 3, 4, 9];76;[0, 5, 2, 7, 8, 9, 4, 6, 1, 3, 0];193
768;10;3;21;[0, 4, 9];51;[0, 2, 7, 4, 9, 5, 3, 6, 8, 1, 2, 0];212
769;10;3;21;[0, 1, 5, 9];88;[0, 1, 3, 8, 3, 7, 9, 7, 2, 7, 6, 5, 4, 0, 1, 0];214
770;10;5;1;-;-;-;-
771;10;5;1;-;-;-;-
772;10;5;1;-;-;-;-
773;10;5;1;-;-;-;-
774;10;5;1;-;-;-;-
775;10;5;1;-;-;-;-
776;10;5;1;-;-;-;-
777;10;5;1;-;-;-;-
778;10;5;1;-;-;-;-
779;10;5;1;-;-;-;-
780;10;5;2;-;-;-;-
781;10;5;2;[0, 3, 9];165;-;-
782;10;5;2;[0, 3, 1, 9];90;-;-
783;10;5;2;-;-;-;-
784;10;5;2;-;-;-;-
785;10;5;2;-;-;-;-
786;10;5;2;-;-;-;-
787;10;5;2;-;-;-;-
788;10;5;2;[0, 4, 9];96;-;-
789;10;5;2;-;-;-;-
790;10;5;3;[0, 3, 5, 7, 9];169;-;-
791;10;5;3;[0, 1, 9];156;[0, 1, 9, 1, 6, 8, 4, 5, 4, 3, 7, 3, 4, 2, 0];853
792;10;5;3;-;-;-;-
793;10;5;3;[0, 6, 5, 9];171;[0, 1, 4, 2, 6, 7, 6, 5, 3, 5, 8, 5, 9, 5, 6, 0];1004
794;10;5;3;[0, 3, 4, 7, 9];135;-;-
795;10;5;3;-;-;-;-
796;10;5;3;-;-;-;-
797;10;5;3;[0, 4, 8, 5, 7, 9];115;[0, 4, 1, 2, 1, 5, 7, 9, 7, 5, 3, 5, 8, 6, 8, 4, 0];419
798;10;5;3;[0, 6, 9];28;-;-
799;10;5;3;[0, 4, 6, 9];111;-;-
800;10;5;5;[0, 5, 9];93;[0, 1, 3, 6, 2, 6, 7, 9, 5, 8, 4, 0];360
801;10;5;5;[0, 2, 1, 3, 8, 9];56;[0, 5, 4, 8, 9, 6, 8, 7, 8, 3, 1, 2, 0];300
802;10;5;5;[0, 9];50;[0, 1, 6, 5, 2, 5, 7, 5, 3, 4, 3, 5, 8, 9, 0];476
803;10;5;5;[0, 2, 4, 9];103;[0, 2, 6, 7, 8, 9, 3, 5, 3, 9, 8, 4, 1, 4, 2, 0];446
804;10;5;5;[0, 1, 2, 9];83;[0, 5, 7, 4, 6, 3, 2, 9, 2, 1, 8, 1, 0];521
805;10;5;5;[0, 3, 4, 6, 5, 9];65;[0, 1, 0, 3, 2, 8, 5, 9, 5, 6, 4, 7, 3, 0];395
806;10;5;5;[0, 5, 2, 6, 8, 9];203;[0, 5, 2, 4, 7, 6, 8, 9, 8, 6, 2, 5, 0, 1, 3, 1, 0];837
807;10;5;5;[0, 1, 2, 4, 9];166;[0, 1, 7, 1, 6, 8, 4, 9, 4, 2, 3, 2, 5, 2, 1, 0];548
808;10;5;5;-;-;-;-
809;10;5;5;[0, 7, 9];33;[0, 7, 9, 5, 4, 6, 2, 1, 3, 8, 3, 9, 7, 0];458
810;10;5;8;[0, 7, 8, 9];90;[0, 1, 5, 2, 3, 2, 7, 8, 9, 8, 6, 4, 2, 0];405
811;10;5;8;[0, 3, 7, 9];92;[0, 3, 4, 3, 7, 5, 7, 2, 7, 9, 8, 6, 1, 3, 0];308
812;10;5;8;[0, 1, 9];18;[0, 1, 5, 2, 6, 7, 3, 7, 6, 8, 4, 9, 1, 0];267
813;10;5;8;[0, 4, 5, 7, 9];113;[0, 6, 5, 7, 9, 7, 5, 4, 8, 4, 3, 1, 2, 0];300
814;10;5;8;[0, 4, 6, 8, 9];82;[0, 4, 5, 3, 2, 1, 2, 3, 9, 8, 6, 7, 6, 4, 0];290
815;10;5;8;[0, 3, 7, 9];39;[0, 2, 5, 4, 1, 4, 7, 8, 7, 9, 7, 3, 6, 3, 0];425
816;10;5;8;[0, 4, 8, 9];31;[0, 4, 1, 5, 2, 0, 3, 6, 8, 9, 8, 4, 7, 4, 0];333
817;10;5;8;[0, 5, 6, 9];81;[0, 2, 1, 2, 4, 5, 6, 9, 8, 7, 3, 0];241
818;10;5;8;[0, 5, 9];44;[0, 5, 6, 4, 2, 4, 7, 1, 7, 8, 3, 9, 5, 0];299
819;10;5;8;[0, 1, 4, 7, 9];93;[0, 1, 4, 8, 3, 2, 4, 5, 9, 6, 9, 7, 4, 1, 0];401
820;10;5;13;[0, 7, 9];10;[0, 7, 9, 2, 3, 5, 8, 1, 9, 7, 0, 4, 0, 6, 0];215
821;10;5;13;[0, 9];42;[0, 9, 6, 7, 8, 7, 6, 2, 6, 3, 6, 1, 6, 7, 4, 5, 4, 0];255
822;10;5;13;[0, 3, 9];20;[0, 1, 0, 3, 7, 5, 7, 2, 3, 9, 8, 6, 8, 9, 4, 0];187
823;10;5;13;[0, 9];38;[0, 9, 6, 3, 1, 5, 1, 3, 7, 8, 7, 2, 7, 4, 0];114
824;10;5;13;[0, 6, 3, 9];83;[0, 6, 8, 4, 9, 1, 5, 3, 5, 7, 5, 3, 2, 0];205
825;10;5;13;[0, 2, 5, 4, 9];10;[0, 2, 5, 4, 9, 1, 9, 6, 8, 7, 3, 5, 2, 0];235
826;10;5;13;[0, 3, 5, 8, 9];13;[0, 3, 5, 8, 9, 8, 2, 4, 6, 7, 1, 3, 0];110
827;10;5;13;[0, 5, 9];51;[0, 6, 4, 6, 8, 7, 8, 3, 1, 2, 8, 9, 5, 0];280
828;10;5;13;[0, 3, 7, 5, 9];26;[0, 3, 7, 5, 7, 5, 9, 8, 4, 2, 6, 2, 1, 3, 0];92
829;10;5;13;[0, 1, 9];41;[0, 1, 9, 4, 6, 7, 8, 2, 5, 3, 5, 4, 9, 1, 0];202
830;10;5;21;[0, 9];25;[0, 3, 5, 6, 5, 2, 1, 4, 8, 7, 8, 9, 8, 9, 0];201
831;10;5;21;[0, 9];10;[0, 7, 3, 9, 6, 8, 1, 8, 5, 4, 9, 2, 9, 0];254
832;10;5;21;[0, 1, 9];25;[0, 3, 8, 4, 2, 6, 7, 6, 2, 9, 1, 5, 1, 9, 1, 0];269
833;10;5;21;[0, 9];25;[0, 8, 9, 8, 1, 3, 6, 7, 4, 7, 5, 2, 5, 0];194
834;10;5;21;[0, 6, 9];7;[0, 6, 9, 8, 5, 7, 1, 7, 2, 3, 4, 3, 0];119
835;10;5;21;[0, 5, 9];18;[0, 8, 7, 4, 7, 5, 9, 5, 1, 2, 3, 0, 6, 0];96
836;10;5;21;[0, 3, 9];34;[0, 1, 2, 6, 8, 7, 5, 6, 4, 6, 2, 9, 3, 0];200
837;10;5;21;[0, 3, 6, 9];33;[0, 4, 7, 3, 6, 9, 6, 3, 1, 8, 2, 3, 5, 4, 0];166
838;10;5;21;[0, 9];31;[0, 8, 7, 5, 4, 5, 9, 2, 6, 3, 1, 0];195
839;10;5;21;[0, 4, 3, 9];31;[0, 5, 8, 4, 3, 9, 3, 1, 2, 1, 6, 7, 0];185
840;10;8;1;-;-;-;-
841;10;8;1;-;-;-;-
842;10;8;1;-;-;-;-
843;10;8;1;-;-;-;-
844;10;8;1;-;-;-;-
845;10;8;1;-;-;-;-
846;10;8;1;-;-;-;-
847;10;8;1;-;-;-;-
848;10;8;1;-;-;-;-
849;10;8;1;-;-;-;-
850;10;8;2;-;-;-;-
851;10;8;2;-;-;-;-
852;10;8;2;-;-;-;-
853;10;8;2;-;-;-;-
854;10;8;2;-;-;-;-
855;10;8;2;-;-;-;-
856;10;8;2;-;-;-;-
857;10;8;2;[0, 9];68;-;-
858;10;8;2;[0, 8, 9];106;-;-
859;10;8;2;-;-;-;-
860;10;8;3;[0, 1, 9];185;[0, 1, 4, 8, 5, 8, 2, 8, 3, 4, 6, 9, 6, 7, 0];976
861;10;8;3;[0, 8, 9];193;-;-
862;10;8;3;[0, 9];80;[0, 9, 6, 9, 7, 4, 3, 1, 3, 4, 5, 8, 2, 7, 9, 0];729
863;10;8;3;[0, 4, 9];94;-;-
864;10;8;3;[0, 1, 9];87;[0, 1, 8, 7, 8, 1, 5, 1, 2, 4, 9, 4, 2, 6, 3, 0];553
865;10;8;3;-;-;-;-
866;10;8;3;[0, 2, 3, 6, 5, 9];262;-;-
867;10;8;3;-;-;-;-
868;10;8;3;-;-;-;-
869;10;8;3;[0, 4, 8, 5, 9];280;-;-
870;10;8;5;[0, 6, 5, 1, 9];143;[0, 2, 8, 2, 0, 6, 5, 1, 9, 1, 4, 1, 5, 6, 7, 3, 0];672
871;10;8;5;[0, 7, 1, 9];64;[0, 7, 8, 2, 8, 7, 1, 9, 1, 5, 3, 4, 6, 1, 7, 0];538
872;10;8;5;[0, 5, 4, 9];119;[0, 8, 9, 4, 6, 4, 2, 1, 7, 3, 5, 0];447
873;10;8;5;[0, 6, 3, 9];149;[0, 7, 4, 5, 3, 9, 3, 1, 3, 6, 2, 6, 8, 6, 0];534
874;10;8;5;[0, 1, 9];122;-;-
875;10;8;5;-;-;-;-
876;10;8;5;-;-;-;-
877;10;8;5;[0, 4, 8, 9];175;[0, 4, 8, 3, 2, 1, 2, 3, 5, 3, 8, 9, 6, 7, 8, 4, 0];693
878;10;8;5;[0, 5, 8, 9];197;[0, 4, 3, 6, 3, 4, 7, 8, 9, 2, 8, 5, 1, 5, 0];640
879;10;8;5;[0, 1, 2, 9];84;[0, 4, 6, 1, 2, 9, 2, 1, 8, 3, 8, 7, 5, 7, 8, 1, 0];460
880;10;8;8;[0, 6, 9];48;[0, 3, 8, 3, 7, 4, 7, 9, 2, 9, 6, 0, 5, 1, 6, 0];404
881;10;8;8;[0, 8, 4, 9];110;[0, 8, 6, 1, 3, 5, 7, 5, 2, 8, 4, 9, 4, 8, 0];587
882;10;8;8;[0, 4, 9];102;[0, 2, 3, 2, 7, 8, 9, 4, 0, 6, 5, 1, 5, 6, 0];337
883;10;8;8;[0, 3, 7, 9];46;[0, 1, 6, 1, 9, 7, 4, 5, 2, 8, 3, 0];364
884;10;8;8;[0, 6, 9];40;[0, 6, 9, 1, 2, 5, 7, 2, 4, 8, 4, 3, 6, 0];350
885;10;8;8;[0, 1, 9];42;[0, 2, 1, 7, 1, 6, 8, 5, 3, 1, 9, 4, 0];324
886;10;8;8;[0, 2, 9];50;[0, 5, 3, 8, 7, 6, 1, 2, 9, 2, 0, 4, 0, 5, 0];403
887;10;8;8;[0, 6, 9];25;[0, 1, 8, 1, 2, 7, 4, 3, 5, 3, 6, 9, 6, 0];351
888;10;8;8;[0, 4, 8, 7, 9];177;[0, 4, 3, 2, 3, 8, 1, 8, 7, 9, 7, 6, 5, 6, 8, 4, 0];471
889;10;8;8;[0, 4, 9];86;[0, 2, 3, 9, 4, 6, 4, 8, 7, 8, 1, 5, 2, 0];350
890;10;8;13;[0, 3, 5, 9];52;[0, 3, 5, 9, 2, 1, 7, 4, 6, 8, 6, 0];198
891;10;8;13;[0, 6, 9];18;[0, 6, 3, 2, 9, 1, 9, 8, 9, 6, 5, 4, 7, 0];138
892;10;8;13;[0, 5, 8, 9];55;[0, 6, 2, 1, 2, 3, 7, 4, 7, 3, 9, 8, 5, 0];200
893;10;8;13;[0, 8, 9];36;[0, 8, 9, 8, 2, 6, 7, 6, 3, 1, 4, 5, 4, 0];281
894;10;8;13;[0, 6, 4, 9];23;[0, 2, 5, 4, 9, 4, 7, 1, 3, 4, 6, 8, 6, 0];320
895;10;8;13;[0, 4, 9];45;[0, 4, 9, 7, 2, 3, 5, 6, 8, 1, 9, 4, 0];247
896;10;8;13;[0, 2, 7, 9];60;[0, 2, 7, 6, 8, 4, 9, 1, 9, 3, 5, 0];197
897;10;8;13;[0, 8, 9];22;[0, 8, 7, 6, 5, 6, 9, 3, 4, 2, 1, 8, 0];100
898;10;8;13;[0, 2, 9];3;[0, 4, 0, 5, 0, 2, 9, 7, 1, 6, 1, 8, 3, 8, 9, 2, 0];93
899;10;8;13;[0, 9];20;[0, 2, 5, 2, 3, 1, 3, 8, 7, 6, 9, 0, 4, 0];192
900;10;8;21;[0, 9];25;[0, 1, 6, 5, 9, 2, 9, 8, 7, 8, 3, 4, 1, 0];121
901;10;8;21;[0, 9];21;[0, 1, 2, 1, 5, 9, 6, 9, 4, 8, 7, 8, 4, 3, 4, 0];180
902;10;8;21;[0, 9];29;[0, 8, 6, 7, 3, 7, 6, 7, 3, 9, 2, 4, 6, 7, 5, 8, 0, 1, 0];134
903;10;8;21;[0, 6, 9];17;[0, 2, 1, 4, 1, 9, 6, 5, 7, 5, 6, 0, 3, 0, 8, 0];167
904;10;8;21;[0, 9];40;[0, 7, 8, 4, 6, 5, 3, 1, 4, 2, 9, 0, 7, 0];235
905;10;8;21;[0, 9];27;[0, 1, 9, 8, 3, 7, 5, 4, 2, 0, 6, 0, 2, 0];120
906;10;8;21;[0, 6, 9];47;[0, 6, 3, 2, 8, 4, 5, 3, 6, 9, 1, 7, 6, 0];243
907;10;8;21;[0, 9];27;[0, 1, 0, 5, 2, 5, 0, 4, 0, 3, 8, 9, 8, 7, 6, 3, 0];167
908;10;8;21;[0, 5, 8, 9];18;[0, 3, 9, 1, 9, 8, 5, 2, 4, 6, 4, 2, 7, 2, 5, 0];88
909;10;8;21;[0, 1, 3, 9];76;[0, 1, 6, 9, 3, 2, 8, 2, 7, 4, 7, 5, 1, 0];232
910;10;13;1;-;-;-;-
911;10;13;1;-;-;-;-
912;10;13;1;-;-;-;-
913;10;13;1;-;-;-;-
914;10;13;1;-;-;-;-
915;10;13;1;-;-;-;-
916;10;13;1;-;-;-;-
917;10;13;1;-;-;-;-
918;10;13;1;-;-;-;-
919;10;13;1;-;-;-;-
920;10;13;2;-;-;-;-
921;10;13;2;[0, 4, 3, 6, 9];106;-;-
922;10;13;2;[0, 6, 9];130;-;-
923;10;13;2;-;-;-;-
924;10;13;2;-;-;-;-
925;10;13;2;-;-;-;-
926;10;13;2;-;-;-;-
927;10;13;2;-;-;-;-
928;10;13;2;-;-;-;-
929;10;13;2;-;-;-;-
930;10;13;3;-;-;-;-
931;10;13;3;-;-;-;-
932;10;13;3;[0, 6, 9];99;-;-
933;10;13;3;-;-;-;-
934;10;13;3;-;-;-;-
935;10;13;3;-;-;-;-
936;10;13;3;-;-;-;-
937;10;13;3;-;-;-;-
938;10;13;3;-;-;-;-
939;10;13;3;-;-;-;-
940;10;13;5;[0, 1, 7, 9];147;[0, 2, 0, 5, 4, 5, 9, 8, 9, 3, 9, 7, 6, 7, 1, 0];804
941;10;13;5;[0, 6, 8, 9];125;-;-
942;10;13;5;[0, 6, 9];105;-;-
943;10;13;5;[0, 5, 9];18;-;-
944;10;13;5;[0, 7, 5, 8, 9];198;[0, 7, 2, 4, 2, 3, 8, 9, 6, 9, 8, 5, 7, 1, 7, 0];871
945;10;13;5;[0, 1, 2, 9];93;-;-
946;10;13;5;[0, 6, 9];29;[0, 8, 5, 1, 5, 3, 7, 0, 6, 2, 4, 2, 6, 9, 6, 0];790
947;10;13;5;-;-;-;-
948;10;13;5;[0, 7, 2, 9];169;[0, 7, 2, 9, 2, 8, 3, 4, 6, 4, 5, 4, 3, 1, 0];556
949;10;13;5;-;-;-;-
950;10;13;8;[0, 1, 9];60;[0, 1, 5, 2, 7, 8, 4, 8, 7, 9, 7, 6, 3, 5, 1, 0];308
951;10;13;8;[0, 6, 9];92;-;-
952;10;13;8;[0, 4, 9];36;[0, 4, 9, 2, 7, 6, 1, 5, 1, 3, 8, 3, 1, 4, 0];492
953;10;13;8;[0, 5, 6, 1, 4, 9];219;[0, 8, 5, 6, 1, 4, 9, 4, 1, 3, 7, 2, 5, 0];606
954;10;13;8;[0, 5, 4, 9];100;-;-
955;10;13;8;[0, 7, 9];52;[0, 7, 9, 7, 3, 5, 8, 6, 8, 5, 3, 2, 3, 4, 1, 0];306
956;10;13;8;[0, 6, 1, 4, 7, 2, 9];146;[0, 6, 1, 3, 1, 8, 1, 5, 2, 9, 2, 7, 4, 1, 6, 0];331
957;10;13;8;[0, 7, 9];61;[0, 3, 1, 2, 8, 2, 6, 4, 5, 7, 9, 7, 0];395
958;10;13;8;[0, 1, 9];78;[0, 6, 1, 5, 2, 5, 4, 7, 3, 4, 9, 1, 0, 8, 0];483
959;10;13;8;[0, 9];64;[0, 9, 1, 6, 3, 7, 4, 8, 5, 8, 5, 9, 0, 2, 0];656
960;10;13;13;[0, 9];5;[0, 5, 3, 7, 8, 2, 8, 6, 4, 6, 1, 6, 9, 0];333
961;10;13;13;[0, 3, 9];47;[0, 4, 0, 2, 8, 7, 6, 5, 6, 3, 9, 3, 1, 3, 0];502
962;10;13;13;[0, 3, 9];50;[0, 3, 7, 8, 5, 1, 6, 2, 6, 4, 6, 1, 9, 3, 0];303
963;10;13;13;[0, 3, 2, 9];68;[0, 4, 8, 4, 0, 1, 5, 6, 9, 2, 7, 2, 3, 0];323
964;10;13;13;[0, 9];26;[0, 5, 1, 8, 2, 7, 4, 7, 2, 6, 9, 3, 9, 0];376
965;10;13;13;[0, 9];40;[0, 1, 4, 5, 7, 8, 6, 8, 2, 8, 7, 9, 3, 0];353
966;10;13;13;[0, 6, 1, 9];73;[0, 6, 5, 9, 2, 9, 7, 8, 3, 8, 4, 1, 6, 0];386
967;10;13;13;[0, 1, 5, 9];73;[0, 1, 6, 4, 2, 5, 9, 7, 9, 8, 3, 1, 0];322
968;10;13;13;[0, 2, 7, 9];44;[0, 2, 5, 7, 9, 7, 5, 6, 5, 1, 8, 1, 3, 4, 3, 1, 0];149
969;10;13;13;[0, 4, 8, 9];10;[0, 5, 6, 4, 3, 7, 3, 4, 8, 9, 2, 9, 8, 4, 1, 4, 0];213
970;10;13;21;[0, 3, 9];12;[0, 3, 9, 3, 9, 5, 6, 5, 2, 5, 8, 1, 7, 4, 9, 3, 0];225
971;10;13;21;[0, 9];56;[0, 9, 2, 1, 6, 3, 4, 5, 7, 8, 0];223
972;10;13;21;[0, 9];54;[0, 8, 6, 5, 6, 9, 2, 7, 3, 1, 0, 4, 0];243
973;10;13;21;[0, 1, 6, 2, 9];42;[0, 5, 3, 4, 1, 6, 7, 9, 2, 8, 6, 1, 0];157
974;10;13;21;[0, 8, 9];51;[0, 6, 5, 7, 5, 4, 5, 6, 1, 2, 1, 3, 9, 8, 0];257
975;10;13;21;[0, 2, 9];16;[0, 2, 1, 2, 9, 8, 5, 4, 3, 4, 9, 2, 7, 2, 9, 6, 0];184
976;10;13;21;[0, 9];27;[0, 9, 8, 7, 8, 2, 8, 1, 5, 6, 5, 1, 4, 3, 4, 9, 0];111
977;10;13;21;[0, 4, 8, 9];55;[0, 4, 5, 1, 8, 9, 8, 1, 6, 2, 6, 7, 4, 3, 4, 0];207
978;10;13;21;[0, 9];11;[0, 9, 6, 5, 2, 7, 1, 3, 1, 4, 8, 4, 9, 0];204
979;10;13;21;[0, 3, 9];17;[0, 8, 6, 1, 4, 1, 9, 5, 9, 2, 9, 3, 7, 3, 0];200
980;10;21;1;-;-;-;-
981;10;21;1;-;-;-;-
982;10;21;1;-;-;-;-
983;10;21;1;-;-;-;-
984;10;21;1;-;-;-;-
985;10;21;1;-;-;-;-
986;10;21;1;-;-;-;-
987;10;21;1;-;-;-;-
988;10;21;1;-;-;-;-
989;10;21;1;[0, 7, 9];148;-;-
990;10;21;2;-;-;-;-
991;10;21;2;-;-;-;-
992;10;21;2;-;-;-;-
993;10;21;2;-;-;-;-
994;10;21;2;-;-;-;-
995;10;21;2;-;-;-;-
996;10;21;2;-;-;-;-
997;10;21;2;-;-;-;-
998;10;21;2;[0, 9];71;-;-
999;10;21;2;-;-;-;-
1000;10;21;3;-;-;-;-
1001;10;21;3;-;-;-;-
1002;10;21;3;-;-;-;-
1003;10;21;3;-;-;-;-
1004;10;21;3;-;-;-;-
1005;10;21;3;-;-;-;-
1006;10;21;3;-;-;-;-
1007;10;21;3;[0, 9];100;-;-
1008;10;21;3;-;-;-;-
1009;10;21;3;-;-;-;-
1010;10;21;5;[0, 7, 9];86;-;-
1011;10;21;5;[0, 9];99;-;-
1012;10;21;5;-;-;-;-
1013;10;21;5;[0, 9];34;-;-
1014;10;21;5;-;-;-;-
1015;10;21;5;-;-;-;-
1016;10;21;5;-;-;-;-
1017;10;21;5;[0, 9];6;-;-
1018;10;21;5;-;-;-;-
1019;10;21;5;-;-;-;-
1020;10;21;8;[0, 9];7;-;-
1021;10;21;8;[0, 9];90;-;-
1022;10;21;8;[0, 9];75;-;-
1023;10;21;8;-;-;-;-
1024;10;21;8;[0, 3, 7, 9];138;-;-
1025;10;21;8;[0, 3, 4, 9];83;-;-
1026;10;21;8;-;-;-;-
1027;10;21;8;-;-;-;-
1028;10;21;8;-;-;-;-
1029;10;21;8;[0, 6, 4, 9];181;[0, 7, 6, 4, 9, 4, 1, 2, 8, 3, 5, 3, 8, 2, 0];603
1030;10;21;13;[0, 4, 9];65;-;-
1031;10;21;13;[0, 9];45;[0, 7, 1, 5, 3, 4, 9, 6, 8, 6, 2, 6, 9, 0];483
1032;10;21;13;[0, 1, 9];61;[0, 5, 3, 5, 6, 2, 7, 9, 1, 0, 4, 0, 8, 0];529
1033;10;21;13;[0, 5, 9];89;-;-
1034;10;21;13;[0, 5, 9];115;-;-
1035;10;21;13;[0, 9];70;[0, 9, 4, 9, 8, 7, 8, 3, 5, 3, 1, 2, 8, 6, 0];276
1036;10;21;13;[0, 9];65;[0, 6, 1, 8, 7, 8, 1, 6, 3, 9, 2, 4, 2, 5, 2, 0];476
1037;10;21;13;[0, 5, 8, 9];150;[0, 7, 5, 8, 1, 9, 6, 2, 4, 3, 7, 0];450
1038;10;21;13;[0, 9];43;[0, 5, 6, 4, 7, 4, 6, 8, 3, 8, 9, 1, 9, 2, 0];627
1039;10;21;13;[0, 5, 9];77;[0, 6, 7, 6, 1, 9, 3, 4, 3, 8, 2, 3, 9, 5, 0];456
1040;10;21;21;[0, 5, 9];54;[0, 5, 9, 6, 9, 7, 1, 3, 8, 3, 2, 4, 5, 0];204
1041;10;21;21;[0, 9];37;[0, 9, 5, 9, 4, 8, 7, 6, 8, 3, 2, 1, 2, 9, 0];473
1042;10;21;21;[0, 7, 9];72;[0, 7, 9, 2, 3, 2, 8, 2, 4, 5, 1, 5, 6, 0];316
1043;10;21;21;[0, 7, 9];43;[0, 5, 8, 6, 3, 6, 9, 4, 9, 2, 9, 7, 1, 7, 0];340
1044;10;21;21;[0, 9];71;[0, 9, 4, 8, 6, 8, 1, 7, 2, 5, 2, 7, 3, 0];352
1045;10;21;21;[0, 5, 9];52;[0, 5, 1, 4, 1, 2, 1, 9, 6, 9, 8, 7, 3, 0];162
1046;10;21;21;[0, 5, 9];88;[0, 3, 2, 6, 9, 6, 1, 7, 4, 5, 8, 5, 0];407
1047;10;21;21;[0, 1, 4, 9];63;[0, 5, 8, 4, 9, 4, 1, 2, 6, 3, 7, 0];458
1048;10;21;21;[0, 9];48;[0, 8, 9, 5, 4, 2, 6, 7, 1, 4, 3, 0];458
1049;10;21;21;[0, 5, 9];69;[0, 5, 2, 7, 6, 9, 3, 9, 4, 1, 7, 2, 5, 8, 0];267
1050;10;34;1;-;-;-;-
1051;10;34;1;-;-;-;-
1052;10;34;1;-;-;-;-
1053;10;34;1;-;-;-;-
1054;10;34;1;[0, 9];97;-;-
1055;10;34;1;-;-;-;-
1056;10;34;1;-;-;-;-
1057;10;34;1;-;-;-;-
1058;10;34;1;-;-;-;-
1059;10;34;1;-;-;-;-
1060;10;34;2;-;-;-;-
1061;10;34;2;-;-;-;-
1062;10;34;2;-;-;-;-
1063;10;34;2;-;-;-;-
1064;10;34;2;-;-;-;-
1065;10;34;2;-;-;-;-
1066;10;34;2;-;-;-;-
1067;10;34;2;-;-;-;-
1068;10;34;2;-;-;-;-
1069;10;34;2;-;-;-;-
1070;10;34;3;-;-;-;-
1071;10;34;3;-;-;-;-
1072;10;34;3;-;-;-;-
1073;10;34;3;-;-;-;-
1074;10;34;3;-;-;-;-
1075;10;34;3;-;-;-;-
1076;10;34;3;-;-;-;-
1077;10;34;3;-;-;-;-
1078;10;34;3;-;-;-;-
1079;10;34;3;-;-;-;-
1080;10;34;5;-;-;-;-
1081;10;34;5;-;-;-;-
1082;10;34;5;-;-;-;-
1083;10;34;5;[0, 9];89;-;-
1084;10;34;5;-;-;-;-
1085;10;34;5;-;-;-;-
1086;10;34;5;-;-;-;-
1087;10;34;5;[0, 9];25;-;-
1088;10;34;5;-;-;-;-
1089;10;34;5;-;-;-;-
1090;10;34;8;-;-;-;-
1091;10;34;8;-;-;-;-
1092;10;34;8;-;-;-;-
1093;10;34;8;-;-;-;-
1094;10;34;8;-;-;-;-
1095;10;34;8;-;-;-;-
1096;10;34;8;[0, 8, 5, 9];113;-;-
1097;10;34;8;-;-;-;-
1098;10;34;8;-;-;-;-
1099;10;34;8;[0, 7, 1, 9];116;-;-
1100;10;34;13;[0, 8, 9];136;-;-
1101;10;34;13;[0, 4, 3, 9];187;[0, 4, 3, 6, 1, 5, 1, 8, 9, 5, 7, 2, 4, 0];463
1102;10;34;13;-;-;-;-
1103;10;34;13;[0, 3, 9];61;-;-
1104;10;34;13;-;-;-;-
1105;10;34;13;[0, 9];85;-;-
1106;10;34;13;[0, 1, 5, 9];238;-;-
1107;10;34;13;[0, 9];80;-;-
1108;10;34;13;[0, 4, 3, 9];123;[0, 7, 0, 5, 6, 1, 6, 3, 9, 8, 2, 3, 4, 0];836
1109;10;34;13;[0, 5, 9];93;-;-
1110;10;34;21;[0, 9];10;-;-
1111;10;34;21;[0, 4, 9];55;-;-
1112;10;34;21;[0, 9];50;-;-
1113;10;34;21;[0, 5, 4, 1, 9];92;-;-
1114;10;34;21;[0, 7, 9];24;[0, 1, 0, 7, 4, 7, 9, 6, 9, 2, 8, 3, 5, 7, 0];442
1115;10;34;21;[0, 8, 2, 5, 3, 9];177;-;-
1116;10;34;21;-;-;-;-
1117;10;34;21;[0, 5, 9];96;[0, 7, 2, 7, 3, 4, 1, 4, 7, 6, 8, 6, 5, 9, 5, 0];644
1118;10;34;21;[0, 3, 9];89;[0, 4, 8, 1, 5, 7, 3, 9, 6, 5, 2, 5, 0];526
1119;10;34;21;[0, 1, 9];88;[0, 7, 2, 9, 5, 6, 5, 9, 4, 9, 8, 3, 1, 0];504
1120;15;1;1;-;-;-;-
1121;15;1;1;-;-;-;-
1122;15;1;1;-;-;-;-
1123;15;1;1;-;-;-;-
1124;15;1;1;-;-;-;-
1125;15;1;1;-;-;-;-
1126;15;1;1;-;-;-;-
1127;15;1;1;-;-;-;-
1128;15;1;1;-;-;-;-
1129;15;1;1;-;-;-;-
1130;15;1;2;-;-;-;-
1131;15;1;2;-;-;-;-
1132;15;1;2;-;-;-;-
1133;15;1;2;-;-;-;-
1134;15;1;2;-;-;-;-
1135;15;1;2;-;-;-;-
1136;15;1;2;-;-;-;-
1137;15;1;2;-;-;-;-
1138;15;1;2;-;-;-;-
1139;15;1;2;-;-;-;-
1140;15;1;3;[0, 1, 3, 4, 5, 6, 7, 8, 9, 10, 11, 12, 13, 14];761;[0, 1, 3, 4, 5, 6, 7, 8, 9, 10, 11, 12, 13, 14, 13, 12, 11, 10, 9, 8, 7, 6, 5, 4, 3, 2, 3, 1, 0];1632
1141;15;1;3;[0, 3, 5, 6, 7, 8, 10, 12, 13, 14];329;[0, 3, 4, 5, 6, 7, 8, 10, 11, 12, 13, 14, 13, 12, 10, 8, 9, 8, 7, 6, 5, 3, 2, 1, 0];892
1142;15;1;3;[0, 1, 2, 4, 5, 6, 7, 8, 10, 12, 13, 14];410;[0, 1, 2, 4, 5, 6, 7, 8, 10, 12, 13, 14, 13, 12, 10, 11, 10, 9, 10, 8, 7, 6, 5, 4, 2, 3, 2, 1, 0];1112
1143;15;1;3;[0, 1, 2, 3, 4, 6, 7, 9, 10, 11, 13, 14];456;[0, 1, 2, 3, 4, 5, 6, 8, 10, 11, 13, 14, 13, 11, 12, 11, 10, 9, 7, 6, 4, 3, 2, 1, 0];1069
1144;15;1;3;[0, 1, 3, 4, 5, 6, 7, 8, 9, 11, 12, 13, 14];718;[0, 1, 2, 3, 4, 5, 6, 7, 8, 9, 11, 12, 13, 14, 13, 12, 11, 10, 9, 8, 7, 6, 5, 4, 3, 1, 0];1614
1145;15;1;3;[0, 1, 2, 3, 4, 6, 7, 8, 9, 11, 12, 13, 14];377;[0, 1, 2, 3, 4, 5, 6, 7, 8, 10, 9, 11, 12, 13, 14, 13, 12, 11, 9, 8, 7, 6, 4, 3, 2, 1, 0];805
1146;15;1;3;[0, 1, 2, 4, 5, 6, 7, 9, 11, 12, 14];356;[0, 1, 2, 4, 5, 6, 7, 9, 10, 11, 12, 13, 12, 14, 12, 11, 9, 7, 8, 7, 6, 5, 4, 2, 3, 2, 1, 0];982
1147;15;1;3;[0, 1, 2, 3, 5, 7, 8, 9, 10, 11, 12, 14];461;[0, 1, 2, 3, 4, 5, 7, 8, 9, 10, 11, 12, 13, 14, 12, 11, 10, 9, 8, 7, 6, 7, 5, 3, 2, 1, 0];1056
1148;15;1;3;[0, 3, 5, 6, 8, 9, 11, 12, 13, 14];301;[0, 3, 2, 3, 4, 3, 5, 6, 8, 9, 10, 9, 11, 12, 13, 14, 13, 12, 11, 9, 7, 6, 5, 3, 1, 3, 0];911
1149;15;1;3;[0, 1, 2, 3, 4, 5, 7, 8, 10, 11, 12, 14];570;[0, 1, 2, 3, 4, 6, 5, 7, 8, 9, 10, 11, 12, 14, 13, 14, 12, 11, 10, 8, 7, 5, 4, 3, 2, 1, 0];1327
1150;15;1;5;[0, 1, 3, 4, 5, 6, 8, 9, 10, 11, 13, 14];496;[0, 1, 3, 4, 5, 6, 8, 7, 8, 9, 10, 11, 13, 14, 13, 12, 11, 10, 9, 8, 6, 5, 4, 3, 2, 1, 0];1188
1151;15;1;5;[0, 2, 3, 5, 7, 8, 10, 11, 12, 14];272;[0, 2, 3, 5, 7, 8, 10, 11, 12, 13, 12, 14, 12, 11, 10, 9, 10, 8, 6, 4, 3, 2, 0, 1, 0];825
1152;15;1;5;[0, 1, 2, 3, 4, 5, 6, 7, 8, 9, 11, 14];343;[0, 1, 2, 3, 4, 5, 6, 7, 8, 9, 11, 14, 13, 14, 11, 12, 10, 9, 8, 7, 6, 5, 4, 3, 2, 1, 0];804
1153;15;1;5;[0, 1, 2, 3, 4, 5, 6, 7, 8, 10, 11, 13, 14];627;[0, 1, 2, 3, 4, 5, 6, 7, 8, 9, 10, 11, 12, 13, 14, 13, 11, 10, 8, 7, 6, 5, 4, 3, 2, 1, 0];1415
1154;15;1;5;[0, 1, 2, 3, 5, 6, 7, 9, 10, 11, 12, 13, 14];528;[0, 1, 2, 3, 5, 6, 7, 9, 10, 11, 12, 13, 14, 13, 12, 11, 10, 9, 7, 8, 7, 6, 5, 4, 5, 3, 2, 1, 0];1098
1155;15;1;5;[0, 2, 3, 4, 6, 8, 9, 10, 12, 13, 14];492;[0, 1, 0, 2, 3, 4, 6, 8, 9, 10, 12, 13, 14, 13, 12, 11, 10, 9, 8, 7, 8, 6, 5, 4, 3, 2, 0];1192
1156;15;1;5;[0, 1, 2, 4, 5, 7, 8, 10, 12, 14];375;[0, 1, 2, 4, 5, 6, 7, 8, 9, 10, 12, 14, 12, 13, 12, 10, 11, 10, 8, 7, 5, 4, 3, 4, 2, 1, 0];963
1157;15;1;5;[0, 1, 2, 3, 4, 6, 7, 8, 10, 11, 14];523;[0, 1, 2, 3, 4, 6, 7, 8, 10, 12, 13, 14, 11, 9, 7, 6, 5, 4, 3, 2, 1, 0];1122
1158;15;1;5;[0, 1, 2, 3, 4, 6, 8, 9, 11, 12, 13, 14];374;[0, 1, 2, 3, 4, 6, 8, 10, 11, 12, 13, 14, 13, 12, 11, 9, 8, 6, 7, 6, 5, 6, 4, 3, 2, 1, 2, 1, 0];896
1159;15;1;5;[0, 1, 2, 3, 5, 6, 7, 9, 10, 11, 12, 14];462;[0, 1, 2, 3, 5, 6, 7, 9, 10, 11, 12, 13, 14, 12, 11, 10, 8, 7, 6, 5, 3, 5, 4, 5, 3, 2, 1, 0];1189
1160;15;1;8;[0, 1, 4, 6, 7, 8, 9, 11, 13, 14];346;[0, 1, 3, 2, 3, 1, 4, 6, 7, 8, 9, 10, 12, 13, 14, 13, 11, 9, 8, 7, 5, 4, 1, 0];835
1161;15;1;8;[0, 1, 3, 5, 6, 7, 8, 9, 11, 12, 13, 14];510;[0, 1, 2, 4, 6, 7, 8, 9, 11, 12, 13, 14, 13, 12, 11, 10, 8, 7, 6, 4, 5, 3, 1, 0];1113
1162;15;1;8;[0, 3, 5, 6, 7, 8, 10, 12, 13, 14];208;[0, 3, 5, 6, 7, 8, 10, 11, 13, 14, 13, 12, 10, 8, 9, 7, 6, 5, 4, 5, 3, 2, 1, 2, 0];519
1163;15;1;8;[0, 1, 2, 4, 5, 7, 9, 10, 12, 14];297;[0, 1, 2, 3, 4, 5, 7, 9, 10, 12, 14, 12, 13, 11, 10, 9, 7, 5, 6, 5, 7, 8, 7, 5, 4, 2, 1, 0];811
1164;15;1;8;[0, 1, 3, 5, 9, 11, 12, 13, 14];310;[0, 1, 3, 5, 7, 8, 6, 4, 6, 8, 7, 10, 12, 13, 14, 13, 12, 11, 9, 5, 3, 2, 0];732
1165;15;1;8;[0, 1, 3, 5, 6, 7, 8, 9, 11, 12, 14];304;[0, 1, 3, 2, 3, 4, 5, 6, 7, 8, 9, 10, 11, 12, 13, 12, 14, 12, 11, 9, 8, 7, 6, 5, 3, 1, 0];809
1166;15;1;8;[0, 2, 4, 5, 7, 9, 10, 12, 14];287;[0, 1, 2, 4, 6, 8, 9, 10, 11, 13, 11, 10, 12, 14, 12, 10, 9, 7, 5, 4, 2, 3, 2, 0];904
1167;15;1;8;[0, 3, 5, 7, 9, 11, 13, 14];344;[0, 3, 5, 4, 5, 7, 9, 11, 13, 14, 13, 12, 11, 10, 8, 6, 7, 5, 3, 2, 1, 0];907
1168;15;1;8;[0, 1, 4, 5, 7, 9, 11, 13, 14];325;[0, 1, 4, 5, 6, 7, 9, 8, 9, 11, 13, 12, 14, 12, 10, 9, 7, 5, 4, 3, 2, 1, 0];905
1169;15;1;8;[0, 1, 3, 4, 6, 8, 9, 11, 12, 14];422;[0, 1, 3, 4, 5, 7, 8, 9, 11, 12, 14, 13, 12, 11, 10, 9, 8, 6, 4, 3, 2, 1, 0];1008
1170;15;1;13;[0, 2, 3, 5, 7, 9, 11, 12, 14];250;[0, 2, 4, 5, 6, 8, 10, 11, 13, 12, 14, 12, 11, 9, 7, 8, 6, 5, 3, 1, 3, 2, 0];619
1171;15;1;13;[0, 2, 4, 6, 8, 10, 12, 14];254;[0, 2, 4, 6, 7, 9, 11, 10, 12, 14, 12, 13, 11, 10, 8, 6, 7, 5, 3, 1, 0];704
1172;15;1;13;[0, 2, 4, 5, 6, 7, 8, 10, 12, 14];203;[0, 2, 4, 5, 6, 7, 9, 11, 13, 14, 12, 10, 8, 7, 6, 5, 4, 3, 2, 1, 2, 0];541
1173;15;1;13;[0, 2, 4, 7, 8, 10, 12, 14];299;[0, 2, 4, 7, 8, 9, 11, 12, 14, 13, 14, 12, 10, 9, 8, 6, 8, 7, 4, 5, 4, 2, 3, 1, 2, 0];815
1174;15;1;13;[0, 2, 3, 5, 6, 8, 10, 13, 14];314;[0, 2, 3, 5, 7, 9, 10, 13, 14, 12, 11, 9, 8, 6, 4, 1, 2, 0];778
1175;15;1;13;[0, 2, 3, 5, 6, 8, 9, 11, 12, 14];263;[0, 2, 3, 5, 4, 5, 6, 8, 10, 8, 9, 11, 12, 14, 13, 11, 9, 7, 8, 6, 5, 3, 1, 2, 0];753
1176;15;1;13;[0, 1, 3, 4, 5, 7, 9, 12, 14];244;[0, 2, 4, 5, 7, 9, 11, 13, 12, 14, 12, 10, 9, 7, 8, 6, 5, 4, 3, 1, 0];620
1177;15;1;13;[0, 1, 3, 4, 5, 7, 9, 11, 12, 14];298;[0, 2, 4, 5, 7, 9, 8, 6, 8, 9, 10, 12, 13, 14, 12, 11, 9, 7, 5, 4, 3, 1, 0];783
1178;15;1;13;[0, 1, 2, 4, 6, 9, 10, 12, 14];282;[0, 1, 3, 5, 7, 9, 10, 11, 12, 13, 14, 12, 10, 9, 7, 8, 7, 6, 4, 2, 1, 0];705
1179;15;1;13;[0, 2, 4, 6, 8, 9, 11, 14];256;[0, 1, 3, 4, 6, 8, 9, 11, 14, 13, 12, 10, 9, 7, 5, 4, 2, 0];830
1180;15;1;21;[0, 1, 3, 5, 7, 9, 10, 12, 14];242;[0, 2, 1, 3, 5, 6, 8, 9, 11, 9, 10, 12, 14, 12, 13, 12, 10, 9, 7, 5, 4, 5, 3, 1, 0];701
1181;15;1;21;[0, 2, 4, 6, 8, 10, 11, 13, 14];280;[0, 2, 4, 5, 6, 8, 10, 12, 10, 11, 13, 14, 13, 11, 9, 7, 6, 4, 3, 2, 1, 2, 0];754
1182;15;1;21;[0, 2, 4, 5, 7, 9, 11, 12, 14];198;[0, 1, 3, 4, 6, 7, 9, 8, 10, 12, 14, 13, 14, 12, 11, 9, 7, 5, 4, 2, 0];519
1183;15;1;21;[0, 2, 3, 4, 6, 7, 9, 10, 11, 12, 13, 14];164;[0, 2, 3, 4, 6, 7, 9, 10, 8, 10, 11, 12, 13, 14, 13, 12, 11, 10, 9, 7, 6, 5, 3, 1, 3, 2, 0];373
1184;15;1;21;[0, 3, 5, 7, 8, 10, 13, 14];232;[0, 2, 3, 5, 7, 9, 10, 13, 14, 13, 11, 12, 10, 8, 6, 4, 5, 3, 0, 1, 0];523
1185;15;1;21;[0, 1, 3, 4, 5, 7, 9, 11, 12, 14];244;[0, 2, 4, 5, 6, 8, 7, 9, 10, 12, 14, 13, 11, 9, 7, 5, 4, 3, 1, 0];665
1186;15;1;21;[0, 2, 4, 5, 7, 9, 11, 12, 14];212;[0, 2, 4, 6, 7, 9, 11, 13, 14, 12, 10, 8, 9, 11, 9, 7, 5, 4, 3, 2, 1, 0];657
1187;15;1;21;[0, 2, 4, 6, 8, 10, 12, 14];224;[0, 1, 2, 4, 6, 7, 9, 11, 12, 13, 14, 12, 10, 8, 6, 4, 5, 3, 5, 4, 2, 0];677
1188;15;1;21;[0, 2, 4, 6, 7, 9, 11, 12, 14];251;[0, 2, 4, 6, 7, 9, 11, 12, 13, 12, 14, 12, 10, 8, 6, 4, 5, 4, 2, 3, 1, 2, 0];717
1189;15;1;21;[0, 1, 3, 5, 8, 10, 12, 14];243;[0, 1, 3, 4, 5, 8, 9, 11, 13, 11, 12, 14, 12, 10, 8, 6, 7, 6, 5, 3, 2, 3, 1, 0];615
1190;15;2;1;-;-;-;-
1191;15;2;1;-;-;-;-
1192;15;2;1;-;-;-;-
1193;15;2;1;-;-;-;-
1194;15;2;1;-;-;-;-
1195;15;2;1;-;-;-;-
1196;15;2;1;-;-;-;-
1197;15;2;1;-;-;-;-
1198;15;2;1;-;-;-;-
1199;15;2;1;-;-;-;-
1200;15;2;2;[0, 1, 2, 4, 6, 8, 10, 14];251;[0, 1, 5, 4, 6, 9, 7, 11, 12, 13, 12, 11, 8, 10, 14, 10, 8, 6, 4, 3, 2, 1, 0];834
1201;15;2;2;[0, 1, 8, 7, 11, 13, 14];282;[0, 1, 8, 7, 6, 5, 4, 3, 4, 5, 6, 7, 11, 13, 14, 13, 11, 12, 10, 9, 8, 1, 2, 1, 0];797
1202;15;2;2;-;-;-;-
1203;15;2;2;-;-;-;-
1204;15;2;2;-;-;-;-
1205;15;2;2;-;-;-;-
1206;15;2;2;-;-;-;-
1207;15;2;2;-;-;-;-
1208;15;2;2;[0, 5, 7, 8, 12, 14];317;[0, 5, 7, 11, 7, 10, 7, 8, 12, 14, 12, 13, 12, 9, 6, 7, 4, 3, 2, 1, 2, 3, 4, 5, 0];1159
1209;15;2;2;-;-;-;-
1210;15;2;3;-;-;-;-
1211;15;2;3;-;-;-;-
1212;15;2;3;[0, 2, 8, 13, 14];181;[0, 2, 3, 1, 4, 5, 8, 13, 14, 13, 12, 10, 11, 10, 6, 5, 8, 9, 8, 7, 8, 2, 0];868
1213;15;2;3;[0, 3, 6, 5, 8, 12, 14];163;[0, 3, 6, 4, 6, 5, 7, 11, 12, 14, 12, 8, 9, 13, 10, 13, 9, 8, 5, 6, 3, 2, 1, 2, 3, 0];608
1214;15;2;3;[0, 1, 2, 7, 8, 12, 14];371;[0, 1, 2, 7, 8, 12, 10, 11, 12, 14, 13, 12, 8, 7, 6, 9, 6, 5, 3, 4, 2, 1, 0];1228
1215;15;2;3;[0, 3, 5, 7, 10, 11, 12, 14];246;[0, 4, 7, 9, 8, 9, 11, 12, 13, 14, 12, 11, 10, 7, 6, 5, 2, 1, 2, 5, 3, 0];924
1216;15;2;3;-;-;-;-
1217;15;2;3;[0, 3, 2, 4, 8, 11, 13, 14];233;[0, 3, 5, 8, 11, 13, 14, 12, 11, 13, 10, 9, 7, 8, 6, 8, 4, 2, 1, 2, 3, 0];661
1218;15;2;3;[0, 6, 7, 9, 10, 14];220;[0, 6, 7, 9, 10, 11, 13, 12, 13, 14, 10, 9, 7, 6, 8, 6, 3, 2, 5, 2, 4, 1, 0];757
1219;15;2;3;[0, 1, 3, 5, 6, 7, 10, 13, 14];370;[0, 1, 3, 5, 6, 8, 6, 7, 10, 13, 14, 13, 10, 12, 10, 11, 9, 4, 5, 3, 1, 2, 1, 0];1133
1220;15;2;5;[0, 2, 5, 6, 9, 11, 14];119;[0, 1, 3, 7, 8, 9, 6, 5, 6, 9, 11, 14, 11, 14, 13, 12, 13, 10, 9, 6, 5, 2, 4, 2, 0];570
1221;15;2;5;[0, 1, 5, 8, 11, 13, 14];198;[0, 1, 2, 3, 4, 6, 7, 8, 11, 12, 14, 13, 10, 9, 8, 5, 1, 0];639
1222;15;2;5;[0, 1, 3, 5, 10, 11, 14];124;[0, 1, 3, 5, 7, 12, 11, 14, 11, 10, 13, 9, 8, 6, 9, 7, 5, 3, 5, 4, 2, 4, 5, 3, 1, 0];426
1223;15;2;5;[0, 1, 3, 8, 10, 13, 14];339;[0, 1, 3, 8, 6, 7, 9, 12, 11, 14, 13, 11, 12, 10, 8, 7, 5, 2, 4, 3, 1, 0];858
1224;15;2;5;[0, 1, 3, 6, 8, 9, 13, 14];247;[0, 1, 3, 6, 8, 7, 8, 10, 11, 12, 14, 13, 9, 8, 6, 5, 4, 2, 3, 1, 0];682
1225;15;2;5;[0, 4, 8, 10, 13, 12, 14];152;[0, 1, 2, 3, 6, 8, 10, 13, 12, 14, 11, 9, 8, 7, 5, 7, 8, 4, 2, 1, 0];511
1226;15;2;5;[0, 1, 2, 6, 14];242;[0, 1, 2, 6, 8, 6, 9, 12, 14, 13, 14, 11, 10, 9, 7, 6, 5, 4, 3, 2, 1, 0];675
1227;15;2;5;[0, 1, 3, 5, 4, 8, 11, 12, 14];139;[0, 2, 4, 6, 4, 8, 11, 12, 14, 13, 10, 11, 8, 9, 8, 4, 5, 7, 5, 3, 1, 0];524
1228;15;2;5;[0, 2, 3, 6, 8, 11, 13, 14];160;[0, 2, 3, 5, 6, 8, 12, 8, 11, 13, 14, 13, 11, 10, 9, 7, 4, 2, 3, 1, 0];450
1229;15;2;5;[0, 2, 4, 7, 8, 10, 13, 14];237;[0, 1, 3, 5, 7, 8, 10, 13, 12, 11, 13, 14, 13, 9, 8, 7, 4, 2, 6, 2, 0];793
1230;15;2;8;[0, 2, 1, 4, 3, 5, 8, 12, 14];203;[0, 2, 1, 4, 3, 4, 7, 9, 8, 10, 13, 14, 13, 11, 12, 8, 5, 8, 6, 3, 4, 1, 2, 0];604
1231;15;2;8;[0, 2, 6, 7, 10, 11, 14];112;[0, 2, 6, 3, 6, 7, 10, 11, 14, 11, 12, 13, 9, 8, 4, 1, 4, 8, 5, 6, 2, 0];405
1232;15;2;8;[0, 1, 4, 7, 10, 13, 14];85;[0, 1, 3, 5, 6, 10, 13, 14, 13, 12, 11, 8, 4, 7, 9, 7, 4, 1, 0, 2, 0];385
1233;15;2;8;[0, 4, 3, 5, 7, 8, 13, 14];71;[0, 4, 3, 1, 3, 5, 7, 8, 10, 11, 9, 12, 13, 14, 13, 6, 2, 4, 0];397
1234;15;2;8;[0, 1, 5, 8, 11, 12, 14];237;[0, 2, 4, 6, 7, 8, 9, 11, 12, 14, 12, 11, 10, 13, 10, 7, 5, 1, 3, 1, 0];637
1235;15;2;8;[0, 2, 5, 9, 11, 14];139;[0, 1, 4, 5, 9, 12, 10, 12, 14, 13, 11, 8, 11, 9, 7, 9, 6, 9, 5, 3, 5, 2, 0];454
1236;15;2;8;[0, 2, 3, 7, 9, 13, 14];123;[0, 1, 4, 6, 8, 6, 7, 11, 12, 14, 13, 9, 10, 9, 7, 5, 7, 3, 2, 0];549
1237;15;2;8;[0, 2, 4, 6, 7, 8, 11, 14];101;[0, 2, 4, 6, 9, 7, 8, 11, 13, 11, 5, 11, 14, 12, 10, 7, 6, 4, 3, 1, 0];387
1238;15;2;8;[0, 1, 7, 12, 14];150;[0, 1, 7, 8, 9, 8, 12, 14, 11, 13, 10, 6, 9, 8, 7, 1, 3, 4, 5, 3, 0, 2, 0];393
1239;15;2;8;[0, 3, 6, 8, 10, 11, 14];153;[0, 3, 6, 8, 13, 12, 11, 14, 11, 9, 10, 8, 7, 4, 2, 3, 5, 3, 1, 0];441
1240;15;2;13;[0, 2, 3, 6, 9, 14];78;[0, 2, 3, 6, 9, 12, 13, 14, 9, 11, 10, 7, 10, 8, 5, 4, 5, 8, 6, 3, 1, 3, 2, 0];437
1241;15;2;13;[0, 4, 9, 11, 14];60;[0, 3, 6, 5, 2, 4, 9, 11, 9, 11, 12, 11, 13, 11, 14, 10, 8, 7, 6, 3, 1, 3, 0];250
1242;15;2;13;[0, 2, 1, 4, 10, 14];73;[0, 2, 5, 3, 6, 9, 11, 12, 7, 8, 7, 4, 10, 13, 10, 14, 10, 4, 1, 2, 0];405
1243;15;2;13;[0, 4, 9, 14];66;[0, 4, 9, 13, 9, 14, 11, 12, 10, 6, 10, 12, 11, 7, 4, 5, 8, 5, 3, 2, 0, 1, 0];405
1244;15;2;13;[0, 3, 7, 11, 14];81;[0, 3, 6, 3, 7, 11, 13, 12, 10, 8, 9, 8, 9, 11, 14, 11, 7, 4, 5, 3, 1, 2, 0];371
1245;15;2;13;[0, 3, 6, 11, 12, 14];113;[0, 5, 9, 6, 11, 12, 14, 13, 10, 8, 6, 7, 4, 3, 2, 3, 1, 3, 0];379
1246;15;2;13;[0, 2, 4, 6, 9, 11, 14];139;[0, 2, 4, 6, 9, 8, 9, 11, 12, 11, 14, 13, 9, 7, 10, 7, 9, 6, 5, 1, 3, 4, 2, 0];388
1247;15;2;13;[0, 3, 6, 8, 11, 14];89;[0, 4, 7, 6, 8, 11, 14, 11, 8, 10, 12, 10, 13, 9, 8, 6, 3, 5, 3, 2, 1, 3, 0];384
1248;15;2;13;[0, 1, 4, 7, 12, 11, 14];114;[0, 2, 0, 1, 3, 5, 7, 10, 11, 14, 13, 14, 11, 12, 9, 12, 7, 8, 7, 6, 4, 1, 0];466
1249;15;2;13;[0, 5, 8, 13, 14];129;[0, 5, 6, 5, 8, 13, 10, 13, 14, 11, 12, 9, 7, 4, 1, 2, 3, 0];479
1250;15;2;21;[0, 3, 4, 6, 8, 12, 14];98;[0, 2, 5, 1, 5, 9, 6, 7, 6, 8, 12, 13, 14, 12, 11, 12, 10, 4, 3, 0];295
1251;15;2;21;[0, 3, 4, 8, 10, 14];99;[0, 3, 4, 8, 10, 14, 10, 11, 13, 12, 9, 5, 7, 5, 4, 8, 4, 2, 6, 5, 1, 0];440
1252;15;2;21;[0, 4, 2, 5, 11, 14];40;[0, 1, 0, 3, 7, 5, 11, 14, 13, 14, 12, 11, 10, 11, 5, 2, 4, 8, 9, 8, 4, 6, 4, 0];263
1253;15;2;21;[0, 6, 10, 11, 12, 14];81;[0, 6, 10, 11, 12, 14, 12, 11, 7, 5, 7, 11, 8, 9, 13, 10, 6, 1, 4, 2, 0, 3, 0];449
1254;15;2;21;[0, 2, 1, 5, 10, 12, 14];96;[0, 2, 1, 5, 9, 13, 14, 12, 11, 8, 3, 6, 3, 8, 7, 10, 5, 1, 4, 1, 2, 0];310
1255;15;2;21;[0, 1, 4, 7, 9, 12, 10, 14];119;[0, 1, 4, 7, 11, 10, 14, 13, 10, 12, 9, 7, 8, 6, 8, 6, 5, 2, 5, 4, 1, 3, 1, 0];328
1256;15;2;21;[0, 2, 6, 5, 3, 8, 12, 13, 14];90;[0, 2, 6, 5, 4, 7, 11, 9, 12, 13, 14, 13, 10, 13, 12, 8, 3, 1, 3, 5, 6, 2, 0];248
1257;15;2;21;[0, 3, 4, 7, 10, 14];143;[0, 1, 0, 2, 5, 6, 5, 7, 8, 10, 14, 11, 12, 11, 9, 13, 9, 4, 3, 0];417
1258;15;2;21;[0, 2, 9, 14];52;[0, 5, 1, 4, 6, 8, 9, 11, 9, 10, 13, 12, 14, 9, 2, 9, 7, 3, 0];420
1259;15;2;21;[0, 2, 8, 11, 14];128;[0, 1, 4, 5, 10, 12, 13, 9, 7, 8, 11, 14, 11, 8, 5, 6, 3, 6, 2, 0];443
1260;15;3;1;-;-;-;-
1261;15;3;1;-;-;-;-
1262;15;3;1;-;-;-;-
1263;15;3;1;-;-;-;-
1264;15;3;1;-;-;-;-
1265;15;3;1;-;-;-;-
1266;15;3;1;-;-;-;-
1267;15;3;1;-;-;-;-
1268;15;3;1;-;-;-;-
1269;15;3;1;-;-;-;-
1270;15;3;2;[0, 1, 5, 3, 6, 8, 10, 14];305;-;-
1271;15;3;2;-;-;-;-
1272;15;3;2;-;-;-;-
1273;15;3;2;-;-;-;-
1274;15;3;2;-;-;-;-
1275;15;3;2;[0, 6, 8, 10, 11, 14];311;-;-
1276;15;3;2;[0, 6, 8, 10, 13, 14];156;-;-
1277;15;3;2;-;-;-;-
1278;15;3;2;[0, 2, 4, 3, 7, 9, 10, 13, 14];282;[0, 1, 0, 2, 4, 3, 7, 9, 12, 11, 9, 10, 13, 14, 6, 8, 5, 7, 3, 4, 2, 0];1050
1279;15;3;2;[0, 8, 11, 14];194;[0, 8, 11, 12, 13, 10, 13, 12, 11, 14, 7, 4, 5, 4, 2, 4, 1, 4, 3, 6, 9, 8, 0];1105
1280;15;3;3;-;-;-;-
1281;15;3;3;-;-;-;-
1282;15;3;3;[0, 4, 8, 9, 14];203;[0, 4, 8, 9, 14, 10, 13, 11, 12, 11, 5, 6, 7, 6, 2, 8, 4, 3, 1, 0];808
1283;15;3;3;[0, 1, 3, 5, 10, 14];244;[0, 1, 3, 4, 3, 5, 9, 8, 6, 7, 6, 5, 10, 12, 11, 13, 14, 10, 5, 3, 2, 0];800
1284;15;3;3;[0, 5, 12, 14];28;[0, 5, 12, 14, 12, 8, 9, 10, 8, 11, 8, 7, 4, 3, 2, 6, 1, 6, 8, 12, 13, 12, 5, 0];621
1285;15;3;3;[0, 1, 5, 10, 13, 14];305;[0, 1, 5, 10, 11, 10, 13, 14, 13, 12, 8, 6, 7, 4, 3, 2, 6, 7, 9, 5, 1, 0];902
1286;15;3;3;[0, 2, 1, 4, 7, 9, 14];177;[0, 3, 5, 11, 8, 10, 9, 14, 9, 12, 9, 13, 11, 5, 7, 4, 1, 2, 6, 2, 0];587
1287;15;3;3;[0, 2, 4, 5, 8, 12, 14];203;[0, 3, 4, 5, 8, 12, 14, 12, 13, 12, 11, 9, 10, 7, 6, 1, 6, 7, 8, 5, 4, 2, 0];878
1288;15;3;3;[0, 4, 1, 5, 8, 13, 14];176;[0, 4, 1, 5, 6, 3, 2, 3, 6, 7, 8, 13, 14, 11, 10, 9, 11, 14, 12, 13, 8, 5, 1, 4, 0];760
1289;15;3;3;[0, 4, 1, 2, 3, 6, 7, 14];243;-;-
1290;15;3;5;[0, 1, 2, 6, 11, 9, 14];133;[0, 5, 6, 2, 6, 11, 9, 12, 13, 14, 9, 10, 7, 8, 7, 4, 1, 4, 3, 0];491
1291;15;3;5;[0, 6, 10, 11, 14];186;[0, 6, 5, 8, 10, 11, 14, 13, 12, 11, 10, 8, 7, 9, 7, 2, 4, 1, 3, 0];531
1292;15;3;5;[0, 3, 2, 8, 12, 13, 14];93;[0, 3, 7, 5, 7, 8, 12, 9, 10, 14, 11, 13, 12, 6, 4, 8, 2, 3, 1, 0];334
1293;15;3;5;[0, 2, 6, 10, 12, 14];168;[0, 2, 1, 8, 12, 10, 12, 11, 13, 14, 9, 7, 5, 3, 5, 7, 10, 6, 4, 6, 2, 0];690
1294;15;3;5;[0, 5, 4, 10, 14];102;[0, 5, 4, 10, 4, 1, 4, 9, 11, 14, 11, 7, 11, 13, 12, 6, 8, 3, 2, 0];516
1295;15;3;5;[0, 3, 5, 9, 6, 12, 14];99;[0, 3, 2, 1, 2, 3, 4, 3, 7, 9, 6, 10, 13, 12, 14, 11, 8, 6, 9, 5, 3, 0];449
1296;15;3;5;[0, 7, 14];52;[0, 1, 0, 7, 5, 2, 5, 8, 10, 14, 12, 13, 12, 11, 9, 11, 6, 4, 3, 7, 0];545
1297;15;3;5;[0, 2, 6, 4, 10, 9, 13, 12, 14];98;[0, 1, 0, 2, 6, 7, 3, 7, 5, 8, 11, 12, 14, 12, 11, 13, 9, 10, 4, 6, 2, 0];329
1298;15;3;5;[0, 2, 4, 5, 8, 12, 13, 14];119;[0, 2, 4, 6, 4, 5, 8, 12, 13, 14, 10, 11, 9, 7, 3, 2, 1, 0];363
1299;15;3;5;-;-;-;-
1300;15;3;8;[0, 5, 3, 8, 14];93;[0, 5, 3, 8, 10, 11, 12, 14, 13, 9, 10, 8, 3, 5, 7, 5, 2, 6, 4, 1, 0];433
1301;15;3;8;[0, 1, 4, 7, 10, 11, 9, 12, 14];73;[0, 1, 2, 5, 3, 6, 3, 8, 3, 7, 10, 11, 9, 11, 13, 11, 9, 12, 14, 12, 9, 11, 10, 7, 4, 1, 0];365
1302;15;3;8;[0, 3, 4, 7, 10, 14];105;[0, 3, 13, 12, 14, 12, 9, 11, 8, 10, 7, 6, 7, 5, 2, 5, 1, 5, 7, 4, 3, 0];354
1303;15;3;8;[0, 3, 1, 6, 12, 14];90;[0, 3, 5, 8, 13, 8, 6, 12, 10, 12, 14, 12, 6, 9, 6, 4, 7, 11, 7, 4, 6, 1, 3, 2, 3, 0];348
1304;15;3;8;[0, 3, 8, 11, 10, 13, 14];122;[0, 2, 1, 6, 7, 5, 11, 10, 12, 13, 14, 13, 10, 11, 8, 4, 6, 9, 6, 1, 3, 0];400
1305;15;3;8;[0, 2, 7, 6, 11, 14];91;[0, 3, 1, 3, 5, 4, 5, 4, 6, 11, 14, 12, 13, 11, 9, 8, 10, 7, 2, 0];259
1306;15;3;8;[0, 1, 6, 7, 9, 10, 14];62;[0, 1, 6, 1, 6, 7, 13, 12, 11, 12, 10, 14, 10, 9, 7, 5, 3, 5, 4, 2, 4, 8, 6, 1, 0];285
1307;15;3;8;[0, 3, 2, 5, 6, 11, 14];107;[0, 1, 4, 7, 8, 7, 10, 7, 12, 13, 14, 11, 9, 7, 6, 5, 2, 3, 0];503
1308;15;3;8;[0, 7, 8, 10, 11, 14];126;[0, 2, 4, 7, 8, 7, 13, 10, 11, 14, 11, 12, 6, 9, 5, 3, 0, 1, 0];417
1309;15;3;8;[0, 2, 4, 10, 14];54;[0, 3, 1, 7, 9, 7, 12, 14, 10, 13, 10, 6, 8, 11, 8, 5, 7, 4, 2, 0];452
1310;15;3;13;[0, 4, 7, 6, 9, 14];21;[0, 2, 7, 11, 12, 10, 13, 10, 12, 10, 3, 10, 14, 9, 14, 9, 6, 5, 6, 7, 4, 8, 4, 1, 4, 0];260
1311;15;3;13;[0, 7, 9, 14];44;[0, 4, 6, 5, 2, 3, 1, 3, 8, 13, 10, 14, 11, 12, 8, 9, 7, 0];284
1312;15;3;13;[0, 7, 11, 13, 14];30;[0, 4, 1, 4, 6, 10, 6, 3, 5, 2, 6, 11, 13, 14, 9, 14, 13, 11, 12, 8, 7, 0];137
1313;15;3;13;[0, 9, 14];100;[0, 3, 1, 2, 5, 2, 4, 10, 14, 11, 13, 6, 7, 8, 12, 8, 9, 0, 3, 0];355
1314;15;3;13;[0, 4, 6, 10, 14];115;[0, 5, 7, 3, 4, 6, 4, 3, 8, 12, 11, 12, 10, 14, 13, 14, 9, 2, 7, 3, 1, 0];346
1315;15;3;13;[0, 1, 5, 9, 12, 14];67;[0, 1, 4, 10, 14, 12, 9, 13, 6, 8, 6, 13, 11, 3, 7, 2, 6, 5, 1, 0];214
1316;15;3;13;[0, 9, 14];50;[0, 3, 7, 10, 14, 11, 6, 5, 1, 5, 8, 4, 3, 7, 12, 13, 12, 7, 3, 0, 9, 0, 3, 7, 2, 3, 0];259
1317;15;3;13;[0, 4, 7, 12, 10, 14];117;[0, 2, 1, 2, 3, 4, 7, 12, 9, 12, 9, 13, 9, 5, 9, 12, 10, 14, 11, 6, 8, 6, 7, 4, 0];418
1318;15;3;13;[0, 5, 6, 9, 14];29;[0, 2, 0, 5, 1, 5, 6, 9, 14, 9, 13, 10, 13, 12, 11, 5, 7, 5, 6, 4, 6, 8, 6, 5, 3, 5, 0];250
1319;15;3;13;[0, 1, 7, 13, 11, 14];33;[0, 1, 3, 5, 4, 5, 9, 11, 14, 12, 14, 11, 13, 7, 1, 2, 10, 8, 10, 6, 7, 1, 0];388
1320;15;3;21;[0, 2, 6, 11, 14];43;[0, 2, 6, 11, 6, 1, 3, 8, 4, 8, 10, 9, 14, 12, 13, 5, 10, 7, 10, 2, 0];268
1321;15;3;21;[0, 1, 3, 7, 14];72;[0, 1, 3, 7, 14, 11, 14, 13, 9, 10, 6, 3, 8, 12, 2, 12, 5, 9, 4, 1, 0];275
1322;15;3;21;[0, 1, 7, 9, 14];17;[0, 1, 7, 5, 3, 2, 3, 6, 11, 14, 11, 13, 12, 8, 4, 10, 11, 6, 9, 7, 1, 7, 1, 0];251
1323;15;3;21;[0, 5, 7, 2, 8, 9, 11, 14];63;[0, 5, 7, 4, 6, 10, 13, 11, 14, 12, 11, 9, 8, 2, 7, 5, 3, 1, 0];232
1324;15;3;21;[0, 7, 10, 14];51;[0, 7, 6, 7, 10, 14, 10, 12, 10, 4, 9, 13, 9, 4, 3, 1, 5, 8, 5, 11, 7, 2, 0];383
1325;15;3;21;[0, 6, 13, 14];69;[0, 1, 3, 2, 3, 5, 9, 12, 5, 11, 5, 4, 6, 13, 14, 10, 13, 6, 7, 6, 8, 6, 0];388
1326;15;3;21;[0, 6, 4, 2, 8, 14];84;[0, 3, 8, 11, 10, 11, 10, 9, 12, 14, 8, 13, 8, 2, 4, 6, 7, 5, 7, 1, 7, 6, 0];307
1327;15;3;21;[0, 8, 7, 14];30;[0, 8, 7, 13, 7, 14, 11, 14, 10, 6, 7, 4, 1, 3, 8, 0, 5, 9, 5, 0, 8, 12, 8, 0, 2, 0, 8, 0];305
1328;15;3;21;[0, 4, 10, 7, 12, 13, 14];68;[0, 1, 4, 9, 6, 11, 10, 7, 10, 8, 10, 7, 12, 13, 14, 13, 12, 7, 10, 4, 3, 4, 2, 5, 0];277
1329;15;3;21;[0, 3, 7, 13, 10, 14];55;[0, 3, 7, 13, 10, 13, 10, 6, 9, 14, 11, 14, 12, 5, 4, 6, 10, 13, 8, 2, 3, 1, 3, 0];238
1330;15;5;1;-;-;-;-
1331;15;5;1;-;-;-;-
1332;15;5;1;-;-;-;-
1333;15;5;1;-;-;-;-
1334;15;5;1;-;-;-;-
1335;15;5;1;-;-;-;-
1336;15;5;1;-;-;-;-
1337;15;5;1;[0, 6, 1, 10, 4, 9, 14];255;-;-
1338;15;5;1;-;-;-;-
1339;15;5;1;-;-;-;-
1340;15;5;2;-;-;-;-
1341;15;5;2;[0, 1, 9, 5, 7, 14];102;-;-
1342;15;5;2;-;-;-;-
1343;15;5;2;-;-;-;-
1344;15;5;2;-;-;-;-
1345;15;5;2;-;-;-;-
1346;15;5;2;-;-;-;-
1347;15;5;2;[0, 4, 11, 9, 14];234;-;-
1348;15;5;2;[0, 7, 5, 8, 10, 14];107;-;-
1349;15;5;2;-;-;-;-
1350;15;5;3;[0, 1, 4, 7, 12, 14];126;[0, 6, 0, 2, 1, 4, 7, 12, 14, 12, 8, 12, 7, 12, 10, 9, 13, 9, 10, 11, 5, 3, 1, 0];751
1351;15;5;3;[0, 2, 10, 14];103;-;-
1352;15;5;3;[0, 2, 11, 14];160;-;-
1353;15;5;3;[0, 1, 2, 5, 8, 11, 14];335;-;-
1354;15;5;3;-;-;-;-
1355;15;5;3;[0, 6, 11, 14];132;[0, 9, 5, 9, 4, 9, 2, 9, 3, 7, 3, 1, 3, 6, 11, 14, 12, 8, 12, 10, 13, 9, 0];833
1356;15;5;3;[0, 3, 6, 14];156;-;-
1357;15;5;3;[0, 1, 10, 14];105;-;-
1358;15;5;3;[0, 2, 6, 14];142;-;-
1359;15;5;3;[0, 1, 4, 7, 14];121;-;-
1360;15;5;5;[0, 2, 6, 8, 13, 14];93;[0, 7, 4, 1, 4, 6, 8, 9, 12, 8, 13, 14, 11, 14, 13, 10, 13, 3, 5, 6, 2, 0];566
1361;15;5;5;[0, 3, 9, 14];116;[0, 1, 2, 4, 2, 9, 14, 9, 6, 8, 5, 8, 7, 10, 3, 12, 11, 12, 13, 12, 3, 0];486
1362;15;5;5;[0, 7, 11, 12, 14];135;[0, 6, 3, 8, 9, 1, 9, 13, 11, 12, 11, 10, 14, 4, 5, 11, 7, 2, 7, 0];611
1363;15;5;5;[0, 7, 14];57;[0, 1, 11, 13, 10, 6, 10, 5, 3, 5, 10, 4, 2, 4, 9, 12, 14, 7, 8, 7, 0];772
1364;15;5;5;[0, 1, 4, 11, 14];131;[0, 1, 4, 5, 6, 11, 14, 10, 14, 10, 5, 2, 7, 13, 9, 13, 7, 2, 3, 12, 8, 1, 0];459
1365;15;5;5;[0, 2, 6, 7, 14];101;[0, 3, 1, 4, 1, 3, 6, 7, 14, 12, 8, 12, 11, 10, 7, 9, 13, 9, 5, 0, 2, 0];479
1366;15;5;5;[0, 5, 8, 11, 14];96;[0, 3, 7, 3, 4, 2, 4, 10, 12, 14, 12, 13, 11, 8, 9, 6, 5, 6, 1, 6, 5, 0];453
1367;15;5;5;[0, 1, 11, 14];102;[0, 1, 8, 7, 10, 9, 11, 14, 12, 14, 11, 1, 6, 7, 4, 5, 13, 5, 3, 2, 0];621
1368;15;5;5;[0, 7, 4, 10, 14];146;[0, 7, 5, 8, 11, 13, 9, 6, 10, 12, 10, 14, 2, 14, 10, 4, 3, 1, 3, 4, 7, 0];694
1369;15;5;5;[0, 6, 10, 9, 14];85;[0, 8, 11, 10, 9, 4, 9, 10, 12, 5, 3, 14, 13, 7, 1, 6, 2, 0];620
1370;15;5;8;[0, 8, 3, 6, 12, 14];68;[0, 2, 7, 2, 1, 5, 1, 2, 4, 11, 13, 10, 9, 12, 14, 12, 6, 3, 8, 0];287
1371;15;5;8;[0, 2, 14];62;[0, 1, 9, 1, 0, 2, 6, 7, 5, 6, 11, 3, 4, 10, 13, 14, 13, 12, 8, 2, 0];378
1372;15;5;8;[0, 2, 10, 7, 9, 13, 14];66;[0, 2, 10, 12, 14, 13, 9, 11, 9, 6, 9, 7, 5, 7, 8, 4, 3, 1, 3, 8, 10, 2, 0];381
1373;15;5;8;[0, 3, 7, 9, 11, 14];25;[0, 1, 5, 13, 10, 4, 10, 12, 7, 9, 11, 14, 11, 8, 7, 2, 7, 3, 6, 3, 0];288
1374;15;5;8;[0, 7, 10, 11, 14];103;[0, 5, 2, 1, 4, 8, 12, 8, 9, 3, 6, 3, 7, 10, 13, 14, 11, 10, 7, 0];383
1375;15;5;8;[0, 8, 6, 12, 14];60;[0, 8, 13, 8, 10, 3, 2, 1, 3, 4, 6, 12, 11, 12, 14, 12, 7, 9, 5, 0];359
1376;15;5;8;[0, 2, 5, 14];19;[0, 2, 8, 2, 5, 14, 11, 6, 7, 4, 1, 3, 9, 6, 13, 12, 13, 6, 10, 6, 5, 2, 0];243
1377;15;5;8;[0, 14];52;[0, 9, 10, 11, 10, 6, 14, 4, 2, 4, 3, 1, 13, 12, 5, 8, 5, 12, 5, 7, 0];468
1378;15;5;8;[0, 4, 9, 13, 14];32;[0, 4, 7, 6, 11, 6, 9, 13, 14, 13, 10, 8, 10, 13, 9, 5, 9, 12, 1, 2, 3, 7, 4, 0];185
1379;15;5;8;[0, 3, 2, 4, 7, 14];71;[0, 8, 12, 13, 12, 10, 9, 5, 9, 10, 2, 6, 11, 7, 14, 7, 4, 1, 4, 2, 3, 0];413
1380;15;5;13;[0, 3, 9, 13, 14];41;[0, 7, 6, 9, 13, 14, 13, 9, 8, 1, 2, 7, 4, 11, 10, 12, 10, 3, 5, 3, 0];282
1381;15;5;13;[0, 8, 14];51;[0, 6, 2, 1, 5, 11, 9, 13, 7, 5, 3, 8, 12, 10, 14, 4, 8, 0];275
1382;15;5;13;[0, 7, 4, 9, 6, 14];44;[0, 7, 4, 9, 5, 10, 5, 9, 6, 14, 6, 1, 11, 1, 8, 12, 3, 7, 13, 2, 7, 0];295
1383;15;5;13;[0, 1, 7, 14];34;[0, 2, 12, 14, 7, 9, 8, 9, 4, 13, 6, 11, 10, 3, 8, 5, 1, 0];206
1384;15;5;13;[0, 8, 5, 14];18;[0, 8, 5, 14, 5, 13, 7, 10, 6, 2, 6, 4, 12, 11, 3, 4, 9, 4, 6, 1, 6, 5, 8, 0];238
1385;15;5;13;[0, 12, 13, 14];35;[0, 12, 13, 10, 4, 10, 13, 9, 13, 14, 11, 14, 13, 10, 8, 10, 13, 10, 7, 2, 7, 10, 4, 3, 6, 3, 5, 1, 0];205
1386;15;5;13;[0, 3, 8, 11, 6, 14];15;[0, 3, 9, 3, 8, 11, 6, 14, 6, 10, 13, 10, 12, 7, 2, 7, 1, 5, 0, 4, 0];238
1387;15;5;13;[0, 5, 11, 14];79;[0, 2, 4, 8, 9, 12, 7, 5, 3, 5, 1, 5, 9, 10, 13, 14, 11, 6, 4, 2, 0];323
1388;15;5;13;[0, 4, 14];47;[0, 2, 0, 3, 9, 8, 9, 5, 14, 5, 10, 5, 11, 7, 1, 7, 12, 13, 12, 6, 4, 0];348
1389;15;5;13;[0, 4, 13, 14];64;[0, 3, 14, 13, 9, 10, 4, 12, 4, 5, 4, 13, 8, 6, 8, 7, 11, 2, 1, 0];305
1390;15;5;21;[0, 8, 13, 14];35;[0, 8, 13, 5, 10, 5, 2, 4, 2, 12, 11, 1, 12, 13, 14, 6, 7, 9, 3, 9, 3, 0];301
1391;15;5;21;[0, 1, 8, 11, 10, 14];39;[0, 1, 8, 12, 8, 11, 10, 14, 10, 11, 10, 13, 6, 5, 4, 2, 9, 7, 9, 3, 1, 0];120
1392;15;5;21;[0, 4, 14];19;[0, 7, 9, 6, 10, 3, 13, 7, 2, 7, 12, 1, 5, 1, 8, 11, 14, 4, 0];118
1393;15;5;21;[0, 8, 7, 10, 14];25;[0, 6, 14, 10, 14, 11, 12, 4, 14, 10, 13, 5, 1, 5, 2, 10, 7, 3, 7, 9, 7, 8, 0];220
1394;15;5;21;[0, 5, 14];40;[0, 4, 6, 3, 8, 13, 10, 13, 7, 12, 14, 5, 11, 9, 11, 1, 8, 2, 6, 4, 0];214
1395;15;5;21;[0, 12, 14];17;[0, 3, 4, 5, 1, 5, 9, 10, 2, 7, 2, 10, 14, 11, 6, 13, 6, 8, 10, 12, 0];123
1396;15;5;21;[0, 6, 12, 14];39;[0, 3, 1, 8, 13, 4, 11, 4, 5, 12, 6, 12, 9, 14, 2, 7, 10, 3, 0];218
1397;15;5;21;[0, 3, 8, 14];42;[0, 3, 1, 3, 8, 13, 5, 9, 10, 9, 6, 14, 4, 11, 4, 11, 12, 8, 3, 7, 3, 8, 3, 9, 2, 0];197
1398;15;5;21;[0, 14];7;[0, 7, 8, 13, 6, 9, 14, 4, 14, 0, 1, 0, 7, 5, 7, 8, 10, 12, 10, 11, 3, 2, 0, 7, 8, 10, 8, 7, 0];152
1399;15;5;21;[0, 4, 11, 12, 14];17;[0, 4, 11, 9, 13, 5, 7, 5, 12, 10, 2, 10, 12, 11, 4, 3, 4, 11, 12, 14, 8, 1, 6, 0];175
1400;15;8;1;-;-;-;-
1401;15;8;1;[0, 1, 6, 14];213;-;-
1402;15;8;1;-;-;-;-
1403;15;8;1;-;-;-;-
1404;15;8;1;-;-;-;-
1405;15;8;1;-;-;-;-
1406;15;8;1;[0, 12, 14];67;-;-
1407;15;8;1;-;-;-;-
1408;15;8;1;-;-;-;-
1409;15;8;1;-;-;-;-
1410;15;8;2;[0, 11, 14];165;-;-
1411;15;8;2;-;-;-;-
1412;15;8;2;-;-;-;-
1413;15;8;2;[0, 5, 6, 9, 11, 14];299;-;-
1414;15;8;2;-;-;-;-
1415;15;8;2;-;-;-;-
1416;15;8;2;-;-;-;-
1417;15;8;2;-;-;-;-
1418;15;8;2;[0, 4, 1, 5, 14];179;-;-
1419;15;8;2;-;-;-;-
1420;15;8;3;-;-;-;-
1421;15;8;3;-;-;-;-
1422;15;8;3;[0, 12, 5, 7, 14];165;[0, 12, 3, 6, 11, 13, 10, 9, 8, 4, 8, 1, 8, 4, 7, 14, 7, 2, 7, 5, 12, 0];791
1423;15;8;3;[0, 9, 10, 14];88;[0, 12, 5, 6, 5, 12, 11, 8, 10, 14, 10, 9, 0, 2, 0, 9, 13, 3, 1, 4, 1, 7, 1, 0];939
1424;15;8;3;[0, 1, 6, 8, 9, 14];206;[0, 1, 6, 8, 9, 14, 9, 11, 13, 12, 10, 7, 4, 2, 4, 7, 8, 6, 3, 6, 1, 5, 1, 0];725
1425;15;8;3;[0, 4, 5, 8, 1, 11, 12, 14];210;[0, 4, 5, 8, 1, 11, 12, 14, 12, 7, 6, 10, 13, 9, 13, 10, 6, 3, 6, 2, 4, 0];622
1426;15;8;3;[0, 8, 14];67;[0, 1, 4, 5, 11, 13, 14, 8, 7, 8, 0, 1, 10, 6, 9, 3, 12, 2, 5, 4, 1, 0];510
1427;15;8;3;-;-;-;-
1428;15;8;3;[0, 12, 14];77;[0, 12, 9, 12, 14, 11, 3, 4, 5, 4, 13, 10, 7, 10, 6, 8, 6, 10, 2, 10, 1, 10, 12, 0];1049
1429;15;8;3;[0, 14];19;-;-
1430;15;8;5;[0, 1, 14];55;[0, 6, 13, 7, 8, 7, 13, 11, 9, 10, 12, 7, 3, 4, 2, 4, 5, 1, 14, 1, 0];614
1431;15;8;5;[0, 11, 14];45;[0, 11, 12, 10, 8, 11, 14, 11, 13, 2, 6, 9, 3, 7, 2, 1, 4, 5, 4, 0];584
1432;15;8;5;[0, 4, 8, 11, 14];108;[0, 5, 0, 1, 6, 7, 6, 2, 9, 10, 9, 3, 11, 14, 11, 8, 13, 8, 12, 8, 4, 0];562
1433;15;8;5;[0, 6, 14];122;[0, 6, 12, 8, 13, 8, 1, 5, 4, 10, 4, 7, 6, 12, 11, 9, 2, 14, 6, 3, 6, 0];682
1434;15;8;5;[0, 2, 14];58;[0, 2, 14, 2, 6, 13, 6, 10, 11, 8, 9, 10, 12, 1, 12, 3, 4, 7, 4, 8, 5, 0];793
1435;15;8;5;[0, 6, 14];98;[0, 6, 5, 2, 12, 14, 12, 4, 8, 4, 6, 7, 13, 7, 1, 11, 9, 11, 3, 10, 6, 0];721
1436;15;8;5;[0, 2, 11, 14];84;[0, 2, 10, 8, 4, 6, 7, 5, 7, 6, 9, 1, 3, 12, 3, 1, 9, 1, 13, 14, 11, 2, 0];774
1437;15;8;5;-;-;-;-
1438;15;8;5;[0, 7, 5, 13, 14];56;[0, 7, 5, 13, 11, 10, 8, 9, 13, 14, 12, 6, 4, 6, 2, 3, 1, 7, 0];428
1439;15;8;5;[0, 11, 13, 9, 12, 5, 7, 14];125;[0, 11, 13, 2, 13, 9, 10, 9, 8, 3, 8, 9, 12, 6, 12, 5, 7, 14, 7, 4, 1, 11, 0];665
1440;15;8;8;[0, 14];46;[0, 5, 9, 2, 7, 10, 12, 10, 6, 13, 6, 9, 8, 1, 8, 3, 14, 3, 4, 11, 0];439
1441;15;8;8;[0, 11, 14];68;[0, 6, 8, 11, 12, 11, 14, 13, 10, 7, 5, 2, 9, 11, 5, 7, 1, 3, 4, 6, 0];442
1442;15;8;8;[0, 9, 14];100;[0, 7, 5, 6, 9, 12, 9, 14, 8, 4, 7, 11, 10, 13, 2, 3, 1, 0];423
1443;15;8;8;[0, 6, 4, 11, 14];45;[0, 3, 10, 4, 11, 14, 11, 4, 7, 12, 7, 8, 7, 5, 7, 1, 2, 6, 9, 13, 9, 0];371
1444;15;8;8;[0, 2, 3, 11, 13, 14];79;[0, 2, 3, 11, 12, 13, 14, 13, 11, 6, 4, 10, 7, 8, 7, 9, 5, 1, 6, 4, 3, 2, 0];470
1445;15;8;8;[0, 14];2;[0, 9, 2, 3, 8, 11, 7, 5, 6, 10, 12, 1, 11, 8, 4, 13, 9, 14, 0];306
1446;15;8;8;[0, 4, 5, 11, 8, 14];49;[0, 4, 1, 2, 11, 5, 11, 8, 12, 8, 14, 9, 6, 7, 10, 13, 10, 7, 3, 5, 4, 0];285
1447;15;8;8;[0, 6, 1, 13, 12, 14];41;[0, 7, 10, 6, 1, 13, 12, 14, 9, 14, 12, 11, 5, 11, 3, 11, 2, 8, 4, 6, 0];390
1448;15;8;8;[0, 5, 3, 14];57;[0, 5, 3, 14, 3, 12, 10, 2, 1, 13, 8, 7, 8, 11, 8, 4, 9, 6, 9, 4, 8, 11, 3, 5, 0];381
1449;15;8;8;[0, 12, 10, 2, 14];74;[0, 12, 7, 10, 9, 3, 9, 6, 13, 8, 10, 2, 5, 2, 14, 11, 4, 1, 12, 0];320
1450;15;8;13;[0, 13, 12, 14];9;[0, 9, 0, 6, 1, 5, 10, 12, 14, 8, 7, 3, 4, 3, 14, 8, 14, 12, 13, 11, 13, 2, 13, 0];231
1451;15;8;13;[0, 2, 14];29;[0, 12, 10, 13, 8, 6, 3, 6, 3, 7, 11, 2, 14, 9, 5, 4, 5, 1, 0];207
1452;15;8;13;[0, 5, 9, 11, 14];45;[0, 3, 12, 13, 12, 3, 7, 14, 11, 9, 8, 9, 5, 9, 4, 10, 4, 6, 1, 2, 5, 0];341
1453;15;8;13;[0, 7, 12, 14];85;[0, 1, 8, 3, 8, 2, 10, 13, 14, 12, 7, 9, 4, 6, 11, 6, 2, 5, 0];390
1454;15;8;13;[0, 5, 14];33;[0, 5, 14, 5, 8, 2, 1, 2, 8, 10, 11, 3, 9, 13, 4, 13, 9, 7, 12, 7, 6, 7, 0];416
1455;15;8;13;[0, 6, 12, 3, 14];24;[0, 4, 6, 12, 3, 12, 6, 7, 13, 11, 3, 14, 8, 9, 5, 2, 1, 10, 14, 3, 12, 6, 0];242
1456;15;8;13;[0, 6, 12, 14];7;[0, 6, 12, 13, 11, 8, 12, 14, 4, 14, 9, 1, 2, 12, 6, 0, 10, 3, 5, 0, 6, 7, 6, 0];343
1457;15;8;13;[0, 8, 11, 14];54;[0, 3, 8, 11, 14, 10, 14, 11, 2, 7, 1, 7, 6, 4, 6, 13, 9, 7, 12, 5, 0];235
1458;15;8;13;[0, 11, 9, 10, 13, 14];52;[0, 3, 12, 8, 12, 8, 10, 9, 10, 6, 10, 8, 4, 8, 10, 13, 14, 5, 14, 5, 1, 7, 2, 9, 11, 0];218
1459;15;8;13;[0, 14];27;[0, 2, 3, 6, 3, 14, 1, 4, 5, 11, 10, 11, 5, 0, 9, 12, 13, 7, 8, 7, 13, 12, 9, 0];306
1460;15;8;21;[0, 2, 8, 14];24;[0, 9, 12, 8, 14, 8, 1, 10, 1, 5, 2, 6, 3, 6, 2, 7, 11, 7, 13, 4, 2, 0];291
1461;15;8;21;[0, 1, 14];37;[0, 1, 3, 8, 2, 4, 2, 7, 11, 8, 5, 10, 5, 8, 2, 9, 14, 12, 13, 6, 0];228
1462;15;8;21;[0, 7, 11, 14];26;[0, 2, 13, 14, 11, 5, 11, 10, 11, 8, 11, 12, 6, 1, 6, 12, 11, 9, 7, 3, 7, 0, 4, 0];138
1463;15;8;21;[0, 5, 14];35;[0, 10, 8, 11, 2, 4, 6, 8, 7, 13, 1, 3, 5, 14, 5, 0, 12, 0, 9, 0];339
1464;15;8;21;[0, 4, 7, 14];13;[0, 3, 1, 12, 2, 6, 2, 12, 1, 10, 13, 9, 13, 5, 10, 11, 8, 14, 7, 4, 0];190
1465;15;8;21;[0, 10, 11, 14];13;[0, 13, 4, 1, 6, 12, 6, 8, 5, 9, 3, 6, 7, 2, 7, 14, 11, 10, 0];178
1466;15;8;21;[0, 4, 6, 11, 14];43;[0, 10, 5, 9, 5, 2, 6, 11, 14, 7, 14, 11, 14, 11, 13, 12, 8, 3, 1, 3, 6, 4, 0];200
1467;15;8;21;[0, 4, 13, 14];11;[0, 4, 13, 9, 11, 9, 13, 14, 13, 5, 13, 3, 13, 4, 2, 1, 2, 12, 10, 12, 2, 6, 2, 7, 2, 1, 8, 1, 2, 12, 2, 4, 2, 4, 0];114
1468;15;8;21;[0, 8, 13, 7, 14];46;[0, 3, 2, 13, 8, 13, 10, 4, 11, 14, 7, 12, 7, 1, 7, 5, 9, 6, 13, 8, 0];293
1469;15;8;21;[0, 5, 10, 7, 14];30;[0, 5, 3, 5, 4, 11, 8, 4, 9, 7, 14, 7, 10, 5, 3, 12, 13, 2, 6, 1, 3, 5, 0];196
1470;15;13;1;-;-;-;-
1471;15;13;1;-;-;-;-
1472;15;13;1;-;-;-;-
1473;15;13;1;-;-;-;-
1474;15;13;1;-;-;-;-
1475;15;13;1;-;-;-;-
1476;15;13;1;-;-;-;-
1477;15;13;1;-;-;-;-
1478;15;13;1;[0, 14];43;-;-
1479;15;13;1;-;-;-;-
1480;15;13;2;-;-;-;-
1481;15;13;2;-;-;-;-
1482;15;13;2;-;-;-;-
1483;15;13;2;-;-;-;-
1484;15;13;2;-;-;-;-
1485;15;13;2;[0, 6, 11, 10, 1, 14];251;[0, 6, 11, 10, 1, 14, 1, 4, 8, 9, 3, 9, 8, 4, 11, 6, 5, 13, 7, 13, 5, 6, 0, 12, 2, 12, 0];1620
1486;15;13;2;-;-;-;-
1487;15;13;2;-;-;-;-
1488;15;13;2;-;-;-;-
1489;15;13;2;-;-;-;-
1490;15;13;3;-;-;-;-
1491;15;13;3;[0, 13, 14];21;-;-
1492;15;13;3;[0, 1, 10, 14];148;-;-
1493;15;13;3;[0, 10, 8, 5, 12, 6, 14];247;-;-
1494;15;13;3;[0, 4, 14];171;-;-
1495;15;13;3;-;-;-;-
1496;15;13;3;-;-;-;-
1497;15;13;3;[0, 5, 13, 8, 9, 12, 14];189;-;-
1498;15;13;3;[0, 3, 14];76;-;-
1499;15;13;3;-;-;-;-
1500;15;13;5;-;-;-;-
1501;15;13;5;[0, 4, 12, 14];162;[0, 4, 10, 7, 11, 6, 2, 6, 14, 12, 11, 9, 11, 7, 10, 5, 13, 1, 3, 1, 13, 5, 10, 4, 8, 4, 0];1061
1502;15;13;5;[0, 1, 3, 14];138;[0, 1, 6, 4, 2, 3, 14, 12, 11, 10, 5, 13, 9, 13, 8, 7, 8, 7, 11, 0];763
1503;15;13;5;[0, 14];77;-;-
1504;15;13;5;[0, 5, 12, 13, 14];167;[0, 3, 4, 13, 14, 13, 10, 13, 9, 13, 12, 5, 11, 6, 11, 5, 2, 8, 1, 8, 7, 5, 0];1182
1505;15;13;5;[0, 12, 7, 9, 14];201;-;-
1506;15;13;5;-;-;-;-
1507;15;13;5;[0, 10, 9, 5, 14];152;[0, 4, 6, 4, 1, 11, 7, 13, 2, 13, 7, 11, 1, 12, 9, 8, 5, 3, 5, 14, 5, 9, 10, 0];713
1508;15;13;5;[0, 14];80;-;-
1509;15;13;5;[0, 4, 8, 11, 14];61;[0, 4, 8, 1, 5, 13, 6, 1, 8, 11, 14, 12, 9, 12, 14, 3, 10, 7, 2, 11, 8, 4, 0];852
1510;15;13;8;[0, 14];12;[0, 14, 3, 5, 7, 5, 9, 12, 1, 13, 1, 7, 4, 10, 4, 11, 6, 8, 6, 2, 3, 14, 0];516
1511;15;13;8;-;-;-;-
1512;15;13;8;[0, 3, 4, 9, 8, 14];198;[0, 3, 7, 3, 4, 12, 5, 2, 8, 11, 8, 1, 6, 10, 14, 8, 1, 13, 9, 4, 3, 0];1007
1513;15;13;8;[0, 4, 8, 12, 14];77;[0, 10, 9, 12, 13, 12, 8, 4, 3, 5, 3, 4, 8, 12, 14, 11, 7, 11, 1, 2, 6, 2, 4, 0];706
1514;15;13;8;[0, 1, 14];35;[0, 11, 0, 1, 2, 7, 2, 7, 9, 12, 3, 10, 1, 14, 4, 13, 5, 8, 5, 6, 5, 2, 1, 0];623
1515;15;13;8;[0, 3, 7, 12, 11, 14];104;[0, 5, 6, 10, 8, 9, 8, 4, 2, 4, 7, 3, 7, 12, 11, 14, 1, 14, 11, 12, 13, 0];542
1516;15;13;8;[0, 14];89;[0, 8, 6, 7, 6, 10, 6, 12, 14, 5, 9, 13, 9, 4, 11, 2, 12, 1, 12, 3, 0];633
1517;15;13;8;[0, 11, 13, 14];47;[0, 7, 1, 5, 3, 5, 8, 4, 8, 9, 10, 2, 6, 12, 13, 14, 13, 11, 0];412
1518;15;13;8;-;-;-;-
1519;15;13;8;[0, 5, 8, 3, 14];43;[0, 1, 6, 12, 13, 12, 8, 4, 8, 5, 10, 7, 9, 14, 3, 8, 5, 2, 10, 11, 0];678
1520;15;13;13;[0, 14];60;[0, 1, 6, 1, 3, 9, 5, 9, 13, 9, 5, 10, 8, 10, 5, 9, 11, 12, 9, 5, 4, 7, 14, 2, 1, 0];451
1521;15;13;13;[0, 8, 7, 14];15;[0, 10, 0, 2, 0, 8, 4, 8, 12, 8, 5, 8, 7, 14, 7, 9, 6, 7, 13, 3, 11, 1, 8, 0];368
1522;15;13;13;[0, 14];11;[0, 3, 7, 9, 1, 11, 6, 13, 10, 13, 8, 12, 11, 2, 11, 5, 4, 0, 14, 0];526
1523;15;13;13;[0, 2, 14];55;[0, 10, 11, 14, 2, 7, 3, 4, 3, 7, 2, 8, 6, 1, 13, 5, 9, 12, 10, 0];418
1524;15;13;13;[0, 14];13;[0, 3, 1, 6, 11, 12, 13, 12, 11, 6, 5, 6, 10, 4, 7, 2, 9, 2, 7, 8, 14, 0];259
1525;15;13;13;[0, 14];100;[0, 2, 3, 13, 7, 1, 11, 14, 6, 14, 11, 1, 12, 4, 10, 4, 5, 9, 5, 8, 5, 0];556
1526;15;13;13;[0, 7, 14];49;[0, 6, 0, 7, 12, 13, 9, 10, 9, 2, 9, 11, 7, 5, 7, 14, 4, 3, 14, 8, 1, 0];338
1527;15;13;13;[0, 6, 10, 14];54;[0, 9, 12, 7, 8, 4, 8, 10, 6, 5, 10, 14, 11, 1, 3, 13, 3, 2, 9, 0];369
1528;15;13;13;[0, 14];16;[0, 3, 12, 3, 0, 2, 1, 7, 8, 9, 1, 6, 1, 9, 1, 13, 11, 13, 10, 5, 14, 4, 14, 0];404
1529;15;13;13;[0, 1, 3, 14];67;[0, 1, 9, 1, 5, 10, 2, 13, 7, 13, 4, 6, 4, 13, 14, 3, 8, 11, 0, 12, 0];396
1530;15;13;21;[0, 3, 11, 8, 14];33;[0, 3, 2, 3, 11, 8, 14, 8, 1, 8, 4, 12, 7, 6, 5, 13, 10, 3, 9, 7, 6, 0];231
1531;15;13;21;[0, 11, 14];19;[0, 11, 14, 10, 14, 2, 12, 9, 12, 2, 5, 13, 11, 14, 10, 1, 8, 4, 7, 4, 3, 8, 6, 0];196
1532;15;13;21;[0, 3, 7, 14];37;[0, 5, 4, 1, 5, 9, 6, 13, 6, 9, 3, 7, 14, 7, 12, 2, 8, 10, 11, 10, 3, 0];254
1533;15;13;21;[0, 3, 4, 14];10;[0, 6, 13, 6, 2, 6, 14, 4, 3, 4, 3, 1, 10, 9, 10, 9, 8, 9, 10, 7, 11, 0, 3, 4, 5, 12, 0, 11, 0];141
1534;15;13;21;[0, 9, 14];38;[0, 9, 1, 8, 11, 10, 7, 10, 3, 13, 14, 13, 3, 2, 5, 2, 4, 6, 12, 6, 9, 0];219
1535;15;13;21;[0, 12, 3, 14];35;[0, 2, 3, 12, 8, 12, 3, 1, 3, 14, 5, 11, 13, 7, 9, 7, 13, 6, 13, 2, 4, 2, 10, 0];146
1536;15;13;21;[0, 14];27;[0, 3, 2, 4, 2, 3, 5, 11, 7, 10, 1, 9, 13, 9, 1, 8, 14, 12, 6, 0];225
1537;15;13;21;[0, 4, 10, 9, 14];35;[0, 11, 1, 2, 13, 6, 13, 14, 13, 2, 3, 5, 3, 8, 10, 9, 12, 7, 10, 4, 0];221
1538;15;13;21;[0, 8, 14];40;[0, 8, 0, 9, 11, 10, 11, 14, 1, 2, 1, 12, 7, 13, 3, 6, 12, 4, 5, 4, 0];399
1539;15;13;21;[0, 11, 6, 10, 14];27;[0, 11, 6, 11, 12, 11, 6, 7, 2, 10, 3, 10, 14, 10, 8, 5, 8, 5, 4, 13, 9, 1, 0];196
1540;15;21;1;-;-;-;-
1541;15;21;1;-;-;-;-
1542;15;21;1;-;-;-;-
1543;15;21;1;-;-;-;-
1544;15;21;1;-;-;-;-
1545;15;21;1;-;-;-;-
1546;15;21;1;-;-;-;-
1547;15;21;1;-;-;-;-
1548;15;21;1;-;-;-;-
1549;15;21;1;-;-;-;-
1550;15;21;2;-;-;-;-
1551;15;21;2;-;-;-;-
1552;15;21;2;-;-;-;-
1553;15;21;2;-;-;-;-
1554;15;21;2;-;-;-;-
1555;15;21;2;[0, 9, 11, 14];176;-;-
1556;15;21;2;-;-;-;-
1557;15;21;2;-;-;-;-
1558;15;21;2;-;-;-;-
1559;15;21;2;-;-;-;-
1560;15;21;3;-;-;-;-
1561;15;21;3;[0, 13, 8, 2, 10, 14];138;-;-
1562;15;21;3;-;-;-;-
1563;15;21;3;-;-;-;-
1564;15;21;3;-;-;-;-
1565;15;21;3;[0, 5, 2, 13, 9, 14];167;-;-
1566;15;21;3;-;-;-;-
1567;15;21;3;-;-;-;-
1568;15;21;3;-;-;-;-
1569;15;21;3;-;-;-;-
1570;15;21;5;-;-;-;-
1571;15;21;5;-;-;-;-
1572;15;21;5;-;-;-;-
1573;15;21;5;[0, 3, 14];131;[0, 4, 0, 5, 13, 5, 9, 6, 9, 10, 1, 8, 12, 8, 3, 14, 3, 7, 11, 7, 3, 8, 2, 8, 3, 0];977
1574;15;21;5;-;-;-;-
1575;15;21;5;[0, 5, 14];53;-;-
1576;15;21;5;-;-;-;-
1577;15;21;5;[0, 8, 14];160;-;-
1578;15;21;5;-;-;-;-
1579;15;21;5;[0, 3, 14];156;-;-
1580;15;21;8;-;-;-;-
1581;15;21;8;[0, 3, 14];89;[0, 12, 4, 11, 6, 2, 8, 5, 13, 5, 7, 5, 9, 10, 1, 3, 14, 3, 0];594
1582;15;21;8;[0, 14];85;-;-
1583;15;21;8;[0, 7, 14];64;-;-
1584;15;21;8;[0, 4, 1, 14];129;[0, 2, 3, 2, 4, 11, 10, 1, 14, 7, 6, 5, 1, 4, 11, 8, 13, 9, 13, 12, 0];602
1585;15;21;8;[0, 14];17;-;-
1586;15;21;8;[0, 9, 14];64;-;-
1587;15;21;8;[0, 14];75;-;-
1588;15;21;8;[0, 3, 12, 10, 14];165;[0, 3, 12, 4, 12, 10, 14, 10, 9, 10, 5, 13, 7, 13, 11, 2, 6, 9, 8, 1, 0];763
1589;15;21;8;[0, 14];44;[0, 14, 0, 6, 9, 8, 5, 13, 12, 3, 10, 7, 11, 7, 9, 2, 1, 2, 9, 4, 0];755
1590;15;21;13;[0, 3, 14];106;[0, 8, 7, 11, 3, 6, 7, 13, 12, 14, 5, 14, 1, 8, 2, 8, 9, 10, 4, 0];556
1591;15;21;13;[0, 4, 14];56;[0, 6, 1, 3, 10, 12, 11, 7, 4, 14, 13, 14, 5, 14, 8, 14, 4, 6, 2, 9, 2, 6, 0];592
1592;15;21;13;[0, 4, 14];10;[0, 3, 0, 4, 14, 12, 14, 4, 2, 6, 2, 13, 2, 1, 2, 6, 10, 9, 8, 5, 11, 5, 8, 7, 0];311
1593;15;21;13;[0, 9, 14];20;[0, 8, 1, 9, 14, 9, 11, 6, 5, 10, 5, 6, 12, 7, 3, 2, 13, 4, 13, 9, 0];423
1594;15;21;13;[0, 14];6;[0, 5, 12, 11, 6, 2, 1, 2, 6, 3, 7, 4, 7, 9, 10, 13, 10, 9, 8, 9, 14, 0];633
1595;15;21;13;[0, 8, 13, 14];59;-;-
1596;15;21;13;[0, 10, 2, 14];73;[0, 10, 3, 12, 4, 12, 7, 11, 9, 11, 7, 8, 13, 14, 5, 14, 1, 6, 1, 3, 10, 2, 10, 0];574
1597;15;21;13;[0, 14];27;[0, 6, 2, 3, 13, 4, 11, 2, 12, 5, 4, 9, 4, 1, 7, 1, 8, 1, 14, 10, 14, 0];679
1598;15;21;13;[0, 8, 14];51;[0, 13, 5, 11, 7, 11, 1, 2, 0, 12, 10, 9, 10, 12, 6, 4, 6, 3, 14, 8, 0];705
1599;15;21;13;[0, 13, 11, 1, 8, 14];77;[0, 13, 11, 12, 11, 1, 8, 9, 8, 6, 5, 6, 10, 7, 10, 7, 3, 7, 10, 8, 14, 4, 14, 8, 1, 11, 13, 0, 2, 0];476
1600;15;21;21;[0, 9, 14];72;[0, 6, 5, 1, 2, 1, 8, 13, 14, 9, 14, 3, 11, 10, 11, 3, 12, 7, 4, 0];355
1601;15;21;21;[0, 2, 8, 14];75;[0, 2, 8, 14, 12, 9, 6, 9, 3, 4, 2, 5, 2, 4, 7, 4, 3, 13, 1, 10, 11, 10, 0];417
1602;15;21;21;[0, 3, 11, 12, 10, 14];35;[0, 3, 11, 4, 7, 13, 11, 12, 10, 14, 8, 2, 8, 6, 1, 14, 5, 0, 9, 0];412
1603;15;21;21;[0, 12, 14];35;[0, 12, 13, 1, 5, 11, 7, 4, 7, 1, 6, 9, 6, 1, 2, 1, 13, 8, 10, 3, 14, 12, 0];413
1604;15;21;21;[0, 12, 14];52;[0, 3, 13, 12, 0, 1, 5, 9, 5, 7, 8, 6, 8, 14, 2, 4, 11, 4, 10, 0];375
1605;15;21;21;[0, 11, 14];68;[0, 13, 7, 2, 1, 10, 9, 8, 6, 5, 10, 1, 11, 12, 11, 14, 3, 0, 4, 0];408
1606;15;21;21;[0, 12, 14];52;[0, 9, 0, 2, 13, 6, 10, 11, 3, 8, 3, 6, 14, 12, 1, 6, 4, 7, 5, 2, 0];476
1607;15;21;21;[0, 2, 3, 14];62;[0, 2, 4, 12, 1, 6, 8, 5, 8, 11, 8, 5, 13, 14, 3, 9, 3, 10, 7, 1, 2, 0];392
1608;15;21;21;[0, 8, 11, 14];29;[0, 10, 0, 9, 0, 13, 12, 3, 2, 3, 12, 13, 7, 4, 7, 11, 14, 11, 1, 5, 8, 6, 8, 0];233
1609;15;21;21;[0, 4, 14];27;[0, 9, 8, 9, 3, 6, 12, 10, 13, 11, 13, 10, 12, 10, 5, 7, 1, 7, 2, 7, 14, 4, 0];277
1610;15;34;1;-;-;-;-
1611;15;34;1;-;-;-;-
1612;15;34;1;-;-;-;-
1613;15;34;1;-;-;-;-
1614;15;34;1;-;-;-;-
1615;15;34;1;-;-;-;-
1616;15;34;1;-;-;-;-
1617;15;34;1;-;-;-;-
1618;15;34;1;-;-;-;-
1619;15;34;1;-;-;-;-
1620;15;34;2;-;-;-;-
1621;15;34;2;-;-;-;-
1622;15;34;2;-;-;-;-
1623;15;34;2;-;-;-;-
1624;15;34;2;-;-;-;-
1625;15;34;2;-;-;-;-
1626;15;34;2;-;-;-;-
1627;15;34;2;-;-;-;-
1628;15;34;2;-;-;-;-
1629;15;34;2;-;-;-;-
1630;15;34;3;-;-;-;-
1631;15;34;3;-;-;-;-
1632;15;34;3;-;-;-;-
1633;15;34;3;-;-;-;-
1634;15;34;3;-;-;-;-
1635;15;34;3;-;-;-;-
1636;15;34;3;-;-;-;-
1637;15;34;3;[0, 14];75;-;-
1638;15;34;3;-;-;-;-
1639;15;34;3;-;-;-;-
1640;15;34;5;-;-;-;-
1641;15;34;5;-;-;-;-
1642;15;34;5;-;-;-;-
1643;15;34;5;-;-;-;-
1644;15;34;5;-;-;-;-
1645;15;34;5;-;-;-;-
1646;15;34;5;-;-;-;-
1647;15;34;5;-;-;-;-
1648;15;34;5;[0, 2, 14];136;-;-
1649;15;34;5;-;-;-;-
1650;15;34;8;-;-;-;-
1651;15;34;8;-;-;-;-
1652;15;34;8;[0, 14];50;-;-
1653;15;34;8;[0, 4, 12, 14];110;[0, 7, 13, 10, 13, 9, 8, 5, 7, 2, 12, 14, 12, 11, 6, 1, 3, 1, 6, 11, 12, 4, 0];1031
1654;15;34;8;[0, 3, 14];61;-;-
1655;15;34;8;[0, 10, 14];26;-;-
1656;15;34;8;-;-;-;-
1657;15;34;8;-;-;-;-
1658;15;34;8;-;-;-;-
1659;15;34;8;[0, 3, 4, 13, 9, 14];136;-;-
1660;15;34;13;[0, 13, 14];153;-;-
1661;15;34;13;-;-;-;-
1662;15;34;13;[0, 4, 6, 7, 9, 14];200;[0, 4, 6, 7, 9, 14, 10, 11, 3, 6, 13, 12, 5, 3, 1, 3, 5, 2, 0, 8, 0];802
1663;15;34;13;[0, 10, 9, 14];66;[0, 10, 9, 12, 9, 14, 5, 14, 2, 8, 6, 11, 6, 8, 2, 13, 4, 13, 3, 13, 1, 7, 1, 10, 0];581
1664;15;34;13;[0, 14];75;[0, 14, 5, 4, 5, 8, 12, 6, 3, 10, 1, 2, 1, 10, 3, 6, 9, 13, 9, 14, 7, 11, 5, 14, 0];1150
1665;15;34;13;[0, 5, 4, 12, 7, 14];104;[0, 5, 8, 1, 8, 5, 8, 9, 8, 5, 11, 13, 10, 2, 14, 6, 14, 7, 12, 3, 12, 4, 5, 0];771
1666;15;34;13;[0, 14];31;[0, 6, 4, 12, 10, 12, 2, 5, 9, 5, 13, 8, 13, 5, 2, 12, 3, 1, 12, 11, 0, 14, 0, 7, 0];536
1667;15;34;13;[0, 4, 6, 14];244;[0, 4, 6, 8, 7, 13, 14, 11, 14, 2, 7, 5, 12, 1, 12, 5, 3, 10, 9, 10, 4, 0];777
1668;15;34;13;[0, 3, 10, 11, 12, 14];274;-;-
1669;15;34;13;[0, 1, 13, 10, 5, 14];52;[0, 7, 0, 8, 11, 14, 5, 10, 9, 10, 13, 1, 4, 3, 4, 12, 4, 1, 2, 6, 2, 1, 13, 1, 0];499
1670;15;34;21;[0, 6, 3, 14];71;[0, 6, 3, 14, 3, 6, 10, 6, 9, 2, 7, 1, 7, 2, 4, 13, 12, 8, 12, 13, 11, 13, 5, 6, 0];552
1671;15;34;21;[0, 11, 5, 9, 14];56;[0, 4, 0, 13, 8, 1, 11, 5, 7, 6, 12, 2, 10, 9, 14, 3, 14, 9, 10, 0];538
1672;15;34;21;[0, 13, 14];66;-;-
1673;15;34;21;[0, 4, 2, 14];54;[0, 7, 3, 7, 13, 6, 8, 6, 1, 5, 13, 12, 9, 11, 9, 14, 10, 14, 2, 4, 0];370
1674;15;34;21;[0, 14];3;[0, 9, 11, 2, 6, 10, 5, 10, 6, 10, 3, 10, 6, 2, 7, 13, 7, 1, 8, 1, 7, 12, 14, 4, 14, 0];386
1675;15;34;21;[0, 3, 14];65;[0, 12, 6, 12, 7, 1, 10, 5, 14, 3, 14, 13, 4, 11, 2, 9, 1, 8, 1, 9, 0];401
1676;15;34;21;[0, 1, 14];28;[0, 1, 11, 1, 9, 10, 6, 13, 2, 12, 8, 14, 3, 7, 3, 14, 5, 4, 5, 4, 1, 0];478
1677;15;34;21;[0, 11, 4, 14];117;-;-
1678;15;34;21;[0, 8, 11, 12, 10, 14];122;[0, 5, 13, 8, 11, 12, 10, 14, 4, 7, 4, 1, 2, 3, 10, 14, 9, 6, 9, 8, 0];603
1679;15;34;21;[0, 9, 7, 5, 14];69;[0, 1, 6, 11, 10, 11, 4, 13, 4, 11, 12, 5, 14, 2, 8, 3, 8, 2, 14, 5, 7, 9, 0];384
1680;20;1;1;-;-;-;-
1681;20;1;1;-;-;-;-
1682;20;1;1;-;-;-;-
1683;20;1;1;-;-;-;-
1684;20;1;1;-;-;-;-
1685;20;1;1;-;-;-;-
1686;20;1;1;-;-;-;-
1687;20;1;1;-;-;-;-
1688;20;1;1;-;-;-;-
1689;20;1;1;-;-;-;-
1690;20;1;2;-;-;-;-
1691;20;1;2;-;-;-;-
1692;20;1;2;-;-;-;-
1693;20;1;2;-;-;-;-
1694;20;1;2;-;-;-;-
1695;20;1;2;-;-;-;-
1696;20;1;2;-;-;-;-
1697;20;1;2;-;-;-;-
1698;20;1;2;-;-;-;-
1699;20;1;2;-;-;-;-
1700;20;1;3;[0, 1, 2, 3, 4, 5, 6, 7, 8, 9, 10, 11, 13, 14, 15, 16, 17, 18, 19];825;[0, 1, 2, 3, 4, 5, 6, 7, 8, 9, 10, 11, 12, 13, 14, 15, 16, 17, 18, 19, 18, 17, 16, 15, 14, 13, 11, 10, 9, 8, 7, 6, 5, 4, 3, 2, 1, 0];1692
1701;20;1;3;[0, 1, 3, 4, 5, 6, 7, 8, 9, 10, 11, 12, 13, 14, 15, 18, 19];538;[0, 1, 3, 4, 5, 6, 7, 8, 9, 10, 11, 12, 13, 14, 15, 16, 15, 18, 19, 18, 17, 18, 15, 14, 13, 12, 11, 10, 9, 8, 7, 6, 5, 4, 3, 2, 3, 1, 0];1174
1702;20;1;3;[0, 1, 2, 4, 6, 7, 8, 9, 10, 11, 12, 13, 14, 15, 16, 18, 19];809;[0, 1, 2, 3, 4, 6, 7, 8, 9, 10, 11, 12, 13, 14, 15, 16, 17, 18, 19, 18, 16, 15, 14, 13, 12, 11, 10, 9, 8, 7, 6, 5, 4, 2, 1, 0];1834
1703;20;1;3;[0, 1, 2, 3, 4, 5, 6, 7, 9, 11, 12, 13, 14, 16, 17, 18, 19];769;[0, 1, 2, 3, 4, 5, 6, 7, 8, 9, 11, 12, 13, 14, 15, 16, 17, 18, 19, 18, 17, 16, 14, 13, 12, 11, 10, 11, 9, 7, 6, 5, 4, 3, 2, 1, 0];1682
1704;20;1;3;[0, 2, 4, 5, 6, 8, 9, 11, 12, 13, 14, 15, 16, 17, 18, 19];386;[0, 2, 4, 5, 6, 8, 9, 11, 12, 13, 14, 15, 16, 17, 18, 19, 18, 17, 16, 15, 14, 13, 12, 11, 9, 10, 9, 8, 6, 7, 6, 5, 4, 3, 1, 0];901
1705;20;1;3;[0, 1, 2, 3, 4, 5, 6, 7, 9, 10, 12, 13, 14, 16, 17, 18, 19];988;[0, 1, 2, 3, 4, 5, 6, 7, 9, 10, 12, 13, 14, 16, 17, 18, 19, 18, 17, 16, 15, 16, 14, 13, 12, 11, 9, 8, 7, 6, 5, 4, 3, 2, 1, 0];2040
1706;20;1;3;[0, 1, 2, 3, 4, 6, 8, 9, 10, 11, 12, 13, 14, 15, 16, 17, 19];698;[0, 1, 2, 3, 4, 6, 8, 9, 10, 11, 12, 13, 14, 15, 16, 17, 19, 18, 19, 17, 16, 15, 14, 13, 12, 11, 10, 9, 7, 5, 6, 4, 3, 2, 1, 0];1549
1707;20;1;3;[0, 1, 2, 3, 4, 5, 6, 7, 8, 9, 10, 12, 13, 14, 16, 17, 19];493;[0, 1, 2, 3, 4, 5, 6, 7, 8, 9, 10, 12, 13, 14, 15, 17, 19, 18, 16, 14, 13, 12, 11, 12, 10, 9, 8, 7, 6, 5, 4, 3, 2, 1, 0];1034
1708;20;1;3;[0, 1, 2, 3, 6, 8, 9, 10, 11, 12, 13, 14, 15, 16, 17, 18, 19];884;[0, 1, 2, 3, 6, 8, 9, 10, 11, 12, 13, 14, 15, 16, 17, 18, 19, 18, 17, 16, 15, 14, 13, 12, 11, 10, 9, 8, 7, 8, 6, 5, 4, 3, 2, 1, 0];1936
1709;20;1;3;[0, 1, 2, 3, 5, 6, 7, 8, 9, 10, 12, 13, 14, 15, 16, 17, 19];839;[0, 1, 2, 3, 4, 5, 6, 7, 8, 9, 11, 10, 12, 13, 14, 15, 16, 17, 19, 18, 17, 16, 15, 14, 13, 12, 10, 9, 8, 7, 6, 5, 3, 2, 1, 0];1798
1710;20;1;5;[0, 1, 2, 4, 5, 6, 7, 8, 10, 11, 12, 13, 15, 16, 17, 19];807;[0, 1, 2, 4, 5, 6, 7, 8, 10, 11, 12, 13, 14, 15, 16, 17, 19, 18, 19, 17, 16, 15, 13, 12, 11, 10, 9, 8, 7, 6, 5, 4, 3, 1, 0];1696
1711;20;1;5;[0, 1, 2, 3, 4, 5, 7, 8, 9, 10, 11, 12, 14, 15, 16, 17, 18, 19];823;[0, 1, 2, 3, 4, 5, 7, 8, 9, 10, 11, 13, 11, 12, 14, 15, 16, 17, 18, 19, 18, 17, 16, 15, 14, 12, 11, 10, 9, 8, 7, 6, 7, 5, 4, 3, 2, 1, 0];1756
1712;20;1;5;[0, 1, 2, 3, 5, 6, 7, 8, 10, 12, 13, 14, 15, 16, 18, 19];592;[0, 1, 2, 3, 4, 6, 7, 8, 10, 12, 13, 14, 15, 16, 18, 17, 18, 19, 18, 16, 15, 14, 13, 12, 11, 10, 8, 9, 8, 7, 6, 5, 3, 2, 1, 0];1405
1713;20;1;5;[0, 2, 3, 4, 5, 7, 9, 10, 11, 12, 14, 15, 16, 17, 18, 19];757;[0, 2, 3, 4, 5, 7, 8, 6, 8, 7, 9, 10, 11, 12, 13, 14, 15, 16, 17, 18, 19, 18, 17, 16, 15, 14, 12, 11, 10, 9, 7, 5, 4, 3, 1, 2, 0];1674
1714;20;1;5;[0, 1, 2, 3, 5, 7, 8, 9, 11, 12, 13, 14, 15, 16, 17, 19];635;[0, 1, 2, 3, 5, 7, 8, 9, 11, 10, 11, 12, 13, 14, 15, 16, 17, 19, 17, 18, 17, 16, 15, 14, 13, 12, 11, 9, 8, 7, 5, 6, 5, 4, 5, 3, 2, 1, 0];1386
1715;20;1;5;[0, 1, 2, 3, 4, 5, 8, 9, 10, 11, 13, 14, 15, 16, 17, 18, 19];458;[0, 1, 2, 3, 4, 5, 8, 9, 10, 11, 12, 13, 14, 15, 16, 17, 18, 19, 18, 17, 16, 15, 14, 13, 11, 10, 9, 8, 7, 6, 5, 4, 3, 2, 1, 0];1028
1716;20;1;5;[0, 1, 2, 3, 4, 5, 6, 8, 10, 11, 12, 13, 15, 17, 18, 19];764;[0, 1, 2, 3, 4, 5, 6, 7, 9, 10, 11, 12, 13, 15, 16, 18, 19, 18, 17, 15, 13, 14, 12, 11, 10, 8, 6, 5, 4, 3, 2, 1, 0];1616
1717;20;1;5;[0, 2, 3, 4, 7, 8, 10, 11, 12, 13, 14, 15, 16, 18, 19];554;[0, 2, 3, 4, 5, 7, 8, 10, 11, 12, 13, 14, 15, 16, 17, 18, 19, 18, 16, 15, 14, 13, 12, 11, 10, 9, 8, 7, 6, 7, 4, 3, 2, 1, 2, 0];1325
1718;20;1;5;[0, 1, 3, 4, 5, 6, 7, 9, 11, 12, 13, 14, 15, 17, 16, 18, 19];518;[0, 1, 2, 3, 4, 5, 6, 7, 9, 11, 12, 13, 14, 15, 17, 16, 18, 19, 18, 16, 17, 15, 14, 13, 12, 10, 11, 9, 7, 8, 7, 6, 5, 4, 3, 1, 0];1161
1719;20;1;5;[0, 2, 3, 5, 6, 7, 8, 9, 10, 11, 12, 13, 14, 15, 17, 19];682;[0, 2, 3, 4, 5, 6, 7, 8, 9, 10, 11, 12, 13, 14, 15, 17, 19, 18, 17, 16, 17, 15, 14, 13, 12, 11, 10, 9, 8, 7, 6, 5, 3, 2, 0, 1, 0];1618
1720;20;1;8;[0, 2, 3, 4, 5, 6, 7, 8, 9, 10, 12, 13, 14, 15, 16, 18, 19];683;[0, 1, 2, 3, 4, 5, 6, 7, 8, 9, 10, 12, 13, 14, 15, 16, 18, 19, 18, 17, 15, 14, 13, 11, 12, 10, 9, 8, 7, 6, 5, 4, 3, 2, 0];1610
1721;20;1;8;[0, 1, 3, 5, 6, 9, 11, 12, 14, 15, 16, 17, 19];608;[0, 1, 3, 4, 5, 6, 9, 11, 12, 14, 15, 16, 17, 19, 18, 17, 16, 15, 13, 11, 10, 8, 7, 8, 6, 5, 3, 2, 0];1459
1722;20;1;8;[0, 2, 5, 7, 8, 9, 12, 13, 15, 17, 18, 19];496;[0, 2, 1, 2, 3, 4, 5, 7, 8, 9, 11, 12, 13, 15, 17, 18, 19, 18, 17, 16, 17, 15, 13, 14, 13, 12, 11, 10, 9, 8, 7, 6, 7, 5, 2, 0];1317
1723;20;1;8;[0, 1, 2, 3, 4, 5, 7, 8, 10, 11, 12, 13, 14, 15, 17, 18, 19];646;[0, 1, 2, 3, 4, 5, 7, 8, 9, 11, 12, 13, 14, 15, 17, 18, 19, 18, 16, 17, 15, 14, 13, 12, 11, 10, 8, 6, 5, 4, 3, 2, 1, 0];1445
1724;20;1;8;[0, 2, 3, 5, 7, 8, 10, 12, 13, 14, 15, 17, 18, 19];426;[0, 1, 2, 3, 5, 7, 8, 10, 9, 10, 12, 13, 14, 15, 17, 18, 19, 16, 15, 14, 13, 12, 10, 11, 10, 8, 7, 5, 6, 5, 4, 3, 2, 0];1063
1725;20;1;8;[0, 1, 2, 3, 4, 6, 8, 10, 12, 14, 16, 17, 18, 19];442;[0, 1, 2, 3, 4, 5, 8, 7, 9, 10, 12, 14, 13, 15, 17, 16, 17, 18, 19, 18, 17, 15, 13, 11, 12, 10, 8, 6, 4, 3, 2, 1, 0];1057
1726;20;1;8;[0, 1, 3, 4, 6, 8, 11, 12, 13, 15, 16, 18, 19];529;[0, 1, 3, 4, 6, 8, 11, 12, 13, 14, 16, 17, 19, 18, 16, 15, 13, 12, 11, 10, 11, 8, 9, 8, 7, 5, 4, 6, 4, 3, 2, 0];1230
1727;20;1;8;[0, 2, 3, 5, 7, 9, 10, 11, 13, 15, 17, 18, 19];543;[0, 2, 3, 5, 6, 8, 9, 10, 11, 12, 14, 13, 15, 16, 17, 18, 19, 18, 17, 15, 13, 11, 10, 9, 7, 5, 4, 3, 2, 0, 1, 0];1403
1728;20;1;8;[0, 2, 3, 5, 8, 9, 12, 14, 16, 17, 18, 19];381;[0, 1, 2, 3, 5, 6, 8, 9, 10, 11, 13, 15, 14, 16, 17, 18, 19, 18, 17, 16, 14, 12, 9, 7, 6, 5, 3, 2, 4, 2, 0];1007
1729;20;1;8;[0, 1, 3, 4, 6, 7, 8, 9, 10, 11, 12, 13, 14, 16, 17, 19];593;[0, 2, 3, 4, 6, 7, 8, 9, 10, 11, 12, 13, 14, 15, 17, 18, 19, 17, 16, 14, 13, 12, 11, 10, 9, 8, 7, 5, 7, 6, 4, 3, 1, 0];1345
1730;20;1;13;[0, 2, 3, 5, 6, 8, 9, 11, 13, 14, 16, 18, 19];343;[0, 2, 4, 2, 3, 5, 7, 8, 9, 11, 13, 15, 17, 19, 18, 16, 14, 16, 14, 13, 12, 10, 8, 6, 5, 3, 1, 0];869
1731;20;1;13;[0, 1, 3, 6, 9, 10, 11, 13, 15, 17, 18, 19];212;[0, 2, 4, 6, 9, 10, 8, 11, 13, 15, 17, 18, 19, 18, 17, 16, 14, 12, 13, 11, 10, 9, 7, 5, 3, 1, 0];701
1732;20;1;13;[0, 2, 3, 4, 5, 6, 8, 10, 12, 13, 14, 16, 18, 19];338;[0, 2, 3, 4, 5, 6, 8, 10, 12, 13, 14, 16, 18, 19, 17, 15, 13, 12, 11, 12, 10, 9, 10, 8, 6, 7, 5, 4, 3, 2, 1, 0];852
1733;20;1;13;[0, 2, 3, 4, 6, 8, 10, 12, 14, 16, 17, 19];430;[0, 1, 2, 3, 4, 6, 4, 5, 7, 9, 11, 12, 14, 16, 18, 19, 17, 16, 14, 15, 13, 12, 10, 8, 7, 5, 4, 3, 2, 0];1083
1734;20;1;13;[0, 2, 3, 4, 6, 8, 9, 11, 13, 15, 16, 18, 19];355;[0, 1, 3, 4, 5, 7, 9, 11, 13, 15, 17, 18, 19, 18, 16, 15, 14, 12, 10, 11, 9, 8, 6, 4, 3, 2, 0];934
1735;20;1;13;[0, 1, 3, 6, 8, 9, 10, 12, 14, 15, 16, 17, 19];420;[0, 2, 4, 3, 5, 7, 9, 11, 13, 14, 15, 16, 17, 18, 19, 17, 16, 15, 14, 12, 10, 9, 8, 6, 3, 1, 0];1102
1736;20;1;13;[0, 2, 3, 5, 8, 9, 11, 13, 15, 16, 19];405;[0, 1, 2, 3, 5, 8, 9, 11, 13, 15, 16, 18, 19, 17, 16, 15, 13, 12, 14, 12, 10, 9, 7, 6, 4, 5, 3, 2, 0];1040
1737;20;1;13;[0, 2, 4, 5, 7, 8, 10, 12, 14, 16, 18, 19];434;[0, 1, 2, 4, 5, 6, 7, 8, 10, 12, 14, 15, 17, 18, 19, 18, 16, 14, 12, 13, 11, 9, 7, 5, 3, 2, 0];1074
1738;20;1;13;[0, 1, 3, 5, 7, 8, 11, 13, 15, 16, 17, 19];234;[0, 2, 4, 6, 7, 8, 11, 13, 15, 16, 17, 19, 17, 18, 17, 16, 15, 14, 12, 10, 9, 10, 8, 7, 5, 3, 1, 0, 2, 0];731
1739;20;1;13;[0, 2, 3, 5, 7, 8, 10, 12, 11, 13, 15, 19];338;[0, 1, 2, 4, 6, 5, 7, 8, 10, 12, 14, 16, 17, 18, 17, 15, 19, 15, 13, 11, 9, 11, 12, 10, 8, 7, 5, 3, 2, 0];940
1740;20;1;21;[0, 2, 4, 5, 6, 8, 10, 12, 14, 16, 18, 19];434;[0, 1, 2, 4, 5, 7, 9, 11, 12, 13, 14, 16, 18, 19, 17, 15, 16, 14, 12, 10, 8, 10, 8, 6, 5, 3, 5, 4, 2, 0];1032
1741;20;1;21;[0, 2, 4, 6, 8, 9, 11, 13, 15, 16, 17, 19];355;[0, 2, 4, 6, 8, 9, 11, 13, 15, 16, 17, 18, 19, 17, 16, 15, 14, 12, 11, 10, 8, 7, 5, 6, 4, 3, 1, 3, 4, 2, 0];876
1742;20;1;21;[0, 2, 3, 4, 6, 8, 10, 11, 13, 15, 17, 19];258;[0, 1, 3, 4, 6, 7, 9, 11, 13, 15, 17, 18, 17, 19, 17, 16, 14, 12, 10, 8, 6, 4, 3, 5, 2, 0];820
1743;20;1;21;[0, 1, 3, 5, 7, 9, 10, 12, 14, 15, 16, 17, 19];455;[0, 1, 3, 5, 7, 9, 10, 11, 14, 15, 16, 18, 19, 17, 16, 15, 13, 14, 12, 10, 9, 10, 8, 7, 5, 4, 6, 4, 5, 3, 2, 1, 0];1061
1744;20;1;21;[0, 2, 3, 5, 7, 9, 11, 12, 14, 16, 18, 19];289;[0, 2, 3, 5, 7, 9, 11, 12, 14, 16, 18, 19, 17, 15, 13, 12, 10, 8, 6, 4, 2, 1, 0];732
1745;20;1;21;[0, 2, 3, 5, 7, 9, 10, 12, 13, 15, 17, 19];293;[0, 1, 3, 4, 6, 7, 9, 10, 8, 10, 11, 12, 13, 15, 16, 17, 19, 18, 16, 14, 12, 10, 9, 7, 5, 3, 2, 0];854
1746;20;1;21;[0, 2, 5, 7, 9, 11, 13, 14, 12, 15, 16, 18, 19];350;[0, 2, 5, 3, 6, 4, 5, 7, 8, 9, 11, 13, 14, 12, 15, 16, 18, 19, 17, 15, 12, 10, 9, 7, 5, 2, 1, 0];920
1747;20;1;21;[0, 2, 5, 8, 10, 12, 14, 16, 19];341;[0, 2, 5, 8, 10, 12, 14, 16, 18, 17, 19, 16, 15, 13, 11, 9, 7, 8, 10, 8, 5, 6, 4, 3, 1, 0];1120
1748;20;1;21;[0, 1, 2, 4, 6, 8, 9, 11, 13, 14, 15, 17, 19];273;[0, 1, 2, 4, 6, 7, 9, 11, 10, 11, 12, 11, 13, 14, 16, 18, 19, 17, 15, 16, 14, 13, 11, 9, 8, 6, 5, 3, 4, 2, 1, 0];843
1749;20;1;21;[0, 1, 3, 4, 6, 7, 8, 11, 13, 14, 16, 18, 19];244;[0, 2, 3, 4, 6, 7, 8, 11, 13, 14, 16, 18, 19, 18, 17, 15, 13, 11, 12, 10, 9, 8, 7, 6, 5, 6, 4, 3, 1, 0];745
1750;20;2;1;-;-;-;-
1751;20;2;1;-;-;-;-
1752;20;2;1;-;-;-;-
1753;20;2;1;-;-;-;-
1754;20;2;1;-;-;-;-
1755;20;2;1;-;-;-;-
1756;20;2;1;-;-;-;-
1757;20;2;1;-;-;-;-
1758;20;2;1;-;-;-;-
1759;20;2;1;-;-;-;-
1760;20;2;2;-;-;-;-
1761;20;2;2;[0, 3, 7, 6, 5, 9, 12, 13, 17, 16, 15, 18, 19];546;-;-
1762;20;2;2;-;-;-;-
1763;20;2;2;[0, 2, 3, 6, 9, 14, 16, 19];357;-;-
1764;20;2;2;-;-;-;-
1765;20;2;2;-;-;-;-
1766;20;2;2;-;-;-;-
1767;20;2;2;-;-;-;-
1768;20;2;2;-;-;-;-
1769;20;2;2;-;-;-;-
1770;20;2;3;[0, 1, 3, 2, 4, 5, 7, 10, 11, 13, 12, 16, 18, 19];651;[0, 1, 3, 2, 4, 5, 7, 10, 11, 13, 12, 16, 18, 19, 18, 17, 16, 14, 15, 12, 13, 11, 9, 8, 10, 7, 6, 4, 2, 3, 1, 0];1589
1771;20;2;3;[0, 2, 3, 7, 10, 13, 14, 19];368;[0, 1, 4, 3, 7, 6, 9, 11, 12, 13, 15, 18, 17, 18, 19, 14, 16, 14, 13, 10, 8, 5, 7, 3, 2, 0];1098
1772;20;2;3;[0, 2, 1, 3, 7, 9, 12, 15, 16, 17, 19];243;[0, 2, 5, 6, 5, 4, 8, 4, 7, 9, 12, 15, 18, 19, 17, 16, 15, 14, 13, 11, 10, 12, 9, 7, 3, 1, 2, 0];870
1773;20;2;3;[0, 1, 3, 5, 6, 8, 10, 13, 14, 15, 17, 16, 19];458;[0, 1, 3, 5, 6, 8, 10, 11, 12, 13, 14, 15, 17, 16, 18, 19, 16, 17, 15, 14, 13, 10, 9, 10, 8, 6, 7, 6, 4, 6, 5, 3, 1, 2, 1, 0];1238
1774;20;2;3;[0, 3, 7, 11, 13, 17, 19];334;[0, 3, 7, 11, 13, 17, 18, 19, 17, 16, 15, 14, 12, 11, 10, 9, 8, 9, 6, 9, 11, 7, 3, 2, 1, 2, 4, 5, 4, 2, 3, 0];1454
1775;20;2;3;-;-;-;-
1776;20;2;3;[0, 3, 5, 6, 8, 10, 11, 14, 17, 19];345;[0, 3, 5, 7, 9, 10, 11, 15, 17, 19, 17, 18, 17, 14, 16, 14, 13, 12, 14, 11, 10, 8, 6, 5, 2, 5, 4, 3, 0, 1, 0];1316
1777;20;2;3;[0, 3, 7, 10, 11, 14, 16, 19];392;[0, 2, 5, 4, 3, 7, 10, 12, 10, 11, 14, 16, 19, 17, 18, 17, 14, 15, 14, 13, 11, 10, 9, 8, 9, 6, 3, 1, 2, 0];1262
1778;20;2;3;[0, 1, 6, 5, 7, 8, 14, 16, 17, 19];181;-;-
1779;20;2;3;[0, 1, 3, 6, 9, 14, 18, 17, 19];334;[0, 2, 4, 8, 9, 14, 11, 10, 11, 13, 15, 12, 15, 16, 17, 19, 17, 18, 14, 9, 6, 5, 7, 5, 6, 3, 1, 0];1062
1780;20;2;5;[0, 1, 4, 5, 7, 9, 10, 11, 14, 19];242;[0, 1, 3, 2, 4, 6, 5, 7, 8, 13, 16, 17, 18, 15, 18, 19, 14, 11, 10, 12, 10, 9, 7, 5, 4, 1, 0];901
1781;20;2;5;[0, 1, 4, 6, 8, 10, 12, 17, 18, 19];261;[0, 1, 4, 6, 8, 10, 12, 17, 18, 19, 18, 17, 16, 15, 16, 14, 13, 11, 10, 9, 7, 6, 5, 6, 3, 2, 1, 0];711
1782;20;2;5;[0, 2, 3, 5, 7, 9, 14, 19];181;[0, 1, 4, 5, 8, 9, 6, 9, 14, 11, 14, 19, 18, 15, 17, 16, 17, 13, 12, 10, 9, 7, 5, 3, 2, 1, 0];778
1783;20;2;5;[0, 3, 6, 7, 12, 15, 17, 19];99;[0, 1, 2, 0, 3, 5, 4, 9, 11, 10, 12, 13, 14, 13, 16, 19, 17, 15, 18, 15, 17, 15, 12, 10, 8, 7, 6, 3, 0];680
1784;20;2;5;[0, 3, 6, 12, 15, 16, 19];234;[0, 1, 2, 3, 5, 6, 7, 6, 12, 15, 16, 19, 18, 17, 14, 17, 16, 13, 10, 13, 15, 12, 11, 9, 8, 4, 1, 0];893
1785;20;2;5;[0, 3, 4, 6, 8, 11, 14, 15, 17, 19];173;[0, 3, 5, 7, 9, 10, 11, 14, 15, 17, 19, 17, 18, 16, 14, 12, 13, 10, 9, 8, 6, 4, 3, 0, 1, 2, 1, 0];536
1786;20;2;5;[0, 2, 3, 5, 6, 8, 13, 17, 19];198;[0, 1, 0, 2, 4, 7, 6, 8, 11, 14, 15, 13, 17, 16, 19, 18, 17, 13, 11, 12, 10, 9, 8, 6, 5, 3, 2, 0];863
1787;20;2;5;[0, 1, 4, 6, 8, 12, 14, 13, 15, 19];268;[0, 1, 4, 9, 8, 6, 8, 12, 14, 13, 16, 19, 17, 18, 16, 13, 15, 13, 14, 12, 11, 10, 7, 6, 8, 6, 5, 4, 3, 2, 3, 1, 0];1005
1788;20;2;5;[0, 1, 3, 4, 6, 11, 14, 16, 19];317;[0, 1, 3, 4, 6, 8, 9, 10, 12, 13, 11, 14, 15, 16, 19, 17, 18, 16, 14, 11, 6, 7, 5, 6, 4, 2, 1, 0];982
1789;20;2;5;[0, 2, 3, 5, 6, 8, 10, 15, 18, 19];317;[0, 2, 3, 4, 5, 6, 7, 8, 10, 15, 18, 19, 18, 15, 10, 11, 13, 16, 17, 14, 13, 11, 12, 11, 13, 8, 9, 8, 6, 5, 3, 2, 0, 1, 0];911
1790;20;2;8;[0, 1, 6, 10, 13, 15, 14, 19];52;[0, 1, 2, 4, 6, 10, 13, 15, 16, 18, 17, 19, 14, 15, 13, 10, 9, 12, 11, 8, 5, 8, 7, 6, 3, 6, 1, 0];473
1791;20;2;8;[0, 3, 4, 8, 10, 13, 12, 16, 18, 19];187;[0, 3, 4, 6, 9, 10, 13, 12, 16, 18, 19, 17, 15, 14, 11, 8, 7, 8, 4, 3, 5, 2, 1, 0];716
1792;20;2;8;[0, 3, 6, 8, 11, 9, 16, 19];137;[0, 3, 6, 8, 11, 14, 15, 16, 19, 18, 17, 18, 19, 16, 12, 16, 15, 13, 11, 9, 7, 5, 4, 10, 4, 2, 4, 1, 3, 0];526
1793;20;2;8;[0, 2, 5, 6, 12, 14, 16, 19];134;[0, 1, 3, 4, 8, 9, 10, 13, 10, 7, 8, 11, 15, 18, 15, 12, 14, 16, 19, 16, 17, 16, 14, 12, 6, 5, 2, 0];549
1794;20;2;8;[0, 2, 7, 11, 13, 15, 17, 18, 19];211;[0, 2, 7, 5, 6, 10, 11, 13, 14, 13, 15, 17, 18, 19, 18, 17, 16, 15, 13, 12, 9, 8, 6, 4, 6, 3, 1, 0];580
1795;20;2;8;[0, 1, 6, 11, 13, 16, 19];118;[0, 1, 3, 4, 6, 8, 6, 11, 9, 11, 13, 16, 19, 16, 17, 18, 15, 12, 14, 10, 7, 5, 6, 1, 0, 2, 0];757
1796;20;2;8;[0, 3, 5, 11, 15, 19];129;[0, 3, 5, 8, 10, 13, 9, 7, 9, 7, 6, 7, 9, 12, 14, 16, 19, 15, 18, 17, 15, 11, 5, 4, 2, 3, 1, 3, 0];627
1797;20;2;8;[0, 1, 6, 10, 11, 15, 16, 19];249;[0, 1, 4, 5, 6, 10, 11, 15, 16, 19, 17, 18, 16, 15, 12, 14, 13, 14, 9, 7, 8, 6, 2, 3, 0];777
1798;20;2;8;[0, 4, 5, 7, 10, 14, 17, 18, 19];199;[0, 4, 3, 8, 7, 10, 14, 13, 12, 15, 16, 19, 18, 17, 15, 12, 13, 11, 9, 10, 7, 5, 6, 5, 4, 3, 2, 1, 0];661
1799;20;2;8;[0, 4, 5, 7, 10, 13, 15, 19];149;[0, 4, 5, 6, 11, 12, 13, 15, 19, 16, 18, 16, 14, 17, 15, 13, 10, 7, 9, 8, 5, 4, 1, 2, 1, 3, 1, 4, 0];702
1800;20;2;13;[0, 3, 6, 7, 10, 12, 15, 19];122;[0, 2, 5, 4, 1, 4, 5, 8, 11, 12, 15, 16, 18, 17, 14, 13, 14, 19, 15, 12, 11, 8, 10, 9, 10, 7, 6, 3, 0];544
1801;20;2;13;[0, 2, 6, 9, 14, 19];125;[0, 3, 5, 1, 4, 3, 2, 6, 9, 7, 9, 12, 15, 17, 19, 14, 16, 18, 16, 13, 10, 11, 9, 8, 6, 2, 0];587
1802;20;2;13;[0, 1, 4, 7, 13, 19];159;[0, 1, 3, 2, 5, 2, 4, 7, 11, 7, 10, 12, 10, 8, 9, 6, 9, 16, 18, 16, 17, 19, 14, 16, 15, 13, 7, 4, 1, 0];638
1803;20;2;13;[0, 4, 6, 12, 15, 14, 19];111;[0, 4, 6, 3, 1, 3, 6, 5, 7, 5, 8, 9, 11, 9, 10, 12, 15, 18, 17, 16, 19, 14, 15, 13, 15, 12, 8, 5, 2, 4, 0];584
1804;20;2;13;[0, 2, 6, 9, 13, 17, 19];72;[0, 2, 6, 3, 6, 9, 13, 18, 13, 17, 19, 17, 13, 16, 14, 15, 12, 10, 13, 9, 11, 9, 8, 9, 5, 7, 4, 1, 0];357
1805;20;2;13;[0, 4, 9, 12, 14, 17, 19];157;[0, 4, 7, 4, 6, 4, 9, 10, 9, 12, 15, 12, 11, 14, 17, 19, 18, 16, 13, 9, 8, 5, 1, 3, 2, 0];771
1806;20;2;13;[0, 1, 4, 5, 6, 11, 12, 16, 19];167;[0, 2, 4, 5, 6, 9, 6, 11, 13, 10, 14, 18, 16, 17, 19, 15, 16, 12, 11, 6, 5, 7, 5, 6, 8, 6, 5, 3, 5, 4, 1, 0];584
1807;20;2;13;[0, 2, 6, 11, 16, 19];152;[0, 2, 6, 11, 12, 13, 12, 15, 18, 17, 19, 16, 14, 11, 6, 7, 4, 7, 8, 10, 9, 5, 3, 1, 2, 0];603
1808;20;2;13;[0, 3, 5, 6, 9, 8, 11, 12, 15, 19];121;[0, 3, 4, 3, 5, 10, 14, 17, 18, 17, 12, 15, 16, 19, 15, 12, 11, 13, 11, 7, 11, 8, 9, 6, 1, 2, 0];563
1809;20;2;13;[0, 3, 6, 10, 14, 11, 13, 19];131;[0, 3, 7, 9, 12, 15, 16, 18, 16, 13, 19, 13, 17, 13, 11, 14, 10, 6, 8, 5, 6, 10, 6, 4, 6, 3, 1, 2, 0];407
1810;20;2;21;[0, 3, 6, 7, 10, 13, 16, 19];55;[0, 3, 6, 7, 10, 13, 16, 19, 18, 19, 14, 19, 15, 17, 16, 11, 12, 9, 5, 2, 5, 4, 8, 3, 0, 1, 0, 3, 0];375
1811;20;2;21;[0, 1, 4, 8, 12, 15, 14, 18, 19];189;[0, 2, 4, 5, 6, 10, 12, 16, 15, 14, 18, 19, 18, 17, 13, 8, 11, 8, 12, 9, 7, 3, 4, 1, 0];601
1812;20;2;21;[0, 2, 4, 9, 10, 14, 17, 19];171;[0, 3, 2, 1, 5, 4, 6, 4, 8, 9, 10, 14, 17, 19, 17, 15, 16, 18, 16, 13, 16, 12, 11, 7, 11, 8, 4, 2, 1, 0];582
1813;20;2;21;[0, 1, 3, 8, 12, 14, 17, 19];119;[0, 1, 3, 7, 11, 7, 10, 13, 17, 19, 16, 17, 18, 17, 15, 17, 14, 12, 9, 12, 8, 6, 2, 5, 4, 1, 0];443
1814;20;2;21;[0, 3, 1, 4, 7, 10, 9, 15, 19];81;[0, 3, 1, 4, 7, 11, 7, 12, 14, 18, 14, 12, 13, 17, 15, 19, 16, 19, 15, 9, 10, 6, 10, 8, 10, 5, 10, 7, 4, 1, 3, 2, 3, 0];482
1815;20;2;21;[0, 2, 3, 7, 13, 14, 16, 19];76;[0, 2, 1, 5, 4, 5, 7, 9, 10, 9, 7, 13, 12, 16, 19, 17, 19, 16, 15, 18, 15, 16, 14, 13, 11, 8, 6, 7, 3, 2, 0];335
1816;20;2;21;[0, 3, 7, 11, 17, 19];76;[0, 5, 1, 2, 4, 7, 11, 12, 11, 17, 19, 18, 15, 16, 15, 13, 9, 14, 9, 8, 10, 6, 7, 3, 0];371
1817;20;2;21;[0, 7, 10, 13, 16, 19];176;[0, 4, 8, 12, 11, 13, 10, 13, 16, 18, 14, 16, 19, 17, 19, 15, 13, 10, 7, 9, 7, 5, 3, 5, 1, 6, 2, 4, 0];980
1818;20;2;21;[0, 3, 2, 5, 9, 13, 15, 19];121;[0, 3, 6, 7, 5, 9, 13, 10, 12, 16, 14, 18, 19, 15, 19, 18, 17, 18, 14, 11, 8, 4, 2, 1, 2, 3, 0];491
1819;20;2;21;[0, 4, 7, 10, 14, 19];130;[0, 1, 2, 5, 9, 12, 11, 12, 14, 19, 14, 17, 16, 18, 16, 15, 13, 8, 7, 10, 7, 4, 7, 6, 3, 6, 3, 0];552
1820;20;3;1;-;-;-;-
1821;20;3;1;-;-;-;-
1822;20;3;1;-;-;-;-
1823;20;3;1;-;-;-;-
1824;20;3;1;-;-;-;-
1825;20;3;1;-;-;-;-
1826;20;3;1;-;-;-;-
1827;20;3;1;-;-;-;-
1828;20;3;1;-;-;-;-
1829;20;3;1;-;-;-;-
1830;20;3;2;-;-;-;-
1831;20;3;2;-;-;-;-
1832;20;3;2;[0, 5, 6, 10, 14, 15, 17, 19];387;[0, 1, 0, 2, 3, 8, 7, 8, 9, 6, 10, 14, 11, 14, 16, 18, 15, 17, 19, 17, 15, 12, 16, 13, 10, 6, 4, 5, 0];1433
1833;20;3;2;[0, 4, 3, 7, 5, 11, 13, 16, 19];158;-;-
1834;20;3;2;-;-;-;-
1835;20;3;2;[0, 4, 6, 7, 10, 13, 15, 19];292;-;-
1836;20;3;2;-;-;-;-
1837;20;3;2;-;-;-;-
1838;20;3;2;-;-;-;-
1839;20;3;2;-;-;-;-
1840;20;3;3;[0, 1, 4, 7, 10, 18, 19];215;[0, 1, 4, 7, 9, 7, 2, 3, 2, 7, 10, 18, 19, 18, 10, 11, 17, 11, 12, 13, 15, 16, 12, 14, 12, 5, 8, 6, 4, 1, 0];1270
1841;20;3;3;[0, 2, 5, 8, 13, 15, 19];127;[0, 2, 6, 2, 3, 7, 3, 4, 1, 4, 3, 12, 16, 12, 14, 12, 13, 15, 18, 17, 18, 15, 19, 15, 11, 10, 9, 8, 5, 2, 0];892
1842;20;3;3;[0, 1, 5, 6, 9, 11, 12, 17, 19];266;[0, 1, 5, 3, 5, 8, 7, 8, 13, 10, 14, 11, 12, 17, 19, 17, 12, 11, 15, 18, 15, 11, 14, 16, 14, 10, 9, 4, 9, 6, 2, 1, 0];911
1843;20;3;3;[0, 1, 2, 6, 9, 8, 12, 18, 19];226;[0, 1, 4, 7, 3, 2, 6, 9, 11, 17, 16, 15, 14, 13, 14, 10, 11, 17, 19, 18, 12, 8, 9, 6, 5, 6, 2, 1, 0];1187
1844;20;3;3;[0, 3, 2, 7, 12, 15, 14, 19];344;-;-
1845;20;3;3;[0, 6, 3, 5, 7, 9, 13, 15, 17, 16, 19];180;[0, 6, 10, 8, 4, 5, 7, 9, 13, 15, 17, 16, 19, 16, 18, 16, 17, 15, 14, 12, 11, 13, 9, 7, 5, 3, 6, 1, 2, 0];626
1846;20;3;3;-;-;-;-
1847;20;3;3;-;-;-;-
1848;20;3;3;[0, 1, 2, 4, 7, 12, 13, 14, 16, 19];231;[0, 1, 2, 3, 5, 9, 6, 9, 10, 8, 4, 7, 12, 13, 14, 16, 19, 15, 17, 15, 19, 18, 19, 16, 14, 13, 12, 7, 11, 7, 4, 2, 1, 0];1088
1849;20;3;3;[0, 4, 6, 11, 13, 10, 16, 19];234;[0, 4, 6, 7, 9, 11, 12, 11, 13, 15, 14, 16, 19, 18, 17, 16, 10, 13, 11, 6, 3, 5, 2, 8, 2, 1, 2, 0];1099
1850;20;3;5;[0, 1, 8, 9, 11, 10, 16, 19];158;[0, 1, 8, 7, 9, 12, 15, 12, 13, 14, 13, 17, 19, 16, 18, 16, 10, 11, 9, 7, 5, 6, 3, 6, 4, 2, 1, 0];536
1851;20;3;5;[0, 1, 5, 11, 15, 13, 16, 19];110;[0, 1, 2, 6, 8, 6, 3, 4, 3, 5, 10, 9, 10, 7, 12, 15, 17, 18, 19, 16, 13, 15, 14, 11, 5, 2, 1, 0];573
1852;20;3;5;[0, 2, 8, 9, 15, 18, 19];103;[0, 1, 4, 5, 4, 7, 8, 7, 3, 6, 11, 14, 16, 13, 16, 15, 18, 19, 18, 15, 17, 15, 9, 12, 9, 10, 9, 8, 2, 0];573
1853;20;3;5;[0, 1, 2, 6, 8, 12, 11, 15, 16, 19];202;[0, 1, 2, 6, 14, 12, 8, 12, 11, 13, 11, 15, 16, 18, 16, 19, 16, 15, 11, 17, 11, 10, 7, 9, 5, 9, 6, 4, 2, 3, 2, 1, 0];716
1854;20;3;5;[0, 2, 6, 9, 13, 19];98;[0, 2, 6, 9, 11, 9, 13, 17, 15, 18, 15, 19, 16, 19, 13, 10, 14, 8, 7, 12, 7, 5, 3, 4, 3, 4, 1, 0];446
1855;20;3;5;[0, 1, 3, 8, 15, 17, 19];154;[0, 1, 3, 5, 4, 2, 4, 7, 9, 12, 11, 14, 13, 14, 17, 19, 17, 15, 17, 14, 18, 16, 18, 14, 11, 12, 10, 8, 6, 8, 3, 1, 0];755
1856;20;3;5;[0, 5, 9, 15, 17, 18, 16, 19];169;[0, 3, 6, 8, 6, 2, 6, 4, 7, 12, 11, 10, 16, 19, 16, 18, 17, 15, 14, 13, 14, 15, 9, 5, 1, 3, 0];701
1857;20;3;5;[0, 2, 9, 10, 17, 19];46;[0, 2, 1, 3, 7, 6, 7, 11, 10, 17, 19, 13, 12, 13, 15, 16, 14, 16, 17, 18, 17, 10, 8, 10, 9, 2, 4, 5, 1, 3, 1, 2, 0];494
1858;20;3;5;[0, 2, 12, 10, 15, 19];166;[0, 1, 3, 4, 8, 6, 9, 16, 9, 13, 17, 18, 15, 19, 15, 14, 13, 9, 10, 12, 7, 11, 7, 5, 2, 0];825
1859;20;3;5;[0, 3, 2, 4, 6, 9, 14, 19];133;[0, 3, 2, 4, 6, 11, 12, 10, 15, 16, 18, 19, 14, 17, 14, 13, 9, 8, 7, 8, 9, 6, 4, 5, 3, 0, 1, 0];726
1860;20;3;8;[0, 4, 7, 11, 15, 19];117;[0, 1, 3, 8, 3, 4, 7, 11, 7, 4, 9, 6, 9, 15, 19, 15, 17, 14, 18, 16, 13, 10, 12, 10, 5, 2, 0];496
1861;20;3;8;[0, 6, 9, 8, 12, 16, 19];80;[0, 6, 9, 6, 5, 4, 5, 6, 7, 10, 11, 12, 15, 12, 16, 18, 17, 19, 17, 14, 13, 11, 12, 8, 3, 1, 2, 0];357
1862;20;3;8;[0, 3, 5, 8, 10, 12, 18, 19];157;[0, 3, 5, 8, 6, 8, 10, 12, 17, 18, 19, 18, 16, 18, 11, 15, 11, 14, 11, 13, 9, 7, 4, 1, 4, 2, 3, 0];498
1863;20;3;8;[0, 3, 9, 15, 17, 19];87;[0, 3, 7, 12, 7, 11, 6, 3, 9, 15, 17, 19, 17, 18, 16, 13, 14, 10, 14, 8, 3, 5, 4, 2, 3, 1, 3, 0];533
1864;20;3;8;[0, 4, 6, 9, 14, 19];47;[0, 4, 1, 2, 1, 4, 6, 9, 7, 10, 13, 11, 13, 15, 16, 19, 18, 12, 8, 11, 17, 14, 9, 6, 5, 3, 4, 0];512
1865;20;3;8;[0, 3, 8, 14, 18, 19];63;[0, 2, 0, 3, 8, 14, 17, 10, 17, 14, 18, 19, 18, 14, 13, 15, 12, 16, 13, 14, 8, 7, 9, 11, 9, 4, 6, 5, 1, 3, 0];506
1866;20;3;8;[0, 3, 5, 10, 14, 19];73;[0, 1, 0, 2, 4, 2, 5, 8, 7, 9, 15, 17, 18, 16, 11, 13, 14, 19, 14, 13, 11, 6, 11, 12, 10, 5, 3, 0];517
1867;20;3;8;[0, 2, 5, 7, 9, 15, 19];106;[0, 4, 8, 4, 3, 6, 11, 6, 3, 1, 3, 5, 10, 13, 18, 17, 14, 12, 16, 15, 9, 15, 19, 15, 9, 7, 5, 2, 0];439
1868;20;3;8;[0, 4, 7, 11, 14, 13, 19];76;[0, 6, 1, 3, 8, 11, 14, 12, 15, 12, 14, 13, 19, 13, 16, 18, 17, 14, 11, 7, 4, 2, 4, 9, 10, 5, 6, 0];461
1869;20;3;8;[0, 2, 4, 9, 8, 12, 18, 19];160;[0, 3, 1, 4, 9, 8, 10, 13, 8, 12, 14, 12, 18, 19, 15, 17, 15, 16, 11, 9, 7, 9, 8, 6, 5, 4, 2, 0];786
1870;20;3;13;[0, 3, 6, 11, 17, 19];114;[0, 3, 5, 9, 14, 17, 11, 17, 18, 19, 15, 10, 14, 16, 12, 13, 12, 7, 8, 1, 8, 4, 2, 6, 3, 0];311
1871;20;3;13;[0, 4, 7, 12, 15, 19];88;[0, 5, 1, 4, 7, 11, 7, 4, 7, 11, 14, 16, 17, 19, 15, 18, 15, 12, 9, 12, 6, 12, 14, 13, 14, 10, 14, 12, 8, 3, 2, 0];470
1872;20;3;13;[0, 5, 8, 9, 6, 11, 17, 19];62;[0, 5, 1, 4, 1, 8, 9, 6, 2, 6, 11, 15, 11, 7, 11, 17, 19, 14, 18, 14, 13, 14, 19, 16, 12, 10, 3, 2, 6, 9, 8, 5, 0];302
1873;20;3;13;[0, 2, 1, 4, 7, 10, 15, 16, 18, 19];68;[0, 2, 1, 4, 7, 8, 17, 14, 17, 12, 13, 16, 18, 19, 18, 16, 18, 16, 15, 10, 15, 11, 6, 5, 9, 5, 7, 4, 3, 4, 1, 2, 0];282
1874;20;3;13;[0, 7, 10, 14, 19];56;[0, 1, 2, 4, 3, 6, 5, 6, 7, 8, 12, 16, 11, 10, 9, 10, 14, 19, 18, 17, 13, 10, 15, 10, 7, 0];360
1875;20;3;13;[0, 1, 4, 9, 17, 19];31;[0, 6, 5, 7, 5, 6, 5, 3, 5, 6, 8, 10, 13, 15, 12, 15, 18, 14, 11, 17, 19, 17, 16, 17, 9, 4, 2, 4, 1, 0];260
1876;20;3;13;[0, 1, 5, 9, 12, 17, 14, 15, 19];97;[0, 2, 6, 8, 6, 4, 5, 9, 5, 11, 13, 7, 3, 7, 13, 15, 19, 15, 18, 15, 14, 10, 14, 17, 16, 17, 12, 9, 5, 1, 0];456
1877;20;3;13;[0, 2, 3, 9, 12, 14, 19];144;[0, 1, 4, 6, 3, 6, 4, 8, 7, 8, 7, 5, 7, 8, 4, 6, 3, 9, 15, 17, 18, 16, 14, 11, 14, 19, 14, 10, 14, 12, 9, 13, 9, 3, 6, 4, 6, 3, 2, 0];540
1878;20;3;13;[0, 4, 2, 1, 5, 10, 14, 13, 19];62;[0, 4, 7, 6, 8, 10, 12, 15, 18, 10, 14, 17, 14, 13, 19, 13, 11, 16, 9, 5, 9, 5, 1, 2, 3, 0];407
1879;20;3;13;[0, 6, 10, 7, 12, 16, 19];95;[0, 3, 5, 6, 10, 7, 12, 13, 18, 14, 11, 14, 9, 14, 17, 19, 15, 16, 12, 7, 10, 7, 2, 1, 2, 7, 10, 8, 4, 0];466
1880;20;3;21;[0, 4, 5, 7, 9, 11, 15, 19];46;[0, 1, 2, 6, 5, 3, 5, 6, 10, 12, 13, 16, 18, 19, 15, 14, 16, 13, 12, 17, 11, 9, 11, 9, 7, 5, 6, 5, 4, 8, 4, 0];245
1881;20;3;21;[0, 3, 4, 13, 18, 19];58;[0, 3, 4, 13, 18, 19, 18, 14, 16, 15, 16, 17, 11, 17, 12, 16, 14, 9, 7, 6, 2, 5, 1, 6, 8, 10, 8, 3, 0];318
1882;20;3;21;[0, 1, 5, 9, 14, 19];46;[0, 2, 3, 7, 12, 7, 3, 4, 9, 13, 18, 13, 6, 13, 11, 8, 11, 16, 15, 10, 15, 17, 19, 14, 9, 5, 1, 0];333
1883;20;3;21;[0, 6, 3, 8, 9, 14, 17, 19];98;[0, 2, 4, 7, 15, 19, 13, 19, 17, 14, 18, 16, 12, 17, 11, 8, 9, 10, 9, 8, 3, 1, 3, 6, 5, 6, 0];398
1884;20;3;21;[0, 2, 9, 14, 17, 19];58;[0, 2, 9, 10, 15, 14, 17, 19, 17, 14, 16, 13, 18, 12, 8, 5, 1, 6, 4, 11, 3, 7, 3, 11, 4, 2, 0];430
1885;20;3;21;[0, 1, 5, 8, 13, 19];50;[0, 1, 5, 8, 13, 19, 18, 19, 16, 15, 10, 14, 12, 17, 12, 5, 8, 2, 3, 2, 7, 6, 9, 11, 9, 5, 4, 5, 1, 0];323
1886;20;3;21;[0, 8, 9, 11, 10, 19];31;[0, 1, 4, 7, 9, 8, 2, 8, 13, 15, 14, 6, 8, 9, 16, 12, 16, 18, 19, 17, 19, 10, 11, 5, 3, 5, 11, 9, 8, 0];317
1887;20;3;21;[0, 5, 10, 13, 19];45;[0, 5, 3, 7, 11, 4, 11, 7, 14, 18, 17, 18, 14, 10, 15, 16, 15, 19, 13, 9, 13, 10, 8, 12, 8, 6, 1, 6, 2, 5, 0];205
1888;20;3;21;[0, 3, 7, 12, 15, 19];45;[0, 3, 7, 1, 4, 2, 6, 8, 13, 10, 12, 15, 19, 18, 19, 16, 17, 14, 15, 11, 9, 11, 5, 1, 7, 3, 0];285
1889;20;3;21;[0, 7, 12, 6, 14, 17, 15, 19];71;[0, 7, 4, 7, 5, 1, 5, 2, 3, 9, 11, 15, 8, 15, 18, 16, 19, 15, 17, 14, 17, 15, 8, 13, 10, 12, 6, 12, 10, 12, 7, 0];317
1890;20;5;1;-;-;-;-
1891;20;5;1;-;-;-;-
1892;20;5;1;-;-;-;-
1893;20;5;1;-;-;-;-
1894;20;5;1;-;-;-;-
1895;20;5;1;-;-;-;-
1896;20;5;1;-;-;-;-
1897;20;5;1;-;-;-;-
1898;20;5;1;-;-;-;-
1899;20;5;1;-;-;-;-
1900;20;5;2;[0, 3, 10, 9, 4, 12, 14, 19];254;-;-
1901;20;5;2;[0, 4, 11, 18, 19];210;-;-
1902;20;5;2;[0, 8, 12, 18, 19];119;-;-
1903;20;5;2;[0, 9, 6, 7, 17, 19];287;-;-
1904;20;5;2;-;-;-;-
1905;20;5;2;-;-;-;-
1906;20;5;2;-;-;-;-
1907;20;5;2;[0, 9, 10, 7, 16, 19];187;-;-
1908;20;5;2;-;-;-;-
1909;20;5;2;[0, 2, 7, 12, 19];135;-;-
1910;20;5;3;-;-;-;-
1911;20;5;3;[0, 1, 3, 4, 10, 15, 13, 19];178;-;-
1912;20;5;3;[0, 5, 19];30;-;-
1913;20;5;3;[0, 8, 17, 14, 19];178;[0, 8, 3, 8, 17, 11, 17, 14, 19, 14, 18, 14, 16, 13, 12, 9, 7, 10, 15, 10, 7, 9, 13, 6, 13, 4, 5, 0, 1, 0, 2, 0];1210
1914;20;5;3;[0, 1, 7, 12, 16, 17, 19];279;-;-
1915;20;5;3;[0, 9, 10, 19];93;-;-
1916;20;5;3;[0, 3, 11, 16, 18, 19];234;[0, 3, 4, 12, 15, 18, 19, 18, 17, 16, 11, 16, 13, 15, 13, 6, 4, 8, 4, 10, 9, 14, 9, 3, 5, 3, 0, 1, 7, 2, 7, 1, 0];1094
1917;20;5;3;[0, 3, 12, 17, 19];112;-;-
1918;20;5;3;-;-;-;-
1919;20;5;3;[0, 4, 10, 19];117;[0, 4, 2, 5, 6, 9, 14, 17, 19, 10, 16, 13, 16, 18, 16, 15, 16, 10, 9, 7, 1, 3, 8, 11, 8, 12, 8, 5, 0];945
1920;20;5;5;[0, 7, 16, 19];85;[0, 5, 1, 6, 8, 6, 7, 16, 11, 18, 15, 13, 15, 18, 19, 10, 12, 14, 17, 14, 12, 9, 4, 2, 4, 9, 3, 0];670
1921;20;5;5;[0, 10, 19];42;[0, 10, 6, 10, 13, 11, 14, 19, 18, 17, 8, 12, 15, 12, 4, 7, 4, 3, 2, 1, 5, 1, 9, 4, 12, 16, 19, 10, 0];507
1922;20;5;5;[0, 1, 8, 9, 15, 14, 17, 19];135;[0, 1, 8, 9, 11, 4, 11, 12, 11, 9, 15, 14, 17, 19, 17, 13, 18, 16, 15, 9, 5, 3, 10, 7, 10, 6, 2, 9, 8, 1, 0];600
1923;20;5;5;[0, 11, 15, 19];78;[0, 1, 10, 8, 10, 13, 16, 14, 9, 5, 3, 2, 3, 5, 7, 10, 6, 18, 15, 19, 15, 18, 6, 10, 4, 10, 13, 17, 11, 12, 11, 0];770
1924;20;5;5;[0, 8, 11, 13, 19];58;[0, 8, 12, 8, 10, 9, 1, 4, 1, 11, 13, 19, 18, 19, 13, 11, 8, 3, 7, 14, 16, 14, 17, 15, 17, 14, 7, 5, 6, 5, 2, 8, 0];544
1925;20;5;5;[0, 8, 4, 13, 19];53;[0, 8, 4, 3, 4, 13, 19, 14, 16, 9, 12, 17, 18, 11, 9, 15, 9, 10, 7, 2, 5, 1, 4, 8, 6, 8, 0];549
1926;20;5;5;[0, 5, 3, 12, 9, 19];119;[0, 5, 3, 12, 13, 8, 15, 16, 19, 18, 17, 14, 11, 6, 11, 9, 12, 13, 10, 7, 2, 1, 2, 5, 4, 0];695
1927;20;5;5;[0, 3, 6, 19];96;[0, 3, 8, 9, 8, 3, 4, 7, 4, 1, 5, 10, 11, 14, 16, 14, 15, 13, 19, 18, 17, 12, 2, 3, 6, 3, 8, 3, 0];718
1928;20;5;5;[0, 5, 11, 13, 19];84;[0, 5, 11, 13, 15, 18, 15, 13, 19, 13, 14, 13, 16, 17, 16, 11, 5, 9, 7, 12, 7, 8, 7, 9, 3, 10, 3, 2, 6, 4, 1, 4, 6, 0];559
1929;20;5;5;[0, 9, 11, 16, 19];112;[0, 9, 5, 6, 8, 11, 16, 18, 16, 19, 15, 14, 10, 12, 10, 14, 17, 16, 7, 13, 1, 3, 1, 13, 1, 2, 8, 4, 9, 0];684
1930;20;5;8;[0, 3, 4, 7, 11, 18, 19];67;[0, 3, 4, 7, 11, 9, 13, 9, 11, 7, 4, 3, 5, 15, 6, 8, 16, 19, 17, 10, 17, 18, 12, 14, 6, 5, 2, 1, 3, 0];458
1931;20;5;8;[0, 5, 13, 19];55;[0, 5, 13, 19, 15, 17, 18, 16, 17, 15, 14, 12, 10, 7, 11, 9, 11, 5, 4, 8, 4, 6, 4, 2, 1, 3, 0];436
1932;20;5;8;[0, 2, 10, 5, 1, 6, 13, 19];62;[0, 2, 12, 9, 7, 3, 1, 6, 13, 19, 18, 19, 16, 17, 11, 8, 11, 15, 14, 15, 5, 1, 6, 1, 5, 10, 4, 10, 2, 0];390
1933;20;5;8;[0, 10, 16, 19];129;[0, 10, 16, 14, 18, 17, 13, 17, 13, 15, 13, 17, 7, 17, 11, 12, 16, 19, 16, 10, 8, 1, 9, 12, 6, 4, 5, 4, 3, 4, 2, 0];514
1934;20;5;8;[0, 2, 4, 12, 14, 19];79;[0, 13, 17, 18, 15, 14, 19, 14, 12, 4, 9, 11, 9, 8, 5, 8, 6, 7, 15, 16, 10, 4, 2, 4, 3, 1, 0];433
1935;20;5;8;[0, 8, 15, 19];84;[0, 4, 6, 12, 13, 15, 18, 14, 16, 19, 17, 15, 8, 11, 8, 6, 9, 10, 5, 7, 1, 2, 1, 3, 0];311
1936;20;5;8;[0, 8, 11, 9, 13, 18, 17, 19];85;[0, 10, 0, 2, 3, 6, 4, 1, 4, 7, 8, 11, 9, 13, 18, 17, 19, 17, 18, 13, 12, 14, 15, 14, 16, 8, 5, 8, 0];445
1937;20;5;8;[0, 2, 4, 10, 19];64;[0, 2, 6, 2, 11, 8, 13, 18, 19, 13, 17, 14, 16, 15, 9, 5, 1, 12, 14, 16, 4, 10, 4, 7, 3, 7, 4, 2, 0];427
1938;20;5;8;[0, 4, 9, 19];114;[0, 1, 5, 8, 10, 18, 19, 9, 19, 16, 15, 14, 17, 14, 13, 12, 10, 7, 10, 4, 3, 11, 3, 6, 2, 6, 1, 0];506
1939;20;5;8;[0, 2, 10, 17, 19];59;[0, 1, 6, 5, 14, 16, 14, 12, 10, 12, 18, 19, 17, 10, 12, 10, 4, 10, 12, 7, 8, 7, 11, 7, 9, 15, 9, 7, 3, 7, 13, 5, 2, 0];411
1940;20;5;13;[0, 3, 5, 11, 14, 16, 19];102;[0, 1, 4, 1, 8, 12, 10, 12, 8, 17, 15, 19, 16, 14, 11, 17, 18, 17, 11, 9, 11, 5, 7, 13, 7, 5, 3, 6, 2, 6, 3, 0];429
1941;20;5;13;[0, 7, 12, 9, 14, 19];87;[0, 1, 2, 7, 12, 6, 10, 13, 17, 18, 14, 9, 14, 19, 14, 10, 11, 16, 8, 3, 4, 15, 5, 15, 4, 0];344
1942;20;5;13;[0, 3, 1, 6, 11, 19];22;[0, 3, 2, 3, 7, 5, 9, 14, 18, 14, 13, 8, 13, 15, 10, 15, 17, 19, 11, 16, 11, 6, 12, 4, 12, 6, 1, 3, 0];194
1943;20;5;13;[0, 2, 4, 14, 17, 16, 19];55;[0, 2, 4, 14, 17, 16, 19, 12, 7, 12, 9, 10, 18, 13, 15, 8, 5, 6, 11, 6, 5, 9, 1, 3, 4, 2, 0];235
1944;20;5;13;[0, 8, 15, 19];30;[0, 13, 19, 15, 10, 18, 11, 3, 5, 14, 10, 7, 6, 1, 6, 7, 4, 16, 17, 9, 4, 12, 8, 2, 0];299
1945;20;5;13;[0, 3, 14, 19];74;[0, 3, 2, 3, 4, 1, 6, 8, 12, 16, 15, 16, 13, 10, 13, 12, 17, 14, 19, 18, 11, 9, 11, 5, 7, 5, 0];422
1946;20;5;13;[0, 4, 13, 14, 17, 19];85;[0, 2, 7, 11, 15, 18, 19, 17, 14, 16, 14, 3, 9, 6, 9, 3, 10, 5, 8, 5, 10, 12, 13, 4, 0, 1, 0];466
1947;20;5;13;[0, 3, 10, 15, 19];25;[0, 3, 10, 15, 19, 14, 13, 14, 18, 11, 12, 10, 16, 10, 12, 8, 11, 17, 4, 9, 7, 5, 1, 5, 2, 6, 2, 0];275
1948;20;5;13;[0, 1, 5, 15, 12, 19];34;[0, 2, 14, 8, 3, 8, 4, 12, 19, 12, 17, 12, 13, 16, 13, 6, 13, 12, 15, 10, 9, 10, 15, 10, 9, 11, 18, 11, 9, 7, 9, 10, 15, 5, 1, 5, 1, 0];286
1949;20;5;13;[0, 2, 5, 12, 16, 9, 15, 19];85;[0, 2, 6, 4, 6, 2, 5, 12, 16, 9, 8, 15, 19, 17, 13, 10, 11, 14, 11, 10, 7, 18, 7, 9, 3, 1, 0];324
1950;20;5;21;[0, 1, 9, 8, 13, 19];43;[0, 5, 2, 5, 10, 3, 11, 17, 11, 14, 19, 13, 19, 14, 18, 15, 11, 16, 9, 4, 7, 12, 8, 6, 8, 9, 1, 0];252
1951;20;5;21;[0, 7, 16, 19];25;[0, 7, 16, 11, 17, 11, 8, 13, 8, 15, 6, 15, 9, 5, 12, 5, 2, 1, 2, 5, 9, 3, 4, 8, 14, 18, 19, 18, 10, 16, 7, 0];217
1952;20;5;21;[0, 9, 13, 19];55;[0, 6, 7, 5, 7, 8, 10, 17, 13, 9, 13, 16, 11, 16, 4, 1, 4, 14, 18, 19, 15, 19, 12, 14, 4, 8, 3, 8, 7, 2, 0];287
1953;20;5;21;[0, 4, 3, 7, 12, 11, 14, 19];29;[0, 4, 8, 1, 8, 15, 12, 16, 12, 11, 9, 18, 17, 10, 17, 13, 14, 19, 14, 5, 14, 11, 12, 7, 3, 6, 3, 2, 3, 4, 0];267
1954;20;5;21;[0, 13, 19];10;[0, 1, 0, 6, 4, 2, 3, 2, 8, 2, 5, 11, 19, 17, 19, 14, 7, 12, 7, 14, 15, 18, 15, 10, 16, 10, 9, 10, 13, 0];253
1955;20;5;21;[0, 6, 10, 19];37;[0, 1, 9, 14, 7, 13, 18, 8, 2, 8, 12, 3, 12, 13, 15, 17, 15, 11, 15, 6, 10, 19, 16, 19, 10, 6, 5, 4, 9, 1, 0];234
1956;20;5;21;[0, 2, 7, 11, 14, 18, 19];66;[0, 3, 1, 10, 15, 4, 13, 14, 18, 19, 18, 17, 12, 7, 8, 9, 16, 11, 5, 11, 7, 6, 7, 2, 0];462
1957;20;5;21;[0, 4, 13, 19];14;[0, 4, 5, 4, 6, 17, 16, 10, 7, 3, 11, 3, 1, 2, 6, 8, 9, 15, 9, 8, 14, 18, 19, 13, 12, 13, 4, 0];302
1958;20;5;21;[0, 13, 19];12;[0, 3, 2, 3, 8, 9, 14, 15, 5, 15, 5, 6, 4, 6, 1, 9, 11, 17, 16, 18, 10, 11, 17, 11, 19, 12, 19, 13, 7, 0];180
1959;20;5;21;[0, 7, 11, 18, 14, 19];38;[0, 7, 8, 16, 8, 4, 8, 5, 3, 1, 6, 1, 3, 9, 2, 9, 17, 10, 13, 10, 3, 15, 18, 14, 19, 14, 12, 14, 18, 11, 7, 0];251
1960;20;8;1;-;-;-;-
1961;20;8;1;-;-;-;-
1962;20;8;1;-;-;-;-
1963;20;8;1;-;-;-;-
1964;20;8;1;-;-;-;-
1965;20;8;1;-;-;-;-
1966;20;8;1;-;-;-;-
1967;20;8;1;-;-;-;-
1968;20;8;1;[0, 6, 12, 17, 19];250;-;-
1969;20;8;1;-;-;-;-
1970;20;8;2;[0, 9, 5, 7, 16, 19];341;[0, 9, 10, 13, 4, 13, 17, 13, 11, 13, 10, 9, 6, 15, 8, 7, 16, 14, 16, 19, 16, 7, 3, 7, 1, 7, 8, 18, 12, 2, 6, 9, 5, 9, 0];1632
1971;20;8;2;-;-;-;-
1972;20;8;2;[0, 6, 9, 19];136;-;-
1973;20;8;2;[0, 6, 3, 13, 16, 19];343;-;-
1974;20;8;2;-;-;-;-
1975;20;8;2;-;-;-;-
1976;20;8;2;[0, 12, 16, 19];68;-;-
1977;20;8;2;[0, 3, 17, 16, 19];170;-;-
1978;20;8;2;[0, 14, 11, 16, 19];96;-;-
1979;20;8;2;-;-;-;-
1980;20;8;3;[0, 6, 17, 16, 19];165;-;-
1981;20;8;3;[0, 10, 8, 19];151;-;-
1982;20;8;3;-;-;-;-
1983;20;8;3;-;-;-;-
1984;20;8;3;[0, 9, 19];158;-;-
1985;20;8;3;-;-;-;-
1986;20;8;3;[0, 2, 7, 13, 6, 17, 19];231;-;-
1987;20;8;3;[0, 4, 15, 19];30;[0, 4, 5, 10, 5, 14, 13, 14, 16, 18, 15, 19, 15, 4, 12, 4, 0, 8, 6, 17, 6, 9, 11, 2, 6, 8, 7, 1, 7, 8, 3, 8, 0];791
1988;20;8;3;-;-;-;-
1989;20;8;3;-;-;-;-
1990;20;8;5;[0, 2, 18, 19];150;[0, 2, 12, 5, 12, 16, 15, 16, 7, 14, 17, 19, 18, 3, 9, 10, 6, 8, 11, 10, 1, 10, 13, 4, 2, 0];759
1991;20;8;5;[0, 9, 15, 19];36;[0, 8, 10, 18, 10, 9, 15, 17, 15, 19, 15, 9, 7, 6, 5, 6, 11, 3, 4, 14, 16, 12, 13, 12, 2, 1, 2, 9, 0];686
1992;20;8;5;[0, 8, 6, 13, 19];108;[0, 9, 3, 5, 2, 6, 13, 19, 16, 18, 16, 10, 16, 14, 11, 17, 10, 7, 1, 7, 12, 15, 4, 0, 8, 0];924
1993;20;8;5;[0, 2, 7, 16, 19];75;[0, 2, 3, 8, 10, 8, 11, 13, 6, 16, 19, 16, 7, 16, 14, 17, 12, 9, 18, 15, 5, 4, 5, 1, 2, 0];780
1994;20;8;5;[0, 1, 2, 3, 5, 13, 19];109;[0, 7, 4, 7, 18, 6, 12, 5, 12, 5, 3, 2, 3, 5, 13, 15, 10, 16, 19, 13, 9, 17, 14, 17, 9, 11, 1, 8, 1, 0];775
1995;20;8;5;[0, 9, 4, 6, 17, 19];79;-;-
1996;20;8;5;[0, 6, 13, 18, 19];114;[0, 6, 14, 7, 4, 7, 5, 1, 5, 3, 8, 12, 8, 15, 16, 15, 11, 15, 8, 2, 8, 12, 9, 19, 18, 13, 6, 17, 6, 10, 6, 0];753
1997;20;8;5;[0, 19];24;[0, 15, 9, 14, 9, 10, 9, 7, 6, 7, 12, 13, 3, 2, 9, 7, 8, 18, 8, 5, 16, 5, 4, 5, 8, 1, 8, 11, 17, 19, 0];737
1998;20;8;5;[0, 9, 12, 14, 10, 15, 19];136;[0, 5, 6, 16, 17, 16, 9, 12, 13, 14, 18, 14, 10, 15, 19, 15, 10, 11, 7, 3, 4, 3, 7, 8, 2, 1, 9, 0];698
1999;20;8;5;[0, 7, 2, 15, 19];153;[0, 7, 2, 15, 19, 15, 17, 8, 11, 18, 13, 12, 9, 3, 7, 16, 7, 2, 4, 1, 6, 5, 14, 10, 14, 4, 2, 7, 0];1100
2000;20;8;8;[0, 3, 15, 19];55;[0, 3, 14, 3, 15, 19, 15, 13, 18, 13, 15, 11, 2, 8, 2, 9, 15, 10, 5, 12, 5, 10, 17, 16, 5, 10, 6, 1, 6, 4, 7, 0];613
2001;20;8;8;[0, 9, 5, 3, 8, 19];44;[0, 9, 5, 3, 8, 19, 8, 16, 17, 12, 17, 16, 7, 13, 10, 14, 18, 2, 6, 2, 3, 11, 15, 1, 4, 9, 0];510
2002;20;8;8;[0, 6, 19];17;[0, 3, 0, 4, 8, 16, 12, 16, 9, 18, 17, 10, 7, 13, 9, 2, 1, 2, 9, 13, 15, 19, 11, 19, 14, 6, 5, 6, 0];414
2003;20;8;8;[0, 2, 4, 16, 12, 19];66;[0, 2, 4, 16, 12, 5, 12, 19, 14, 18, 13, 18, 17, 12, 16, 9, 7, 8, 11, 10, 6, 11, 8, 3, 8, 15, 1, 4, 2, 0];344
2004;20;8;8;[0, 1, 5, 8, 7, 18, 19];137;[0, 1, 5, 17, 16, 10, 15, 10, 2, 10, 14, 19, 18, 7, 18, 12, 11, 6, 3, 4, 13, 4, 9, 4, 7, 8, 5, 1, 0];568
2005;20;8;8;[0, 8, 19];71;[0, 6, 17, 18, 17, 6, 15, 6, 10, 1, 10, 5, 9, 5, 11, 5, 13, 14, 12, 14, 7, 2, 7, 5, 4, 16, 3, 16, 19, 8, 0];577
2006;20;8;8;[0, 19];5;[0, 13, 17, 16, 12, 19, 12, 8, 4, 8, 14, 1, 5, 10, 2, 15, 2, 3, 6, 11, 6, 9, 18, 9, 7, 9, 19, 0];689
2007;20;8;8;[0, 11, 19];47;[0, 15, 10, 4, 13, 12, 18, 19, 3, 2, 3, 1, 3, 6, 17, 6, 9, 14, 16, 8, 13, 4, 5, 7, 11, 0];356
2008;20;8;8;[0, 5, 19];39;[0, 1, 7, 14, 16, 15, 16, 13, 16, 3, 8, 17, 8, 1, 7, 10, 9, 12, 2, 6, 2, 5, 19, 5, 11, 4, 0, 18, 0];395
2009;20;8;8;[0, 1, 5, 11, 4, 16, 19];94;[0, 1, 5, 11, 6, 14, 18, 14, 8, 9, 8, 17, 19, 16, 10, 16, 4, 11, 5, 13, 15, 7, 2, 12, 2, 5, 1, 3, 1, 0];597
2010;20;8;13;[0, 6, 12, 19];45;[0, 2, 10, 2, 7, 14, 16, 14, 9, 14, 6, 15, 17, 12, 13, 19, 12, 18, 12, 17, 4, 8, 1, 3, 5, 3, 11, 3, 1, 6, 0];245
2011;20;8;13;[0, 5, 12, 10, 19];25;[0, 4, 2, 4, 5, 1, 5, 12, 10, 19, 10, 12, 7, 11, 16, 11, 3, 1, 5, 1, 13, 18, 15, 8, 9, 17, 14, 6, 0];247
2012;20;8;13;[0, 4, 9, 1, 7, 6, 19];73;[0, 5, 0, 4, 2, 4, 9, 15, 17, 19, 6, 7, 6, 10, 16, 8, 11, 9, 1, 3, 7, 18, 13, 14, 12, 0];370
2013;20;8;13;[0, 2, 9, 11, 19];29;[0, 10, 7, 8, 15, 8, 12, 18, 13, 8, 9, 11, 19, 11, 17, 14, 17, 16, 17, 11, 5, 6, 1, 3, 4, 3, 0, 2, 0];173
2014;20;8;13;[0, 1, 19];20;[0, 7, 4, 7, 9, 15, 18, 14, 16, 14, 18, 13, 5, 13, 19, 11, 10, 3, 10, 17, 10, 6, 8, 3, 2, 3, 10, 1, 12, 1, 0];332
2015;20;8;13;[0, 16, 19];48;[0, 5, 14, 11, 18, 11, 9, 7, 6, 14, 17, 15, 17, 8, 10, 12, 10, 19, 16, 13, 2, 3, 1, 3, 2, 13, 4, 14, 5, 0];246
2016;20;8;13;[0, 3, 5, 19];37;[0, 8, 9, 13, 17, 16, 6, 18, 6, 16, 14, 16, 6, 1, 12, 7, 11, 7, 10, 19, 5, 2, 5, 3, 0, 6, 15, 4, 0];480
2017;20;8;13;[0, 7, 14, 16, 19];53;[0, 4, 6, 17, 7, 14, 18, 14, 15, 14, 12, 11, 12, 14, 16, 19, 16, 9, 1, 13, 8, 5, 8, 10, 1, 3, 1, 2, 0];337
2018;20;8;13;[0, 1, 16, 9, 19];27;[0, 11, 0, 13, 14, 8, 7, 17, 18, 17, 12, 10, 6, 15, 16, 5, 16, 9, 19, 9, 16, 1, 4, 1, 2, 1, 3, 1, 0];305
2019;20;8;13;[0, 3, 2, 12, 16, 13, 19];22;[0, 4, 10, 5, 19, 5, 14, 5, 10, 13, 6, 9, 11, 17, 15, 7, 15, 12, 18, 12, 2, 3, 2, 12, 16, 8, 16, 13, 6, 1, 3, 0];180
2020;20;8;21;[0, 11, 8, 13, 19];25;[0, 18, 5, 4, 5, 10, 1, 2, 12, 9, 14, 15, 14, 3, 12, 17, 6, 16, 6, 13, 8, 13, 19, 13, 7, 13, 8, 11, 0];222
2021;20;8;21;[0, 11, 19];14;[0, 5, 14, 13, 18, 16, 18, 13, 7, 15, 11, 19, 11, 8, 12, 8, 12, 6, 2, 6, 3, 1, 4, 17, 10, 9, 4, 1, 8, 11, 0];259
2022;20;8;21;[0, 2, 19];47;[0, 6, 7, 16, 11, 8, 12, 4, 18, 14, 18, 17, 9, 17, 18, 14, 19, 2, 8, 10, 1, 4, 13, 5, 15, 3, 6, 0];244
2023;20;8;21;[0, 7, 4, 3, 12, 19];24;[0, 7, 4, 3, 6, 13, 18, 14, 17, 14, 9, 10, 7, 4, 7, 4, 3, 8, 11, 19, 12, 16, 1, 5, 15, 5, 1, 16, 1, 2, 4, 7, 0];170
2024;20;8;21;[0, 8, 1, 14, 19];32;[0, 8, 9, 17, 9, 8, 1, 6, 13, 19, 13, 16, 18, 12, 5, 12, 2, 11, 7, 10, 11, 4, 15, 14, 3, 14, 1, 8, 0];192
2025;20;8;21;[0, 7, 19];12;[0, 6, 5, 16, 12, 13, 14, 15, 4, 3, 0, 8, 9, 8, 10, 18, 10, 2, 17, 19, 7, 19, 1, 19, 11, 8, 0, 3, 0];309
2026;20;8;21;[0, 4, 14, 19];12;[0, 4, 11, 4, 14, 19, 6, 9, 16, 9, 17, 5, 17, 7, 15, 7, 12, 7, 17, 5, 2, 13, 10, 13, 8, 18, 8, 13, 1, 3, 1, 0];184
2027;20;8;21;[0, 5, 8, 19];41;[0, 6, 7, 14, 2, 12, 15, 12, 16, 11, 3, 13, 3, 13, 10, 17, 12, 9, 18, 8, 19, 8, 18, 8, 4, 1, 5, 7, 6, 0];156
2028;20;8;21;[0, 14, 12, 19];17;[0, 7, 5, 7, 16, 9, 8, 3, 17, 3, 8, 6, 13, 15, 12, 4, 1, 4, 12, 18, 12, 4, 1, 11, 2, 16, 10, 19, 12, 4, 12, 14, 0];173
2029;20;8;21;[0, 11, 8, 19];17;[0, 11, 2, 10, 14, 15, 3, 12, 18, 13, 12, 5, 12, 16, 10, 17, 10, 2, 1, 8, 9, 7, 9, 8, 1, 8, 19, 8, 11, 4, 11, 6, 11, 0];134
2030;20;13;1;-;-;-;-
2031;20;13;1;-;-;-;-
2032;20;13;1;-;-;-;-
2033;20;13;1;-;-;-;-
2034;20;13;1;-;-;-;-
2035;20;13;1;-;-;-;-
2036;20;13;1;-;-;-;-
2037;20;13;1;-;-;-;-
2038;20;13;1;-;-;-;-
2039;20;13;1;-;-;-;-
2040;20;13;2;-;-;-;-
2041;20;13;2;-;-;-;-
2042;20;13;2;-;-;-;-
2043;20;13;2;-;-;-;-
2044;20;13;2;-;-;-;-
2045;20;13;2;-;-;-;-
2046;20;13;2;[0, 7, 19];137;-;-
2047;20;13;2;-;-;-;-
2048;20;13;2;-;-;-;-
2049;20;13;2;-;-;-;-
2050;20;13;3;-;-;-;-
2051;20;13;3;-;-;-;-
2052;20;13;3;[0, 6, 5, 19];158;-;-
2053;20;13;3;[0, 2, 4, 6, 11, 19];240;-;-
2054;20;13;3;-;-;-;-
2055;20;13;3;-;-;-;-
2056;20;13;3;[0, 9, 19];23;-;-
2057;20;13;3;[0, 10, 15, 19];52;-;-
2058;20;13;3;[0, 6, 3, 8, 19];102;-;-
2059;20;13;3;[0, 9, 18, 19];187;-;-
2060;20;13;5;-;-;-;-
2061;20;13;5;[0, 6, 14, 19];123;[0, 6, 14, 19, 14, 17, 11, 17, 18, 13, 2, 13, 18, 8, 5, 8, 10, 3, 10, 8, 12, 9, 12, 15, 4, 16, 1, 16, 7, 16, 5, 14, 6, 0];1374
2062;20;13;5;[0, 19];5;-;-
2063;20;13;5;[0, 14, 5, 10, 15, 19];133;[0, 16, 9, 10, 11, 17, 11, 18, 2, 19, 15, 13, 4, 13, 15, 10, 5, 14, 5, 8, 12, 16, 0, 1, 0, 6, 7, 6, 0, 3, 0, 16, 0];977
2064;20;13;5;[0, 4, 7, 10, 19];139;[0, 2, 12, 5, 9, 17, 9, 6, 14, 11, 16, 6, 15, 4, 3, 4, 7, 10, 19, 10, 18, 10, 7, 4, 1, 13, 8, 13, 2, 0];928
2065;20;13;5;[0, 1, 16, 13, 19];116;-;-
2066;20;13;5;[0, 4, 3, 15, 19];134;-;-
2067;20;13;5;[0, 1, 19];91;[0, 9, 11, 13, 14, 4, 10, 4, 12, 6, 11, 5, 17, 5, 15, 7, 15, 5, 2, 5, 3, 1, 19, 1, 16, 8, 16, 1, 0, 18, 0];894
2068;20;13;5;[0, 9, 14, 19];131;[0, 11, 13, 11, 9, 14, 3, 14, 19, 12, 10, 15, 18, 16, 18, 8, 10, 5, 2, 1, 4, 6, 17, 14, 7, 14, 9, 0];1343
2069;20;13;5;-;-;-;-
2070;20;13;8;[0, 8, 6, 9, 19];53;[0, 8, 6, 15, 14, 10, 2, 8, 6, 9, 12, 13, 12, 18, 16, 18, 11, 3, 9, 19, 1, 4, 17, 5, 7, 5, 0];653
2071;20;13;8;[0, 19];15;[0, 13, 14, 10, 8, 12, 4, 5, 3, 5, 1, 5, 3, 18, 6, 18, 9, 15, 16, 15, 11, 7, 2, 7, 17, 19, 0];581
2072;20;13;8;[0, 19];28;[0, 19, 13, 19, 18, 14, 4, 14, 18, 19, 17, 1, 10, 3, 6, 15, 11, 8, 11, 5, 11, 15, 6, 12, 6, 7, 2, 9, 16, 9, 2, 0];428
2073;20;13;8;[0, 5, 19];102;[0, 9, 8, 16, 18, 14, 18, 11, 13, 15, 19, 15, 13, 1, 12, 17, 7, 6, 3, 4, 2, 4, 8, 16, 10, 5, 0];652
2074;20;13;8;[0, 6, 9, 19];42;[0, 2, 19, 7, 17, 7, 4, 13, 4, 14, 10, 14, 10, 11, 18, 8, 5, 1, 19, 9, 12, 15, 12, 3, 12, 9, 6, 16, 6, 0];792
2075;20;13;8;[0, 5, 3, 6, 19];21;[0, 5, 14, 18, 15, 17, 15, 5, 3, 6, 11, 6, 19, 12, 4, 8, 1, 2, 6, 19, 7, 16, 14, 10, 14, 13, 9, 14, 5, 0];519
2076;20;13;8;[0, 2, 1, 6, 18, 14, 19];65;[0, 4, 17, 19, 14, 18, 14, 12, 7, 3, 5, 12, 8, 16, 10, 6, 1, 6, 13, 6, 18, 17, 11, 9, 15, 9, 2, 0];460
2077;20;13;8;[0, 13, 5, 15, 19];75;[0, 13, 9, 7, 1, 7, 10, 12, 10, 18, 2, 11, 14, 16, 19, 15, 4, 2, 11, 2, 6, 3, 8, 17, 5, 13, 0];479
2078;20;13;8;[0, 19];93;[0, 1, 3, 15, 10, 19, 10, 4, 10, 5, 6, 11, 14, 18, 16, 12, 9, 12, 17, 7, 13, 8, 2, 1, 0];570
2079;20;13;8;[0, 5, 4, 2, 13, 19];50;[0, 5, 4, 3, 18, 8, 9, 6, 10, 14, 5, 14, 7, 2, 13, 15, 13, 19, 13, 2, 12, 16, 12, 11, 17, 1, 3, 4, 5, 0];401
2080;20;13;13;[0, 3, 4, 13, 17, 19];40;[0, 1, 10, 8, 15, 7, 15, 12, 15, 8, 6, 8, 10, 1, 11, 14, 16, 13, 17, 18, 17, 19, 17, 13, 2, 13, 4, 3, 5, 3, 0, 9, 0];431
2081;20;13;13;[0, 13, 15, 19];28;[0, 13, 11, 9, 11, 8, 16, 7, 16, 8, 19, 15, 18, 17, 10, 15, 19, 15, 1, 4, 6, 2, 3, 12, 5, 12, 3, 14, 0];227
2082;20;13;13;[0, 8, 9, 15, 16, 19];35;[0, 8, 12, 13, 12, 8, 17, 5, 1, 3, 4, 3, 15, 16, 19, 16, 15, 6, 11, 18, 11, 14, 10, 7, 10, 14, 11, 9, 2, 9, 8, 0];273
2083;20;13;13;[0, 14, 12, 3, 4, 8, 19];73;[0, 14, 13, 14, 12, 3, 4, 18, 11, 8, 15, 16, 15, 8, 10, 8, 19, 1, 6, 17, 6, 5, 7, 2, 6, 1, 19, 8, 4, 3, 12, 9, 0];430
2084;20;13;13;[0, 6, 19];6;[0, 9, 15, 9, 2, 9, 16, 18, 16, 3, 0, 12, 13, 0, 4, 5, 8, 5, 4, 10, 17, 1, 7, 14, 7, 11, 19, 6, 19, 6, 0];432
2085;20;13;13;[0, 17, 5, 19];43;[0, 17, 5, 19, 16, 2, 10, 18, 12, 17, 4, 13, 14, 13, 15, 6, 11, 8, 3, 9, 1, 9, 7, 9, 17, 0];337
2086;20;13;13;[0, 13, 15, 6, 7, 19];95;[0, 13, 15, 9, 15, 18, 14, 1, 14, 7, 8, 7, 11, 5, 2, 7, 19, 16, 10, 12, 6, 4, 6, 3, 6, 15, 13, 17, 13, 0];505
2087;20;13;13;[0, 9, 19];77;[0, 14, 17, 8, 2, 6, 5, 13, 18, 13, 5, 16, 15, 12, 3, 12, 9, 19, 9, 11, 4, 11, 1, 6, 7, 10, 0];471
2088;20;13;13;[0, 19];32;[0, 4, 8, 18, 14, 11, 10, 6, 10, 11, 3, 1, 5, 9, 12, 9, 5, 15, 19, 13, 17, 16, 2, 7, 2, 8, 4, 0];501
2089;20;13;13;[0, 4, 9, 3, 16, 19];21;[0, 4, 9, 4, 9, 11, 8, 14, 18, 19, 17, 19, 13, 19, 16, 10, 5, 6, 1, 6, 5, 15, 2, 7, 12, 3, 9, 4, 0];286
2090;20;13;21;[0, 5, 19];65;[0, 10, 16, 15, 16, 8, 1, 2, 13, 4, 11, 17, 11, 10, 14, 9, 14, 10, 16, 8, 5, 19, 5, 18, 12, 6, 12, 18, 3, 18, 7, 0];249
2091;20;13;21;[0, 19];6;[0, 19, 0, 3, 2, 8, 16, 1, 7, 15, 12, 1, 7, 11, 5, 11, 4, 11, 13, 18, 14, 18, 17, 6, 10, 6, 9, 6, 1, 7, 0];286
2092;20;13;21;[0, 7, 3, 19];31;[0, 2, 8, 2, 6, 9, 17, 12, 15, 18, 7, 3, 19, 5, 14, 5, 4, 16, 11, 13, 16, 4, 3, 7, 17, 10, 1, 10, 2, 0];246
2093;20;13;21;[0, 1, 19];7;[0, 1, 11, 4, 12, 4, 11, 13, 3, 2, 7, 6, 9, 10, 9, 16, 15, 16, 15, 5, 14, 17, 8, 18, 0, 1, 19, 1, 0];236
2094;20;13;21;[0, 17, 2, 10, 11, 12, 19];27;[0, 17, 16, 15, 16, 17, 2, 10, 3, 5, 3, 10, 11, 12, 19, 14, 18, 7, 10, 3, 4, 3, 10, 2, 13, 2, 10, 3, 10, 9, 1, 9, 6, 0, 8, 0];181
2095;20;13;21;[0, 3, 14, 16, 19];22;[0, 5, 6, 15, 6, 8, 17, 19, 16, 13, 16, 11, 10, 1, 2, 1, 4, 7, 4, 18, 4, 9, 16, 14, 12, 14, 3, 0];221
2096;20;13;21;[0, 17, 14, 19];42;[0, 1, 6, 7, 18, 2, 9, 15, 16, 11, 16, 13, 16, 4, 16, 8, 3, 10, 3, 12, 14, 17, 14, 19, 14, 5, 14, 17, 0];375
2097;20;13;21;[0, 6, 8, 10, 19];32;[0, 3, 13, 9, 13, 16, 19, 16, 17, 16, 11, 16, 12, 14, 8, 2, 8, 10, 15, 4, 15, 5, 15, 10, 8, 1, 18, 7, 6, 0];232
2098;20;13;21;[0, 4, 5, 17, 19];36;[0, 2, 0, 11, 16, 14, 6, 18, 1, 7, 1, 4, 5, 15, 5, 17, 10, 17, 19, 13, 3, 9, 8, 12, 1, 0];251
2099;20;13;21;[0, 7, 5, 10, 16, 18, 19];33;[0, 14, 17, 6, 12, 7, 12, 13, 12, 8, 11, 2, 11, 17, 4, 19, 15, 19, 18, 16, 10, 5, 10, 9, 3, 1, 13, 12, 7, 0];276
2100;20;21;1;-;-;-;-
2101;20;21;1;-;-;-;-
2102;20;21;1;-;-;-;-
2103;20;21;1;-;-;-;-
2104;20;21;1;-;-;-;-
2105;20;21;1;-;-;-;-
2106;20;21;1;-;-;-;-
2107;20;21;1;-;-;-;-
2108;20;21;1;-;-;-;-
2109;20;21;1;-;-;-;-
2110;20;21;2;-;-;-;-
2111;20;21;2;-;-;-;-
2112;20;21;2;-;-;-;-
2113;20;21;2;-;-;-;-
2114;20;21;2;-;-;-;-
2115;20;21;2;-;-;-;-
2116;20;21;2;-;-;-;-
2117;20;21;2;-;-;-;-
2118;20;21;2;-;-;-;-
2119;20;21;2;-;-;-;-
2120;20;21;3;-;-;-;-
2121;20;21;3;[0, 12, 14, 19];179;-;-
2122;20;21;3;-;-;-;-
2123;20;21;3;[0, 6, 19];106;-;-
2124;20;21;3;-;-;-;-
2125;20;21;3;[0, 12, 1, 7, 19];124;-;-
2126;20;21;3;-;-;-;-
2127;20;21;3;-;-;-;-
2128;20;21;3;-;-;-;-
2129;20;21;3;-;-;-;-
2130;20;21;5;-;-;-;-
2131;20;21;5;-;-;-;-
2132;20;21;5;-;-;-;-
2133;20;21;5;[0, 12, 11, 5, 4, 19];264;[0, 12, 18, 7, 18, 12, 3, 6, 16, 10, 15, 10, 1, 10, 11, 8, 11, 5, 4, 19, 4, 17, 4, 2, 4, 13, 14, 9, 0];1390
2134;20;21;5;[0, 7, 15, 16, 19];92;-;-
2135;20;21;5;[0, 9, 13, 19];103;[0, 9, 13, 15, 14, 15, 13, 19, 8, 16, 2, 17, 2, 16, 8, 19, 13, 11, 12, 7, 3, 6, 3, 1, 5, 4, 5, 1, 3, 10, 18, 10, 0];1066
2136;20;21;5;[0, 7, 16, 19];41;-;-
2137;20;21;5;[0, 19];32;-;-
2138;20;21;5;[0, 1, 17, 8, 19];75;[0, 1, 17, 13, 2, 8, 10, 18, 10, 7, 14, 7, 10, 8, 19, 8, 15, 11, 15, 8, 17, 6, 4, 6, 16, 3, 12, 9, 5, 9, 1, 0];1108
2139;20;21;5;-;-;-;-
2140;20;21;8;[0, 13, 19];104;[0, 7, 17, 4, 1, 4, 16, 11, 16, 15, 14, 8, 18, 12, 10, 2, 14, 6, 5, 6, 3, 9, 13, 19, 13, 0];882
2141;20;21;8;[0, 1, 16, 14, 19];96;-;-
2142;20;21;8;[0, 2, 9, 7, 19];58;[0, 2, 10, 18, 10, 2, 9, 7, 9, 17, 15, 8, 15, 4, 19, 14, 19, 5, 12, 5, 1, 6, 16, 11, 16, 3, 16, 15, 4, 13, 2, 0];579
2143;20;21;8;[0, 11, 12, 19];95;[0, 15, 8, 15, 18, 17, 6, 1, 12, 13, 3, 13, 12, 19, 10, 19, 12, 11, 12, 2, 7, 2, 5, 14, 4, 9, 16, 0];1252
2144;20;21;8;[0, 1, 2, 19];60;[0, 13, 8, 18, 8, 6, 4, 3, 7, 2, 1, 2, 19, 12, 11, 12, 14, 17, 5, 13, 8, 9, 15, 16, 10, 0];836
2145;20;21;8;-;-;-;-
2146;20;21;8;[0, 19];87;[0, 16, 3, 16, 1, 16, 9, 11, 17, 18, 17, 10, 4, 7, 13, 7, 6, 15, 14, 15, 6, 19, 8, 19, 6, 12, 2, 5, 0];1195
2147;20;21;8;[0, 6, 19];74;[0, 6, 19, 13, 17, 13, 18, 14, 4, 16, 19, 6, 8, 1, 2, 10, 12, 10, 11, 15, 3, 1, 4, 9, 7, 5, 6, 0];1047
2148;20;21;8;[0, 8, 18, 12, 19];93;[0, 14, 3, 14, 0, 7, 4, 7, 13, 5, 8, 18, 9, 6, 9, 1, 9, 18, 12, 19, 15, 19, 12, 2, 11, 2, 16, 17, 10, 17, 8, 0];1234
2149;20;21;8;[0, 14, 11, 16, 7, 18, 19];138;[0, 14, 1, 14, 11, 16, 7, 6, 7, 18, 19, 4, 9, 8, 9, 4, 2, 17, 2, 4, 11, 5, 15, 5, 13, 3, 13, 10, 12, 0];793
2150;20;21;13;[0, 3, 7, 17, 12, 18, 19];113;[0, 5, 1, 11, 16, 15, 6, 13, 6, 10, 4, 2, 12, 18, 19, 18, 12, 17, 7, 8, 7, 3, 9, 14, 9, 3, 0];639
2151;20;21;13;[0, 19];3;[0, 13, 0, 2, 7, 18, 10, 8, 10, 8, 12, 16, 12, 14, 9, 3, 9, 11, 1, 11, 18, 7, 17, 10, 8, 4, 6, 4, 8, 10, 5, 15, 19, 0];284
2152;20;21;13;[0, 15, 7, 1, 19];67;[0, 16, 13, 5, 9, 6, 11, 6, 12, 18, 14, 10, 2, 12, 3, 12, 8, 17, 19, 1, 7, 15, 7, 4, 16, 0];430
2153;20;21;13;[0, 3, 6, 19];75;[0, 12, 18, 5, 9, 19, 13, 16, 17, 2, 17, 8, 11, 8, 14, 1, 7, 1, 4, 10, 3, 15, 3, 6, 3, 0];624
2154;20;21;13;[0, 6, 2, 11, 19];82;[0, 6, 4, 7, 13, 7, 5, 11, 2, 8, 12, 10, 15, 19, 9, 3, 9, 16, 1, 16, 9, 17, 14, 18, 2, 6, 0];749
2155;20;21;13;[0, 7, 11, 15, 19];72;[0, 2, 3, 13, 12, 17, 16, 4, 6, 1, 19, 14, 19, 15, 10, 13, 9, 18, 8, 3, 11, 5, 11, 7, 0];714
2156;20;21;13;[0, 19];33;[0, 19, 8, 14, 2, 10, 6, 17, 7, 16, 15, 13, 4, 9, 11, 9, 5, 16, 1, 12, 18, 3, 18, 7, 17, 6, 0];639
2157;20;21;13;[0, 8, 14, 19];110;[0, 8, 12, 10, 4, 10, 9, 15, 1, 3, 5, 13, 11, 19, 14, 7, 15, 1, 6, 1, 3, 5, 16, 17, 18, 17, 2, 8, 0];709
2158;20;21;13;[0, 3, 19];59;[0, 16, 9, 5, 9, 12, 9, 3, 19, 6, 2, 4, 13, 4, 8, 7, 11, 15, 11, 2, 6, 17, 18, 1, 10, 14, 4, 0];756
2159;20;21;13;[0, 19];1;[0, 1, 17, 9, 15, 16, 13, 16, 11, 8, 9, 5, 2, 7, 6, 12, 6, 3, 14, 3, 19, 4, 10, 18, 10, 4, 19, 0];569
2160;20;21;21;[0, 13, 11, 12, 3, 19];56;[0, 5, 7, 14, 15, 2, 15, 6, 17, 11, 17, 6, 17, 11, 13, 8, 4, 18, 16, 3, 12, 3, 16, 3, 19, 10, 1, 9, 5, 0];292
2161;20;21;21;[0, 1, 13, 8, 9, 7, 19];57;[0, 4, 2, 4, 16, 3, 15, 5, 8, 13, 11, 13, 8, 13, 8, 9, 7, 19, 6, 19, 14, 12, 18, 12, 17, 15, 5, 8, 13, 1, 0, 10, 0];370
2162;20;21;21;[0, 19];4;[0, 10, 7, 18, 17, 13, 12, 13, 3, 5, 4, 1, 6, 2, 6, 1, 4, 16, 19, 16, 4, 1, 8, 14, 15, 9, 11, 9, 15, 13, 19, 0];390
2163;20;21;21;[0, 4, 19];14;[0, 5, 0, 6, 9, 1, 3, 13, 3, 1, 9, 17, 14, 19, 4, 8, 18, 8, 4, 19, 15, 10, 11, 16, 2, 7, 4, 12, 6, 0];315
2164;20;21;21;[0, 6, 7, 10, 14, 19];15;[0, 6, 18, 10, 14, 19, 17, 1, 19, 14, 2, 16, 5, 11, 5, 8, 5, 13, 15, 12, 15, 13, 5, 9, 4, 3, 6, 7, 6, 0];212
2165;20;21;21;[0, 19];22;[0, 2, 8, 2, 8, 12, 13, 15, 4, 15, 9, 11, 9, 5, 16, 17, 19, 7, 19, 6, 10, 6, 14, 6, 3, 6, 18, 1, 19, 0];232
2166;20;21;21;[0, 3, 17, 18, 2, 19];40;[0, 5, 16, 11, 8, 15, 8, 10, 3, 13, 3, 4, 7, 4, 3, 17, 14, 17, 9, 12, 1, 6, 2, 19, 2, 18, 17, 3, 0];303
2167;20;21;21;[0, 6, 13, 19];24;[0, 8, 16, 7, 4, 7, 9, 17, 14, 10, 13, 12, 13, 11, 13, 19, 5, 18, 15, 2, 3, 14, 6, 1, 6, 0];253
2168;20;21;21;[0, 9, 16, 19];15;[0, 9, 16, 15, 16, 5, 16, 19, 2, 1, 17, 10, 12, 18, 12, 3, 12, 6, 8, 11, 7, 4, 14, 13, 8, 1, 9, 0];367
2169;20;21;21;[0, 17, 13, 12, 19];26;[0, 7, 0, 17, 13, 12, 19, 9, 14, 9, 2, 9, 6, 18, 6, 10, 5, 4, 11, 4, 16, 4, 1, 3, 15, 3, 8, 13, 17, 0];273
2170;20;34;1;-;-;-;-
2171;20;34;1;-;-;-;-
2172;20;34;1;-;-;-;-
2173;20;34;1;[0, 19];88;-;-
2174;20;34;1;-;-;-;-
2175;20;34;1;-;-;-;-
2176;20;34;1;-;-;-;-
2177;20;34;1;-;-;-;-
2178;20;34;1;-;-;-;-
2179;20;34;1;[0, 6, 19];11;-;-
2180;20;34;2;-;-;-;-
2181;20;34;2;-;-;-;-
2182;20;34;2;-;-;-;-
2183;20;34;2;-;-;-;-
2184;20;34;2;-;-;-;-
2185;20;34;2;-;-;-;-
2186;20;34;2;-;-;-;-
2187;20;34;2;-;-;-;-
2188;20;34;2;-;-;-;-
2189;20;34;2;-;-;-;-
2190;20;34;3;-;-;-;-
2191;20;34;3;[0, 5, 2, 19];157;-;-
2192;20;34;3;-;-;-;-
2193;20;34;3;-;-;-;-
2194;20;34;3;-;-;-;-
2195;20;34;3;-;-;-;-
2196;20;34;3;-;-;-;-
2197;20;34;3;-;-;-;-
2198;20;34;3;-;-;-;-
2199;20;34;3;-;-;-;-
2200;20;34;5;-;-;-;-
2201;20;34;5;-;-;-;-
2202;20;34;5;-;-;-;-
2203;20;34;5;-;-;-;-
2204;20;34;5;[0, 6, 5, 15, 3, 9, 19];314;-;-
2205;20;34;5;[0, 12, 19];83;-;-
2206;20;34;5;-;-;-;-
2207;20;34;5;[0, 1, 19];40;-;-
2208;20;34;5;-;-;-;-
2209;20;34;5;-;-;-;-
2210;20;34;8;[0, 3, 14, 19];233;-;-
2211;20;34;8;[0, 17, 19];133;-;-
2212;20;34;8;-;-;-;-
2213;20;34;8;-;-;-;-
2214;20;34;8;-;-;-;-
2215;20;34;8;[0, 2, 19];70;-;-
2216;20;34;8;[0, 8, 17, 6, 10, 12, 19];309;-;-
2217;20;34;8;[0, 15, 19];74;-;-
2218;20;34;8;[0, 15, 14, 19];63;[0, 15, 14, 19, 3, 6, 3, 4, 3, 7, 10, 9, 1, 8, 17, 13, 16, 13, 11, 2, 5, 2, 17, 18, 1, 14, 15, 0, 12, 0];1076
2219;20;34;8;-;-;-;-
2220;20;34;13;[0, 6, 19];85;[0, 6, 10, 18, 19, 11, 9, 15, 8, 13, 12, 16, 10, 6, 1, 3, 17, 5, 14, 2, 14, 7, 4, 0];639
2221;20;34;13;-;-;-;-
2222;20;34;13;[0, 10, 9, 17, 19];49;[0, 10, 12, 16, 1, 4, 3, 4, 19, 18, 19, 6, 14, 6, 5, 7, 8, 7, 17, 9, 15, 9, 10, 13, 2, 13, 10, 0, 11, 0];740
2223;20;34;13;[0, 13, 19];144;[0, 12, 6, 11, 6, 12, 5, 18, 17, 15, 10, 2, 19, 2, 3, 7, 3, 8, 3, 15, 16, 14, 1, 9, 1, 13, 4, 18, 5, 12, 0];1059
2224;20;34;13;[0, 10, 12, 19];118;-;-
2225;20;34;13;[0, 10, 19];85;-;-
2226;20;34;13;[0, 14, 7, 19];150;[0, 1, 19, 10, 19, 7, 17, 15, 17, 18, 5, 8, 16, 8, 5, 4, 3, 4, 2, 4, 9, 12, 6, 13, 6, 14, 11, 14, 0];1002
2227;20;34;13;[0, 2, 6, 12, 3, 19];157;[0, 9, 0, 2, 6, 7, 6, 12, 3, 19, 18, 8, 11, 8, 14, 17, 14, 10, 14, 5, 1, 13, 14, 4, 15, 4, 2, 0, 16, 0];979
2228;20;34;13;[0, 7, 19];186;-;-
2229;20;34;13;[0, 9, 10, 19];90;[0, 9, 10, 19, 8, 15, 16, 15, 8, 2, 14, 2, 5, 6, 1, 12, 1, 8, 17, 7, 18, 7, 11, 7, 17, 4, 3, 4, 17, 13, 10, 9, 0];1018
2230;20;34;21;[0, 4, 10, 19];61;[0, 4, 8, 14, 8, 4, 12, 4, 10, 19, 13, 17, 1, 7, 16, 7, 18, 7, 2, 10, 19, 15, 5, 3, 11, 6, 9, 4, 0];621
2231;20;34;21;[0, 19];21;[0, 19, 18, 12, 11, 5, 11, 10, 7, 3, 17, 3, 15, 16, 15, 13, 9, 13, 1, 6, 8, 2, 14, 2, 8, 7, 4, 18, 19, 0];597
2232;20;34;21;[0, 10, 18, 19];60;[0, 4, 13, 17, 14, 5, 16, 7, 3, 12, 6, 19, 18, 11, 17, 8, 17, 7, 17, 11, 9, 1, 15, 2, 4, 0, 10, 0];567
2233;20;34;21;[0, 11, 15, 19];36;[0, 13, 0, 12, 8, 12, 16, 19, 10, 19, 3, 2, 19, 15, 11, 15, 14, 18, 6, 1, 5, 4, 5, 1, 17, 9, 7, 9, 0];576
2234;20;34;21;[0, 9, 19];56;[0, 3, 0, 9, 11, 12, 11, 19, 10, 1, 13, 8, 5, 14, 15, 4, 6, 18, 6, 8, 5, 7, 2, 17, 2, 16, 2, 9, 0];758
2235;20;34;21;[0, 9, 12, 19];40;[0, 9, 8, 9, 10, 15, 5, 4, 12, 19, 12, 18, 2, 18, 6, 16, 7, 1, 7, 11, 13, 17, 14, 3, 14, 17, 13, 11, 0];633
2236;20;34;21;[0, 9, 2, 4, 10, 19];84;[0, 9, 11, 13, 17, 19, 12, 1, 4, 2, 4, 10, 5, 14, 5, 18, 6, 16, 8, 7, 8, 3, 10, 15, 10, 4, 2, 9, 0];550
2237;20;34;21;[0, 4, 19];63;[0, 4, 19, 11, 10, 12, 6, 10, 17, 5, 17, 16, 14, 7, 15, 1, 15, 3, 5, 8, 2, 18, 2, 6, 13, 9, 13, 0];437
2238;20;34;21;[0, 17, 9, 19];51;[0, 6, 14, 6, 12, 10, 8, 10, 12, 11, 3, 13, 3, 5, 9, 5, 4, 1, 18, 2, 19, 9, 17, 16, 7, 16, 15, 17, 0];556
2239;20;34;21;[0, 18, 1, 19];27;[0, 18, 1, 18, 12, 2, 3, 1, 19, 1, 18, 12, 5, 7, 5, 13, 11, 16, 10, 9, 10, 13, 8, 6, 14, 15, 14, 17, 4, 0];514
2240;50;1;1;-;-;-;-
2241;50;1;1;-;-;-;-
2242;50;1;1;-;-;-;-
2243;50;1;1;-;-;-;-
2244;50;1;1;-;-;-;-
2245;50;1;1;-;-;-;-
2246;50;1;1;-;-;-;-
2247;50;1;1;-;-;-;-
2248;50;1;1;-;-;-;-
2249;50;1;1;-;-;-;-
2250;50;1;2;-;-;-;-
2251;50;1;2;-;-;-;-
2252;50;1;2;-;-;-;-
2253;50;1;2;-;-;-;-
2254;50;1;2;-;-;-;-
2255;50;1;2;-;-;-;-
2256;50;1;2;-;-;-;-
2257;50;1;2;-;-;-;-
2258;50;1;2;-;-;-;-
2259;50;1;2;-;-;-;-
2260;50;1;3;[0, 1, 3, 4, 5, 6, 8, 10, 11, 13, 14, 15, 16, 17, 18, 19, 20, 21, 22, 24, 25, 26, 27, 29, 32, 33, 34, 35, 36, 37, 38, 40, 41, 42, 43, 44, 45, 47, 48, 49];1620;[0, 1, 3, 4, 5, 6, 8, 9, 10, 12, 11, 13, 14, 15, 16, 17, 18, 19, 20, 21, 22, 24, 25, 26, 27, 29, 30, 31, 32, 33, 34, 35, 36, 37, 38, 40, 41, 42, 43, 44, 45, 46, 45, 47, 48, 49, 48, 47, 45, 44, 43, 42, 41, 39, 38, 37, 36, 35, 34, 33, 32, 29, 28, 29, 27, 26, 25, 23, 25, 24, 22, 21, 20, 19, 18, 17, 16, 15, 14, 13, 11, 10, 8, 6, 7, 6, 5, 4, 3, 2, 3, 1, 0];3749
2261;50;1;3;[0, 1, 2, 4, 5, 6, 7, 8, 9, 10, 11, 12, 13, 14, 15, 16, 17, 18, 19, 20, 22, 23, 24, 25, 26, 27, 28, 29, 30, 31, 32, 33, 34, 37, 38, 40, 41, 42, 44, 45, 46, 48, 49];2071;[0, 1, 2, 4, 5, 6, 7, 8, 9, 10, 11, 12, 13, 14, 15, 16, 17, 18, 19, 20, 22, 23, 24, 25, 26, 27, 28, 29, 30, 31, 32, 33, 34, 35, 37, 38, 40, 41, 42, 44, 45, 46, 48, 49, 48, 46, 47, 46, 45, 44, 43, 42, 41, 40, 39, 36, 35, 34, 33, 32, 31, 30, 29, 28, 27, 26, 25, 24, 23, 22, 21, 20, 19, 18, 17, 16, 15, 14, 13, 12, 11, 10, 9, 8, 7, 6, 5, 4, 3, 2, 1, 0];4298
2262;50;1;3;[0, 1, 2, 4, 6, 7, 9, 10, 11, 13, 15, 16, 17, 18, 19, 20, 21, 22, 23, 24, 25, 27, 28, 29, 30, 31, 32, 34, 35, 36, 38, 39, 41, 43, 45, 46, 48, 49];1686;[0, 1, 2, 4, 6, 7, 8, 9, 10, 11, 13, 15, 16, 17, 18, 19, 20, 21, 22, 23, 24, 25, 27, 28, 29, 30, 31, 32, 33, 32, 34, 35, 36, 38, 39, 41, 42, 43, 44, 45, 46, 48, 49, 48, 47, 48, 46, 45, 43, 41, 40, 39, 38, 37, 36, 35, 34, 32, 31, 30, 29, 28, 27, 26, 25, 24, 23, 22, 21, 20, 19, 18, 17, 16, 15, 14, 13, 12, 11, 10, 9, 7, 6, 5, 4, 2, 3, 2, 1, 0];3726
2263;50;1;3;[0, 1, 2, 3, 4, 5, 6, 7, 8, 9, 10, 11, 12, 13, 14, 15, 16, 17, 18, 19, 20, 21, 22, 23, 24, 25, 27, 28, 29, 30, 31, 33, 34, 35, 37, 38, 39, 40, 42, 44, 45, 46, 47, 48, 49];2501;[0, 1, 2, 3, 4, 5, 6, 7, 8, 9, 10, 11, 12, 13, 14, 15, 16, 17, 18, 19, 20, 21, 22, 23, 24, 25, 27, 28, 29, 30, 31, 33, 34, 35, 36, 37, 38, 39, 40, 42, 44, 45, 46, 47, 48, 49, 48, 47, 46, 45, 44, 43, 41, 40, 39, 38, 37, 35, 34, 33, 31, 32, 31, 30, 29, 28, 27, 26, 25, 24, 23, 22, 21, 20, 19, 18, 17, 16, 15, 14, 13, 12, 11, 10, 9, 8, 7, 6, 5, 4, 3, 2, 1, 0];5207
2264;50;1;3;[0, 2, 3, 5, 6, 7, 8, 9, 10, 11, 12, 13, 14, 15, 16, 17, 18, 20, 21, 22, 23, 24, 25, 27, 28, 29, 30, 31, 32, 33, 35, 36, 37, 39, 40, 41, 43, 44, 45, 46, 47, 49];1712;[0, 2, 3, 5, 6, 7, 8, 9, 10, 11, 12, 13, 14, 15, 16, 17, 18, 20, 21, 22, 23, 24, 25, 27, 28, 29, 30, 31, 32, 33, 35, 36, 37, 39, 40, 41, 43, 44, 45, 46, 47, 48, 49, 47, 46, 45, 44, 43, 42, 41, 40, 39, 38, 39, 37, 36, 35, 33, 34, 33, 32, 31, 30, 29, 28, 27, 26, 25, 24, 23, 22, 21, 20, 18, 20, 18, 17, 19, 17, 16, 15, 14, 13, 12, 11, 10, 9, 8, 7, 6, 5, 4, 2, 0, 1, 0];3621
2265;50;1;3;[0, 1, 3, 4, 6, 7, 8, 9, 11, 13, 14, 15, 16, 17, 18, 19, 20, 22, 23, 24, 25, 26, 27, 29, 30, 31, 32, 33, 35, 36, 37, 38, 39, 40, 41, 44, 45, 47, 48, 49];1858;[0, 1, 2, 3, 5, 7, 8, 9, 10, 11, 12, 13, 14, 15, 16, 17, 18, 19, 20, 21, 22, 23, 24, 25, 26, 27, 29, 28, 29, 30, 31, 32, 33, 35, 36, 37, 38, 39, 40, 41, 44, 45, 46, 47, 48, 49, 48, 47, 45, 44, 43, 42, 41, 40, 39, 38, 37, 36, 35, 33, 34, 32, 31, 30, 29, 27, 26, 25, 24, 23, 22, 20, 19, 18, 17, 16, 15, 14, 13, 11, 9, 8, 7, 6, 4, 3, 1, 0];4204
2266;50;1;3;[0, 2, 4, 5, 6, 7, 8, 9, 12, 11, 13, 16, 17, 18, 19, 20, 21, 22, 23, 25, 27, 28, 29, 30, 31, 32, 33, 35, 37, 38, 40, 41, 43, 44, 45, 46, 47, 48, 49];1840;[0, 2, 4, 5, 6, 7, 8, 9, 12, 11, 10, 11, 13, 14, 15, 17, 16, 17, 18, 19, 20, 21, 22, 23, 25, 26, 25, 27, 28, 29, 30, 31, 32, 33, 34, 35, 37, 38, 40, 41, 42, 43, 44, 45, 46, 47, 48, 49, 48, 47, 46, 45, 44, 43, 41, 39, 40, 38, 37, 35, 36, 35, 33, 32, 31, 30, 29, 28, 27, 25, 24, 23, 22, 21, 20, 19, 18, 17, 16, 13, 11, 12, 9, 8, 7, 6, 5, 4, 2, 3, 2, 1, 0];4133
2267;50;1;3;[0, 1, 2, 3, 4, 5, 6, 8, 9, 10, 11, 12, 13, 14, 16, 17, 18, 19, 20, 21, 22, 23, 24, 25, 26, 27, 30, 32, 34, 36, 37, 39, 40, 41, 42, 43, 44, 45, 46, 47, 48, 49];2252;[0, 1, 2, 3, 4, 5, 6, 7, 8, 9, 10, 11, 12, 13, 14, 15, 16, 17, 18, 19, 20, 21, 22, 23, 24, 25, 26, 27, 30, 31, 32, 33, 34, 35, 36, 37, 39, 40, 41, 42, 43, 44, 45, 46, 47, 48, 49, 48, 47, 46, 45, 44, 43, 42, 41, 40, 39, 37, 38, 37, 36, 34, 32, 30, 29, 28, 27, 26, 25, 24, 23, 22, 21, 20, 19, 18, 17, 16, 14, 13, 12, 11, 10, 9, 8, 6, 5, 4, 3, 2, 1, 0];4874
2268;50;1;3;[0, 1, 2, 4, 5, 6, 7, 9, 10, 11, 14, 15, 16, 17, 18, 19, 21, 22, 23, 24, 26, 27, 28, 29, 30, 32, 33, 35, 36, 37, 38, 39, 40, 43, 44, 45, 47, 48, 49];1932;[0, 1, 3, 4, 5, 6, 8, 9, 10, 11, 14, 15, 16, 17, 18, 19, 20, 21, 22, 23, 24, 26, 27, 28, 29, 30, 31, 34, 33, 35, 36, 37, 38, 39, 40, 41, 42, 41, 43, 44, 45, 47, 48, 49, 48, 47, 46, 45, 44, 43, 40, 39, 38, 37, 36, 35, 33, 32, 30, 29, 28, 27, 26, 25, 24, 23, 22, 21, 19, 18, 17, 16, 15, 14, 13, 14, 11, 12, 11, 10, 9, 7, 6, 5, 4, 2, 1, 0];4269
2269;50;1;3;[0, 1, 2, 4, 5, 7, 10, 11, 13, 14, 15, 16, 17, 18, 19, 21, 22, 23, 24, 25, 26, 27, 28, 29, 30, 31, 32, 33, 34, 35, 36, 37, 38, 41, 43, 46, 48, 49];1600;[0, 1, 2, 4, 5, 6, 7, 10, 11, 12, 11, 13, 14, 15, 16, 17, 18, 19, 20, 19, 21, 22, 23, 24, 25, 26, 27, 28, 29, 30, 31, 32, 33, 34, 35, 36, 37, 38, 39, 40, 41, 42, 41, 43, 46, 48, 49, 48, 47, 48, 46, 43, 44, 45, 44, 43, 41, 38, 37, 36, 35, 34, 33, 32, 31, 30, 29, 28, 27, 26, 25, 24, 23, 22, 21, 19, 18, 17, 16, 15, 14, 13, 11, 10, 9, 8, 7, 5, 4, 3, 4, 2, 1, 0];3922
2270;50;1;5;[0, 2, 3, 4, 5, 7, 8, 9, 10, 11, 12, 14, 15, 17, 18, 21, 22, 23, 24, 28, 30, 31, 32, 33, 34, 35, 37, 39, 41, 42, 43, 45, 46, 48, 49];1394;[0, 2, 3, 4, 5, 6, 7, 8, 9, 10, 11, 12, 14, 15, 17, 18, 19, 20, 21, 22, 23, 25, 24, 28, 27, 28, 30, 31, 32, 33, 34, 35, 37, 39, 41, 42, 43, 44, 45, 46, 48, 47, 48, 49, 48, 46, 45, 43, 42, 40, 38, 37, 35, 34, 36, 34, 33, 32, 31, 29, 27, 26, 25, 23, 22, 21, 18, 16, 15, 14, 12, 13, 12, 11, 10, 9, 8, 7, 5, 4, 3, 2, 0, 1, 0, 2, 0];3539
2271;50;1;5;[0, 1, 3, 4, 6, 7, 8, 9, 10, 11, 13, 14, 17, 18, 19, 21, 22, 24, 26, 28, 29, 30, 31, 32, 33, 34, 36, 37, 38, 39, 40, 42, 44, 45, 47, 49];1467;[0, 1, 3, 4, 6, 5, 6, 7, 8, 9, 10, 12, 11, 13, 14, 17, 18, 19, 20, 21, 22, 23, 24, 26, 28, 29, 30, 31, 32, 33, 35, 36, 37, 38, 39, 40, 42, 44, 45, 47, 49, 47, 48, 46, 48, 47, 45, 44, 43, 41, 42, 40, 39, 38, 37, 36, 34, 33, 32, 31, 30, 29, 27, 28, 26, 25, 24, 22, 21, 19, 18, 16, 15, 16, 17, 14, 13, 11, 10, 9, 8, 7, 6, 4, 2, 1, 0];3506
2272;50;1;5;[0, 1, 2, 4, 5, 6, 9, 10, 11, 12, 14, 15, 16, 17, 19, 20, 21, 23, 24, 25, 26, 27, 28, 29, 30, 31, 32, 34, 35, 36, 37, 38, 40, 41, 43, 45, 46, 47, 48, 49];1633;[0, 1, 2, 4, 5, 6, 7, 8, 9, 10, 11, 12, 14, 15, 16, 17, 18, 19, 20, 21, 23, 24, 25, 26, 27, 28, 29, 30, 31, 33, 32, 34, 35, 36, 37, 38, 40, 41, 43, 45, 46, 47, 48, 49, 48, 47, 46, 44, 42, 41, 40, 39, 38, 37, 36, 35, 34, 32, 31, 30, 29, 28, 27, 26, 25, 24, 23, 21, 22, 21, 20, 19, 17, 16, 15, 14, 12, 13, 12, 11, 10, 9, 6, 5, 3, 4, 2, 1, 0];3679
2273;50;1;5;[0, 2, 3, 4, 5, 6, 7, 8, 9, 10, 12, 13, 14, 15, 16, 17, 19, 20, 21, 23, 24, 26, 25, 27, 28, 30, 32, 33, 34, 35, 36, 37, 39, 40, 42, 43, 44, 45, 46, 48, 47, 49];1681;[0, 2, 3, 4, 5, 6, 7, 8, 9, 10, 12, 13, 14, 15, 16, 17, 19, 20, 21, 23, 24, 26, 25, 27, 28, 29, 30, 31, 32, 33, 34, 35, 36, 37, 38, 39, 41, 40, 42, 43, 44, 45, 46, 48, 47, 49, 47, 48, 46, 45, 44, 43, 42, 40, 39, 37, 36, 35, 34, 33, 32, 30, 28, 27, 25, 26, 24, 23, 21, 22, 21, 20, 19, 17, 18, 17, 16, 15, 14, 13, 12, 11, 10, 9, 8, 7, 6, 5, 4, 3, 2, 1, 2, 0];3745
2274;50;1;5;[0, 1, 3, 4, 5, 6, 7, 8, 9, 10, 11, 12, 13, 14, 15, 17, 18, 21, 22, 24, 25, 26, 27, 28, 29, 30, 31, 33, 34, 35, 37, 38, 39, 40, 42, 43, 44, 45, 47, 49];2020;[0, 1, 3, 4, 5, 6, 7, 8, 9, 10, 11, 12, 13, 14, 15, 17, 18, 21, 22, 24, 23, 24, 25, 26, 27, 28, 29, 30, 31, 33, 34, 35, 37, 38, 39, 40, 42, 43, 44, 45, 46, 48, 49, 47, 45, 44, 43, 42, 41, 42, 40, 39, 38, 37, 36, 37, 35, 34, 33, 32, 31, 30, 29, 28, 27, 26, 25, 24, 22, 21, 20, 19, 18, 17, 15, 16, 15, 14, 13, 12, 11, 10, 9, 8, 7, 6, 5, 4, 3, 1, 2, 1, 0];4494
2275;50;1;5;[0, 2, 3, 4, 5, 7, 9, 10, 11, 12, 13, 14, 15, 17, 18, 20, 21, 22, 23, 25, 26, 28, 29, 31, 33, 34, 36, 37, 38, 40, 41, 42, 44, 45, 47, 49];1236;[0, 2, 3, 4, 5, 7, 8, 9, 10, 11, 12, 13, 14, 15, 17, 18, 20, 21, 22, 23, 25, 24, 25, 27, 25, 26, 28, 29, 30, 32, 33, 34, 36, 37, 38, 40, 41, 42, 44, 45, 46, 47, 49, 48, 49, 47, 45, 44, 43, 40, 39, 38, 37, 36, 34, 35, 34, 33, 31, 29, 28, 26, 25, 23, 22, 21, 19, 18, 17, 16, 15, 14, 13, 12, 11, 10, 9, 7, 5, 6, 5, 4, 3, 2, 3, 2, 1, 0];3339
2276;50;1;5;[0, 1, 3, 4, 5, 6, 7, 9, 10, 11, 12, 13, 14, 15, 16, 18, 20, 21, 23, 25, 26, 27, 28, 29, 30, 31, 32, 33, 34, 36, 35, 38, 39, 40, 41, 43, 44, 46, 49];1699;[0, 1, 3, 4, 5, 6, 7, 8, 9, 10, 11, 12, 13, 14, 15, 17, 18, 19, 20, 21, 23, 24, 25, 26, 27, 28, 29, 30, 31, 32, 33, 34, 36, 37, 38, 39, 40, 41, 43, 44, 45, 46, 47, 46, 49, 48, 46, 44, 43, 41, 42, 41, 40, 39, 38, 35, 36, 34, 36, 34, 33, 32, 31, 30, 29, 28, 27, 26, 25, 24, 22, 21, 20, 18, 16, 15, 14, 13, 12, 11, 10, 9, 10, 9, 7, 6, 5, 4, 3, 2, 1, 0];3987
2277;50;1;5;[0, 1, 2, 3, 4, 5, 7, 8, 10, 12, 13, 15, 17, 18, 21, 20, 22, 23, 24, 26, 27, 28, 30, 32, 33, 34, 35, 36, 37, 39, 38, 40, 43, 44, 45, 47, 49];1576;[0, 1, 2, 3, 4, 5, 7, 8, 9, 10, 12, 13, 14, 15, 17, 18, 21, 20, 22, 23, 24, 26, 27, 28, 30, 32, 33, 34, 35, 36, 37, 39, 38, 40, 41, 42, 43, 44, 45, 47, 48, 49, 47, 45, 46, 45, 44, 43, 40, 38, 39, 37, 36, 35, 34, 33, 32, 31, 29, 30, 28, 27, 26, 24, 23, 25, 23, 22, 20, 21, 19, 18, 17, 15, 16, 15, 13, 12, 11, 10, 8, 7, 6, 5, 4, 3, 2, 1, 0];3793
2278;50;1;5;[0, 1, 2, 4, 7, 9, 10, 11, 12, 13, 14, 16, 17, 18, 19, 20, 22, 23, 26, 28, 29, 30, 31, 32, 33, 34, 35, 37, 38, 40, 42, 45, 46, 47, 49];1669;[0, 1, 2, 4, 5, 3, 5, 6, 7, 8, 9, 10, 11, 12, 13, 14, 16, 17, 18, 19, 20, 21, 22, 23, 26, 27, 28, 29, 30, 31, 32, 33, 34, 35, 37, 38, 40, 42, 43, 44, 46, 48, 49, 47, 46, 45, 42, 41, 39, 38, 37, 36, 35, 34, 33, 32, 31, 30, 29, 28, 26, 25, 24, 23, 22, 20, 19, 18, 17, 16, 15, 14, 13, 12, 11, 10, 9, 7, 4, 2, 1, 0];3905
2279;50;1;5;[0, 2, 3, 5, 6, 8, 9, 11, 13, 15, 16, 17, 18, 20, 21, 22, 24, 25, 26, 27, 28, 30, 32, 33, 34, 35, 36, 37, 39, 40, 41, 43, 45, 46, 47, 48, 49];1449;[0, 1, 2, 4, 5, 6, 8, 9, 11, 10, 11, 12, 13, 14, 16, 17, 18, 20, 19, 21, 22, 23, 25, 26, 27, 28, 29, 31, 33, 34, 35, 36, 37, 38, 39, 40, 41, 42, 45, 46, 47, 48, 49, 48, 47, 46, 45, 43, 44, 43, 41, 40, 39, 37, 36, 35, 34, 33, 31, 32, 30, 28, 27, 26, 25, 24, 22, 21, 20, 18, 17, 16, 15, 13, 11, 9, 8, 6, 7, 6, 5, 3, 2, 0];3487
2280;50;1;8;[0, 1, 3, 5, 6, 7, 9, 11, 12, 14, 15, 16, 18, 20, 21, 23, 22, 24, 25, 27, 28, 29, 31, 32, 33, 34, 36, 38, 41, 43, 45, 46, 48, 49];1116;[0, 1, 2, 1, 3, 4, 6, 8, 10, 11, 12, 14, 15, 16, 17, 19, 18, 20, 21, 23, 22, 24, 25, 27, 26, 27, 28, 29, 31, 32, 33, 34, 36, 38, 39, 40, 42, 41, 43, 45, 47, 48, 49, 48, 46, 45, 43, 44, 43, 41, 38, 37, 38, 36, 35, 34, 33, 32, 31, 30, 29, 28, 27, 25, 24, 22, 23, 21, 20, 18, 16, 15, 14, 12, 13, 11, 9, 7, 6, 5, 3, 1, 0];2819
2281;50;1;8;[0, 1, 2, 3, 4, 5, 6, 7, 9, 10, 11, 13, 14, 16, 18, 20, 22, 24, 27, 28, 30, 32, 34, 36, 38, 39, 40, 41, 43, 44, 45, 46, 48, 49];1572;[0, 1, 2, 3, 4, 5, 6, 7, 9, 10, 11, 13, 15, 17, 18, 20, 22, 24, 25, 23, 25, 27, 28, 30, 32, 33, 36, 38, 39, 40, 41, 43, 44, 45, 46, 48, 49, 48, 47, 44, 42, 43, 41, 40, 39, 38, 37, 38, 36, 35, 34, 32, 31, 29, 28, 27, 26, 24, 22, 21, 20, 19, 20, 18, 16, 14, 13, 12, 11, 10, 9, 7, 8, 7, 6, 5, 4, 3, 2, 1, 0];3849
2282;50;1;8;[0, 2, 3, 5, 6, 7, 8, 10, 11, 14, 15, 16, 17, 18, 19, 20, 22, 23, 24, 26, 28, 29, 30, 31, 33, 35, 37, 38, 40, 41, 42, 44, 46, 47, 49];1054;[0, 2, 3, 5, 6, 7, 9, 10, 11, 12, 13, 14, 15, 16, 17, 18, 19, 20, 21, 20, 22, 23, 24, 26, 27, 29, 30, 31, 33, 35, 37, 38, 40, 41, 42, 44, 45, 46, 48, 49, 47, 46, 44, 43, 44, 42, 41, 39, 38, 37, 36, 34, 36, 34, 32, 33, 31, 30, 29, 28, 26, 25, 23, 22, 20, 19, 18, 17, 16, 15, 14, 11, 10, 8, 7, 6, 5, 4, 3, 2, 1, 2, 0];2571
2283;50;1;8;[0, 1, 2, 3, 4, 5, 6, 7, 9, 11, 13, 14, 15, 17, 20, 21, 22, 24, 26, 28, 29, 30, 31, 32, 34, 35, 36, 37, 38, 39, 40, 42, 43, 45, 46, 47, 49];1287;[0, 1, 2, 3, 4, 5, 6, 7, 9, 10, 11, 13, 14, 15, 17, 18, 20, 21, 22, 24, 26, 28, 29, 30, 31, 32, 34, 35, 36, 37, 38, 39, 41, 40, 42, 43, 44, 46, 47, 48, 49, 47, 46, 45, 43, 42, 40, 39, 38, 37, 36, 35, 34, 32, 33, 32, 31, 30, 29, 27, 26, 24, 25, 24, 22, 23, 22, 21, 19, 17, 15, 16, 15, 14, 13, 12, 13, 11, 9, 8, 9, 7, 6, 5, 4, 3, 2, 1, 0];3243
2284;50;1;8;[0, 2, 3, 5, 7, 8, 10, 12, 14, 15, 16, 17, 18, 20, 21, 22, 23, 25, 26, 28, 30, 31, 32, 34, 35, 36, 38, 40, 41, 43, 45, 47, 49];986;[0, 1, 2, 4, 6, 7, 8, 10, 12, 13, 15, 16, 17, 19, 20, 21, 22, 23, 25, 26, 27, 29, 30, 31, 33, 34, 35, 36, 38, 40, 41, 43, 45, 47, 49, 47, 48, 47, 46, 44, 43, 41, 42, 40, 39, 37, 36, 35, 34, 32, 31, 30, 28, 26, 25, 23, 24, 23, 22, 21, 20, 18, 17, 16, 15, 14, 12, 10, 8, 10, 11, 10, 8, 9, 8, 10, 8, 7, 6, 7, 5, 3, 2, 0];2756
2285;50;1;8;[0, 2, 3, 5, 7, 9, 11, 13, 14, 15, 17, 18, 20, 21, 22, 23, 24, 25, 27, 29, 30, 32, 33, 35, 36, 38, 40, 41, 42, 44, 46, 47, 49];940;[0, 1, 2, 3, 4, 7, 9, 10, 11, 13, 14, 15, 17, 18, 17, 19, 21, 22, 23, 24, 26, 27, 29, 30, 32, 33, 35, 36, 38, 40, 41, 42, 44, 46, 47, 48, 49, 47, 45, 43, 42, 41, 40, 39, 37, 38, 36, 34, 33, 31, 33, 32, 30, 29, 28, 27, 25, 24, 23, 22, 21, 20, 18, 17, 16, 15, 14, 13, 11, 13, 12, 13, 11, 9, 8, 9, 7, 5, 6, 5, 3, 2, 0];2585
2286;50;1;8;[0, 2, 3, 5, 6, 7, 9, 11, 12, 13, 14, 15, 16, 18, 19, 20, 22, 24, 25, 26, 28, 30, 31, 32, 34, 36, 38, 40, 41, 42, 44, 45, 46, 47, 49];1367;[0, 2, 4, 5, 6, 7, 9, 11, 12, 13, 14, 15, 16, 17, 18, 19, 20, 21, 20, 22, 24, 25, 26, 27, 28, 30, 31, 32, 33, 32, 34, 35, 37, 39, 38, 40, 41, 42, 44, 45, 46, 48, 49, 47, 46, 45, 44, 43, 44, 42, 41, 40, 38, 36, 34, 32, 31, 30, 29, 28, 26, 25, 24, 22, 23, 22, 20, 19, 18, 16, 15, 14, 13, 12, 11, 10, 9, 8, 7, 6, 5, 3, 1, 3, 2, 0];3345
2287;50;1;8;[0, 2, 4, 5, 6, 7, 8, 9, 11, 12, 13, 14, 15, 17, 18, 19, 20, 22, 23, 24, 26, 28, 29, 31, 32, 34, 35, 37, 38, 40, 41, 43, 45, 46, 49];1347;[0, 2, 4, 5, 6, 7, 8, 9, 11, 12, 13, 14, 15, 17, 18, 19, 20, 22, 23, 24, 25, 26, 28, 29, 30, 32, 34, 35, 36, 38, 39, 40, 41, 43, 45, 44, 45, 47, 49, 48, 46, 45, 43, 41, 40, 42, 40, 38, 37, 35, 34, 33, 34, 32, 31, 29, 28, 27, 28, 26, 24, 23, 22, 20, 21, 20, 19, 18, 17, 16, 15, 14, 13, 12, 11, 9, 10, 9, 8, 7, 6, 5, 4, 3, 1, 0];3199
2288;50;1;8;[0, 1, 4, 5, 6, 7, 9, 11, 13, 14, 15, 16, 17, 18, 20, 21, 22, 23, 24, 25, 27, 28, 29, 30, 31, 34, 36, 38, 40, 41, 43, 45, 46, 47, 49];1149;[0, 2, 3, 1, 4, 5, 6, 7, 9, 11, 13, 14, 15, 16, 17, 18, 20, 21, 22, 23, 24, 25, 27, 28, 29, 30, 31, 34, 36, 38, 39, 41, 42, 43, 44, 46, 47, 48, 49, 47, 46, 45, 43, 41, 40, 38, 37, 35, 33, 32, 33, 34, 31, 30, 29, 28, 27, 26, 25, 24, 23, 22, 23, 22, 21, 19, 21, 20, 18, 20, 18, 17, 16, 15, 14, 13, 12, 13, 11, 10, 8, 6, 5, 4, 1, 0];2813
2289;50;1;8;[0, 1, 3, 4, 6, 7, 10, 11, 13, 15, 17, 19, 21, 23, 25, 27, 29, 30, 31, 32, 34, 35, 36, 37, 38, 40, 41, 43, 44, 46, 49];1094;[0, 1, 3, 5, 6, 7, 10, 11, 12, 14, 15, 16, 18, 16, 15, 17, 19, 20, 22, 24, 25, 26, 28, 29, 30, 31, 32, 34, 35, 36, 37, 38, 40, 41, 43, 44, 46, 49, 47, 48, 47, 49, 46, 45, 46, 44, 43, 42, 39, 38, 37, 36, 35, 34, 33, 32, 31, 30, 29, 27, 25, 24, 22, 23, 21, 19, 17, 15, 13, 11, 9, 10, 8, 7, 6, 4, 3, 4, 2, 1, 0];2727
2290;50;1;13;[0, 1, 2, 4, 5, 7, 9, 10, 12, 14, 16, 18, 20, 22, 23, 25, 27, 29, 31, 33, 35, 36, 38, 39, 41, 43, 44, 46, 48, 49];838;[0, 1, 2, 4, 5, 7, 9, 10, 11, 13, 15, 18, 19, 21, 22, 24, 26, 28, 27, 29, 31, 33, 35, 36, 38, 39, 37, 39, 41, 43, 44, 46, 48, 49, 47, 45, 46, 44, 42, 40, 38, 36, 34, 32, 30, 29, 27, 25, 23, 22, 20, 18, 17, 18, 16, 14, 12, 13, 11, 10, 8, 6, 7, 5, 3, 2, 1, 0];2304
2291;50;1;13;[0, 2, 4, 6, 7, 9, 11, 13, 15, 16, 18, 19, 21, 22, 24, 25, 27, 29, 31, 32, 34, 36, 37, 38, 40, 41, 43, 44, 46, 48, 49];880;[0, 2, 4, 6, 7, 8, 10, 11, 12, 14, 13, 15, 17, 19, 21, 22, 24, 25, 27, 29, 30, 29, 31, 32, 34, 33, 34, 36, 37, 39, 40, 41, 42, 44, 46, 48, 49, 48, 47, 45, 43, 41, 40, 38, 37, 36, 37, 36, 35, 36, 34, 32, 31, 29, 27, 28, 26, 25, 24, 22, 23, 22, 21, 19, 20, 19, 18, 16, 15, 13, 11, 9, 7, 6, 5, 4, 2, 3, 1, 0];2276
2292;50;1;13;[0, 2, 4, 6, 8, 9, 11, 13, 15, 17, 19, 21, 22, 24, 25, 26, 28, 30, 31, 33, 34, 36, 38, 37, 39, 41, 43, 45, 46, 48, 49];914;[0, 1, 3, 4, 5, 4, 6, 7, 9, 10, 9, 11, 12, 13, 15, 17, 19, 21, 22, 24, 25, 27, 29, 28, 30, 31, 33, 34, 36, 38, 37, 38, 40, 41, 43, 45, 46, 48, 49, 47, 48, 46, 45, 44, 42, 43, 41, 39, 37, 35, 32, 34, 33, 31, 30, 28, 26, 25, 24, 22, 23, 21, 20, 18, 16, 14, 15, 13, 11, 9, 8, 6, 4, 2, 0];2325
2293;50;1;13;[0, 2, 4, 6, 8, 9, 11, 12, 14, 16, 17, 19, 20, 22, 24, 26, 28, 30, 31, 33, 32, 34, 35, 37, 39, 40, 42, 44, 46, 48, 49];736;[0, 2, 4, 5, 7, 8, 9, 11, 12, 13, 15, 16, 18, 16, 17, 19, 20, 22, 23, 24, 25, 27, 28, 30, 31, 33, 32, 34, 35, 37, 39, 41, 43, 45, 47, 49, 48, 46, 44, 42, 40, 38, 39, 37, 35, 36, 34, 32, 33, 31, 29, 30, 28, 26, 24, 22, 21, 22, 20, 19, 17, 16, 14, 12, 11, 10, 11, 9, 8, 6, 4, 2, 3, 2, 1, 2, 0];2032
2294;50;1;13;[0, 2, 4, 7, 9, 11, 13, 15, 16, 18, 20, 22, 24, 26, 29, 31, 33, 34, 37, 39, 41, 43, 45, 47, 49];834;[0, 2, 4, 7, 8, 10, 12, 13, 12, 14, 16, 19, 21, 24, 26, 29, 31, 33, 34, 37, 38, 40, 41, 42, 44, 46, 47, 49, 48, 46, 44, 45, 43, 41, 39, 37, 38, 36, 35, 37, 34, 33, 31, 32, 30, 28, 27, 25, 23, 24, 22, 20, 18, 17, 16, 15, 13, 11, 9, 7, 6, 5, 3, 1, 2, 0];2277
2295;50;1;13;[0, 2, 3, 4, 6, 7, 9, 11, 13, 15, 16, 18, 20, 22, 24, 26, 27, 28, 30, 32, 34, 37, 39, 41, 43, 45, 47, 49];915;[0, 2, 3, 4, 6, 7, 9, 11, 12, 14, 16, 18, 20, 19, 20, 22, 23, 25, 24, 26, 27, 29, 31, 32, 33, 35, 37, 39, 41, 43, 45, 44, 46, 47, 49, 48, 49, 47, 46, 44, 42, 40, 39, 38, 36, 34, 32, 30, 28, 27, 26, 24, 23, 21, 20, 18, 17, 15, 13, 11, 9, 10, 8, 7, 5, 4, 3, 2, 1, 2, 0];2279
2296;50;1;13;[0, 2, 4, 5, 6, 8, 10, 12, 14, 16, 17, 19, 20, 22, 24, 26, 28, 29, 30, 32, 34, 36, 38, 40, 42, 44, 46, 48, 49];851;[0, 2, 3, 5, 7, 8, 10, 12, 14, 16, 18, 20, 22, 24, 26, 28, 29, 31, 33, 32, 34, 35, 36, 38, 40, 37, 40, 42, 44, 46, 48, 49, 47, 45, 46, 44, 43, 41, 39, 38, 36, 34, 32, 30, 29, 27, 25, 23, 21, 19, 17, 15, 13, 11, 9, 10, 8, 6, 5, 4, 2, 1, 0];2014
2297;50;1;13;[0, 1, 3, 5, 7, 9, 11, 12, 14, 15, 18, 20, 22, 24, 25, 27, 29, 32, 34, 36, 38, 39, 41, 42, 43, 45, 47, 49];907;[0, 2, 1, 3, 4, 6, 7, 8, 10, 11, 12, 14, 15, 18, 20, 22, 21, 22, 24, 23, 25, 27, 29, 32, 34, 36, 37, 39, 41, 42, 43, 44, 46, 48, 49, 47, 45, 43, 42, 41, 40, 38, 36, 35, 33, 31, 32, 30, 28, 26, 25, 24, 22, 20, 19, 17, 16, 15, 13, 14, 12, 11, 9, 7, 5, 3, 1, 0];2381
2298;50;1;13;[0, 2, 5, 7, 9, 10, 12, 13, 15, 16, 18, 19, 21, 24, 25, 27, 29, 31, 33, 35, 36, 38, 39, 41, 42, 44, 46, 48, 49];788;[0, 2, 5, 7, 9, 10, 12, 13, 15, 16, 18, 20, 18, 19, 21, 22, 23, 25, 27, 28, 30, 31, 33, 35, 36, 38, 39, 41, 43, 45, 44, 46, 48, 49, 47, 48, 46, 44, 42, 41, 39, 38, 40, 38, 37, 38, 36, 34, 32, 31, 29, 28, 27, 26, 25, 24, 21, 19, 18, 17, 16, 14, 13, 12, 10, 9, 11, 8, 6, 4, 3, 2, 1, 0];2287
2299;50;1;13;[0, 1, 3, 4, 5, 8, 10, 12, 15, 14, 17, 19, 21, 22, 23, 27, 28, 30, 32, 34, 35, 37, 39, 41, 43, 45, 47, 49];903;[0, 1, 2, 4, 5, 6, 7, 9, 10, 11, 13, 15, 14, 17, 16, 17, 19, 21, 22, 24, 26, 25, 27, 29, 31, 33, 35, 36, 38, 40, 42, 43, 44, 46, 48, 49, 47, 45, 43, 41, 39, 37, 35, 34, 32, 30, 28, 27, 23, 22, 21, 20, 18, 17, 14, 15, 12, 10, 8, 5, 4, 3, 1, 0];2420
2300;50;1;21;[0, 2, 1, 3, 6, 8, 10, 12, 14, 16, 18, 21, 23, 25, 28, 27, 30, 32, 35, 37, 39, 42, 45, 47, 49];757;[0, 2, 1, 3, 4, 5, 6, 8, 10, 12, 14, 16, 18, 17, 19, 21, 23, 25, 28, 29, 28, 27, 30, 32, 35, 37, 39, 42, 43, 44, 45, 47, 49, 47, 48, 46, 45, 42, 39, 41, 40, 38, 36, 34, 33, 31, 32, 30, 27, 28, 26, 24, 23, 22, 20, 18, 16, 15, 13, 14, 12, 11, 9, 7, 5, 3, 1, 2, 0];2328
2301;50;1;21;[0, 1, 3, 5, 9, 11, 13, 15, 17, 19, 21, 23, 25, 26, 28, 29, 30, 32, 34, 36, 39, 40, 42, 44, 46, 47, 49];701;[0, 2, 4, 5, 6, 7, 6, 8, 9, 10, 12, 14, 12, 11, 13, 15, 17, 19, 21, 23, 25, 26, 28, 29, 30, 32, 34, 35, 38, 39, 41, 43, 45, 43, 44, 46, 48, 49, 47, 46, 44, 42, 40, 39, 37, 39, 36, 35, 33, 31, 30, 29, 27, 25, 24, 22, 20, 21, 19, 17, 18, 16, 15, 13, 11, 9, 5, 3, 1, 0];2167
2302;50;1;21;[0, 1, 3, 4, 6, 8, 9, 12, 14, 16, 17, 19, 21, 23, 25, 27, 29, 28, 30, 32, 34, 36, 38, 39, 41, 43, 45, 47, 49];918;[0, 2, 3, 4, 6, 8, 10, 9, 12, 14, 16, 18, 20, 22, 24, 26, 29, 27, 29, 31, 33, 35, 34, 36, 37, 39, 41, 43, 45, 47, 49, 48, 46, 44, 42, 40, 38, 36, 34, 32, 30, 28, 29, 26, 25, 23, 21, 19, 17, 19, 17, 16, 14, 15, 13, 12, 11, 12, 9, 8, 7, 5, 4, 3, 1, 0];2268
2303;50;1;21;[0, 2, 4, 6, 5, 7, 8, 10, 11, 12, 13, 14, 16, 18, 20, 22, 23, 25, 28, 30, 32, 34, 36, 38, 40, 42, 44, 46, 49];706;[0, 1, 3, 4, 6, 5, 7, 8, 10, 11, 12, 13, 14, 16, 18, 20, 22, 24, 26, 28, 30, 32, 34, 36, 38, 40, 38, 40, 42, 44, 45, 47, 49, 48, 46, 44, 43, 41, 39, 41, 40, 37, 36, 35, 33, 32, 30, 31, 29, 27, 28, 25, 23, 22, 21, 19, 17, 15, 16, 14, 13, 12, 11, 10, 9, 10, 8, 7, 5, 6, 4, 3, 2, 0];2251
2304;50;1;21;[0, 1, 3, 6, 8, 9, 12, 13, 14, 17, 19, 21, 23, 25, 26, 27, 28, 30, 31, 33, 34, 36, 37, 39, 41, 42, 44, 47, 49];793;[0, 2, 4, 6, 8, 10, 11, 13, 14, 17, 19, 21, 23, 25, 26, 27, 28, 30, 32, 33, 34, 36, 35, 36, 37, 39, 41, 42, 43, 44, 46, 48, 49, 47, 45, 44, 42, 41, 40, 41, 39, 37, 39, 38, 39, 37, 36, 34, 33, 31, 30, 29, 27, 26, 25, 24, 22, 20, 18, 17, 16, 14, 13, 15, 13, 12, 9, 7, 5, 3, 1, 2, 0];2061
2305;50;1;21;[0, 3, 4, 5, 7, 9, 11, 12, 14, 16, 18, 19, 21, 23, 25, 27, 29, 31, 32, 34, 36, 38, 40, 41, 43, 45, 46, 47, 49];841;[0, 1, 2, 1, 3, 4, 5, 7, 9, 11, 13, 14, 16, 18, 19, 20, 22, 21, 23, 25, 24, 26, 27, 29, 31, 32, 33, 35, 36, 37, 39, 40, 41, 42, 43, 45, 46, 47, 49, 48, 49, 47, 46, 44, 43, 41, 40, 38, 36, 34, 32, 31, 30, 28, 30, 29, 27, 25, 23, 21, 19, 17, 15, 13, 11, 12, 11, 10, 8, 6, 4, 3, 0];2094
2306;50;1;21;[0, 2, 4, 6, 9, 11, 12, 13, 14, 16, 18, 21, 20, 23, 25, 26, 29, 32, 34, 36, 38, 40, 41, 43, 44, 46, 48, 49];819;[0, 2, 1, 4, 6, 9, 11, 12, 13, 14, 16, 18, 21, 22, 24, 22, 23, 25, 27, 28, 30, 32, 31, 32, 33, 35, 36, 38, 40, 41, 43, 44, 45, 47, 49, 48, 46, 44, 42, 40, 38, 39, 37, 39, 38, 36, 34, 32, 30, 29, 26, 25, 23, 20, 19, 20, 19, 17, 15, 13, 12, 10, 8, 7, 8, 5, 8, 9, 6, 4, 2, 0, 3, 0, 2, 0];2231
2307;50;1;21;[0, 2, 4, 6, 8, 9, 11, 12, 14, 16, 18, 20, 22, 24, 25, 26, 27, 29, 31, 34, 36, 38, 39, 40, 41, 44, 46, 48, 49];863;[0, 1, 3, 4, 5, 4, 6, 8, 10, 12, 14, 15, 17, 18, 19, 21, 23, 24, 25, 26, 27, 28, 30, 31, 33, 32, 33, 31, 34, 36, 38, 37, 39, 40, 41, 43, 42, 43, 45, 47, 49, 48, 46, 44, 41, 40, 39, 37, 35, 34, 31, 33, 31, 29, 27, 26, 25, 24, 22, 20, 18, 16, 14, 12, 13, 12, 11, 9, 7, 6, 4, 2, 0];2207
2308;50;1;21;[0, 2, 4, 6, 8, 9, 11, 13, 15, 16, 18, 20, 23, 26, 28, 29, 31, 33, 34, 36, 38, 41, 43, 44, 46, 45, 47, 49];662;[0, 1, 3, 4, 3, 5, 6, 8, 9, 11, 13, 15, 16, 17, 19, 20, 21, 22, 24, 25, 26, 28, 29, 30, 31, 33, 34, 36, 38, 40, 39, 41, 42, 44, 46, 48, 49, 47, 45, 46, 44, 43, 41, 38, 37, 38, 36, 35, 36, 34, 32, 30, 29, 27, 28, 26, 23, 20, 18, 16, 14, 12, 10, 9, 7, 9, 8, 6, 4, 2, 0];2079
2309;50;1;21;[0, 2, 5, 9, 11, 13, 15, 17, 19, 20, 22, 24, 26, 28, 30, 32, 33, 35, 36, 38, 39, 41, 42, 44, 46, 47, 49];957;[0, 2, 6, 7, 9, 11, 12, 13, 15, 17, 19, 21, 22, 24, 25, 26, 28, 30, 32, 34, 35, 36, 37, 38, 40, 42, 44, 46, 47, 49, 48, 45, 47, 46, 44, 42, 41, 43, 41, 39, 38, 36, 35, 33, 32, 30, 29, 31, 29, 27, 28, 26, 24, 23, 22, 20, 18, 16, 14, 15, 13, 11, 10, 8, 9, 5, 4, 3, 1, 2, 0];2345
2310;50;2;1;-;-;-;-
2311;50;2;1;-;-;-;-
2312;50;2;1;-;-;-;-
2313;50;2;1;-;-;-;-
2314;50;2;1;-;-;-;-
2315;50;2;1;-;-;-;-
2316;50;2;1;-;-;-;-
2317;50;2;1;-;-;-;-
2318;50;2;1;-;-;-;-
2319;50;2;1;-;-;-;-
2320;50;2;2;-;-;-;-
2321;50;2;2;-;-;-;-
2322;50;2;2;-;-;-;-
2323;50;2;2;-;-;-;-
2324;50;2;2;-;-;-;-
2325;50;2;2;-;-;-;-
2326;50;2;2;-;-;-;-
2327;50;2;2;-;-;-;-
2328;50;2;2;[0, 1, 3, 5, 8, 10, 11, 15, 17, 18, 20, 24, 30, 31, 32, 34, 38, 39, 40, 41, 42, 45, 46, 49];1141;-;-
2329;50;2;2;-;-;-;-
2330;50;2;3;-;-;-;-
2331;50;2;3;-;-;-;-
2332;50;2;3;-;-;-;-
2333;50;2;3;[0, 1, 2, 5, 6, 7, 8, 9, 12, 13, 18, 19, 22, 24, 27, 29, 32, 33, 37, 36, 39, 42, 45, 49];939;[0, 1, 2, 5, 6, 7, 8, 9, 12, 13, 11, 13, 15, 16, 15, 14, 18, 19, 22, 24, 26, 25, 27, 30, 31, 33, 37, 38, 37, 40, 39, 42, 43, 45, 47, 45, 49, 48, 46, 44, 45, 42, 41, 39, 36, 35, 34, 36, 37, 33, 32, 33, 31, 28, 29, 27, 24, 22, 23, 21, 20, 18, 17, 18, 13, 12, 9, 8, 10, 8, 7, 6, 5, 3, 4, 2, 1, 0];3072
2334;50;2;3;-;-;-;-
2335;50;2;3;-;-;-;-
2336;50;2;3;[0, 2, 4, 6, 7, 8, 11, 12, 14, 17, 19, 22, 25, 28, 30, 31, 33, 36, 37, 39, 43, 45, 46, 49];889;[0, 2, 4, 6, 7, 8, 11, 12, 14, 12, 13, 15, 17, 19, 22, 25, 26, 28, 30, 31, 33, 36, 37, 39, 41, 40, 42, 44, 48, 49, 46, 47, 46, 45, 43, 39, 38, 35, 34, 32, 33, 36, 33, 31, 30, 29, 27, 24, 25, 24, 25, 22, 21, 23, 20, 23, 21, 22, 19, 18, 16, 17, 10, 9, 10, 12, 11, 8, 7, 6, 4, 5, 3, 5, 4, 2, 1, 0];2774
2337;50;2;3;[0, 5, 10, 11, 16, 20, 23, 24, 26, 28, 31, 34, 35, 37, 38, 39, 40, 41, 44, 46, 47, 49];776;-;-
2338;50;2;3;[0, 4, 5, 6, 7, 8, 12, 16, 19, 22, 25, 31, 34, 37, 38, 40, 42, 44, 48, 49];711;-;-
2339;50;2;3;-;-;-;-
2340;50;2;5;[0, 3, 4, 6, 8, 11, 16, 18, 20, 22, 23, 26, 29, 31, 34, 36, 40, 42, 44, 45, 47, 48, 49];722;[0, 3, 4, 6, 8, 11, 13, 15, 13, 14, 16, 18, 19, 18, 20, 21, 20, 22, 23, 26, 29, 31, 32, 33, 35, 38, 40, 42, 44, 46, 47, 48, 49, 48, 47, 45, 43, 41, 42, 40, 38, 39, 37, 39, 36, 34, 32, 33, 30, 28, 31, 29, 27, 26, 25, 24, 25, 22, 17, 16, 11, 12, 11, 8, 9, 10, 7, 5, 4, 2, 1, 3, 0];2390
2341;50;2;5;[0, 1, 4, 8, 9, 10, 15, 18, 20, 22, 24, 27, 28, 29, 32, 35, 37, 40, 41, 45, 47, 49];687;[0, 1, 3, 5, 7, 6, 7, 10, 15, 18, 20, 22, 24, 23, 24, 27, 28, 29, 32, 35, 37, 40, 41, 43, 44, 43, 42, 47, 49, 48, 46, 45, 41, 39, 38, 34, 38, 36, 33, 32, 30, 31, 29, 28, 27, 26, 25, 22, 21, 19, 20, 18, 17, 16, 14, 12, 14, 16, 15, 10, 11, 13, 11, 9, 8, 4, 1, 2, 1, 0];2088
2342;50;2;5;[0, 2, 5, 7, 9, 13, 11, 12, 14, 18, 21, 24, 26, 29, 31, 32, 33, 35, 37, 40, 41, 43, 42, 49];628;[0, 2, 4, 3, 5, 7, 9, 6, 8, 6, 9, 13, 11, 12, 14, 18, 20, 21, 24, 25, 23, 25, 27, 29, 31, 32, 33, 35, 38, 36, 34, 36, 39, 40, 41, 43, 45, 44, 45, 46, 48, 47, 48, 49, 42, 43, 41, 40, 37, 35, 33, 32, 31, 30, 28, 26, 24, 22, 19, 16, 19, 17, 15, 17, 18, 14, 10, 9, 7, 5, 2, 1, 2, 0];2004
2343;50;2;5;[0, 1, 3, 5, 6, 9, 10, 16, 19, 18, 20, 22, 26, 31, 34, 37, 38, 42, 43, 44, 46, 48, 49];428;[0, 1, 2, 1, 3, 5, 6, 9, 11, 12, 14, 13, 14, 15, 17, 19, 18, 19, 18, 21, 22, 23, 22, 24, 25, 24, 27, 28, 30, 31, 33, 34, 36, 37, 38, 42, 43, 44, 46, 48, 49, 47, 45, 43, 42, 40, 41, 39, 35, 34, 32, 29, 31, 26, 22, 20, 18, 19, 16, 10, 9, 6, 7, 8, 7, 4, 7, 6, 5, 3, 1, 0];1724
2344;50;2;5;[0, 3, 5, 11, 14, 17, 19, 24, 26, 30, 32, 36, 42, 46, 48, 49];493;[0, 3, 5, 7, 8, 12, 14, 17, 16, 18, 21, 23, 21, 20, 19, 24, 22, 24, 26, 30, 32, 36, 42, 46, 48, 49, 48, 45, 48, 47, 44, 43, 41, 39, 40, 38, 35, 38, 39, 37, 36, 32, 33, 31, 34, 31, 28, 29, 28, 27, 30, 26, 25, 21, 18, 16, 13, 15, 13, 15, 12, 9, 10, 11, 8, 7, 6, 4, 3, 4, 2, 1, 2, 0];1443
2345;50;2;5;[0, 4, 5, 6, 8, 12, 11, 14, 16, 17, 21, 25, 29, 32, 34, 37, 39, 42, 44, 47, 46, 49];540;[0, 2, 1, 3, 6, 7, 9, 11, 12, 13, 15, 18, 20, 19, 17, 21, 25, 24, 26, 32, 34, 36, 38, 37, 39, 41, 43, 44, 47, 48, 49, 46, 47, 45, 42, 40, 42, 39, 37, 38, 36, 35, 33, 30, 31, 27, 31, 30, 26, 30, 29, 28, 29, 25, 21, 22, 23, 25, 21, 20, 18, 16, 14, 11, 12, 10, 8, 6, 8, 6, 5, 4, 0];1945
2346;50;2;5;[0, 4, 5, 6, 8, 10, 11, 13, 17, 20, 21, 25, 26, 29, 32, 36, 41, 42, 44, 47, 49];541;[0, 4, 5, 6, 5, 6, 8, 10, 11, 13, 12, 13, 11, 13, 17, 20, 22, 20, 21, 25, 27, 29, 30, 28, 30, 35, 39, 38, 39, 43, 44, 45, 47, 49, 48, 46, 44, 42, 40, 42, 41, 37, 32, 36, 32, 33, 34, 31, 29, 26, 25, 24, 23, 18, 23, 19, 20, 16, 14, 13, 15, 13, 11, 10, 9, 7, 4, 5, 6, 2, 3, 2, 1, 0];1815
2347;50;2;5;[0, 2, 4, 7, 11, 14, 15, 20, 21, 23, 26, 30, 33, 35, 39, 40, 42, 44, 46, 49];656;[0, 2, 3, 2, 5, 8, 5, 6, 7, 11, 14, 11, 10, 12, 10, 13, 15, 16, 15, 17, 18, 22, 24, 25, 23, 26, 30, 31, 32, 35, 36, 34, 38, 39, 40, 42, 44, 46, 49, 47, 48, 45, 44, 43, 44, 45, 41, 37, 35, 33, 30, 29, 27, 28, 26, 23, 21, 20, 21, 20, 19, 20, 15, 13, 10, 9, 7, 4, 2, 1, 0];2052
2348;50;2;5;[0, 4, 6, 10, 13, 14, 16, 18, 19, 22, 24, 28, 30, 35, 37, 40, 42, 44, 46, 48, 49];511;[0, 2, 3, 5, 8, 9, 7, 9, 10, 12, 10, 11, 14, 16, 18, 20, 18, 19, 22, 24, 26, 24, 28, 30, 35, 37, 40, 42, 44, 46, 48, 49, 48, 47, 48, 46, 43, 44, 45, 41, 40, 39, 40, 38, 35, 36, 33, 34, 33, 31, 32, 27, 29, 27, 25, 23, 21, 22, 19, 17, 15, 14, 13, 10, 6, 4, 0, 1, 0];1682
2349;50;2;5;[0, 4, 3, 2, 5, 6, 10, 11, 12, 13, 17, 19, 23, 26, 29, 28, 34, 36, 42, 44, 45, 47, 49];450;[0, 4, 3, 2, 5, 7, 9, 8, 10, 11, 12, 14, 15, 16, 17, 19, 18, 19, 23, 24, 25, 29, 28, 34, 36, 42, 43, 46, 47, 48, 49, 47, 45, 44, 42, 36, 38, 39, 40, 41, 38, 36, 35, 33, 37, 33, 32, 30, 31, 30, 27, 29, 26, 24, 22, 21, 19, 20, 17, 13, 12, 11, 10, 6, 5, 2, 3, 1, 3, 4, 0];1741
2350;50;2;8;[0, 2, 4, 9, 12, 14, 17, 19, 21, 24, 28, 31, 34, 37, 40, 43, 46, 48, 49];462;[0, 2, 3, 8, 9, 12, 10, 13, 18, 17, 22, 17, 19, 21, 20, 21, 24, 30, 33, 35, 33, 31, 34, 32, 34, 37, 39, 38, 39, 41, 37, 36, 37, 40, 42, 44, 47, 49, 48, 46, 48, 45, 44, 43, 40, 37, 34, 31, 29, 26, 27, 26, 28, 24, 25, 23, 20, 21, 19, 16, 14, 15, 13, 12, 9, 4, 5, 7, 6, 7, 5, 11, 5, 1, 0];1544
2351;50;2;8;[0, 2, 4, 6, 8, 9, 15, 19, 24, 25, 27, 31, 33, 38, 37, 39, 43, 44, 46, 48, 49];505;[0, 3, 1, 5, 4, 6, 8, 9, 11, 9, 15, 14, 15, 19, 18, 16, 18, 22, 20, 22, 21, 23, 25, 27, 31, 32, 34, 33, 38, 37, 40, 41, 44, 47, 45, 46, 48, 49, 48, 46, 44, 42, 43, 39, 43, 39, 37, 36, 35, 33, 31, 30, 29, 28, 26, 25, 24, 23, 21, 17, 10, 12, 13, 12, 9, 8, 7, 8, 6, 4, 2, 0];1727
2352;50;2;8;[0, 2, 6, 8, 11, 13, 15, 18, 19, 21, 24, 27, 25, 30, 34, 36, 40, 41, 47, 46, 49];371;[0, 2, 5, 2, 6, 9, 10, 12, 10, 8, 11, 13, 15, 18, 19, 21, 24, 27, 25, 26, 30, 29, 30, 34, 36, 40, 37, 40, 42, 44, 47, 46, 45, 46, 48, 49, 46, 47, 41, 47, 44, 43, 39, 38, 36, 35, 33, 32, 28, 31, 28, 26, 22, 23, 24, 21, 19, 20, 18, 15, 16, 17, 14, 7, 8, 6, 4, 3, 1, 0];1407
2353;50;2;8;[0, 2, 3, 9, 10, 12, 14, 16, 19, 20, 22, 23, 26, 31, 36, 34, 40, 41, 46, 49];446;[0, 2, 3, 9, 10, 12, 11, 12, 13, 15, 17, 15, 20, 19, 20, 24, 27, 25, 28, 25, 29, 26, 31, 30, 31, 36, 34, 36, 38, 39, 42, 43, 41, 46, 48, 46, 49, 47, 45, 40, 41, 44, 41, 40, 37, 35, 32, 31, 33, 31, 26, 23, 22, 20, 19, 21, 19, 20, 18, 20, 19, 16, 14, 12, 10, 9, 8, 7, 5, 6, 4, 1, 3, 2, 0];1580
2354;50;2;8;[0, 1, 5, 8, 10, 12, 14, 17, 22, 23, 26, 27, 30, 35, 38, 41, 45, 47, 49];473;[0, 2, 1, 5, 3, 5, 6, 4, 7, 10, 12, 14, 16, 20, 18, 21, 23, 24, 25, 28, 29, 32, 31, 32, 33, 36, 38, 35, 38, 41, 43, 45, 47, 45, 44, 48, 49, 48, 46, 48, 44, 42, 37, 39, 40, 39, 36, 34, 33, 30, 27, 26, 23, 22, 19, 18, 17, 15, 13, 11, 12, 10, 8, 9, 8, 5, 1, 0];1737
2355;50;2;8;[0, 2, 5, 10, 13, 16, 18, 21, 23, 27, 31, 32, 36, 40, 42, 41, 44, 47, 49];344;[0, 2, 4, 5, 8, 7, 8, 5, 10, 9, 10, 12, 11, 12, 14, 15, 14, 16, 17, 20, 21, 23, 27, 31, 32, 33, 37, 35, 34, 35, 38, 36, 40, 42, 41, 42, 43, 44, 46, 48, 49, 47, 44, 46, 45, 42, 39, 40, 36, 32, 31, 30, 28, 25, 28, 30, 29, 26, 24, 23, 21, 18, 17, 22, 17, 19, 17, 16, 13, 10, 5, 1, 5, 8, 6, 3, 2, 0];1384
2356;50;2;8;[0, 3, 7, 8, 11, 13, 16, 20, 21, 23, 24, 26, 30, 29, 33, 34, 36, 40, 41, 44, 46, 49];455;[0, 1, 2, 4, 2, 6, 5, 7, 8, 11, 12, 13, 16, 19, 16, 20, 21, 23, 24, 26, 28, 31, 33, 34, 36, 39, 36, 40, 41, 42, 45, 48, 47, 49, 46, 44, 43, 44, 41, 40, 37, 40, 38, 35, 32, 29, 30, 27, 25, 22, 17, 22, 17, 18, 17, 15, 13, 16, 14, 10, 9, 7, 3, 0];1425
2357;50;2;8;[0, 2, 4, 8, 10, 14, 16, 17, 21, 25, 26, 28, 30, 32, 33, 39, 43, 45, 49];264;[0, 1, 3, 7, 9, 11, 13, 14, 16, 17, 21, 25, 26, 28, 30, 32, 33, 32, 35, 37, 36, 38, 39, 42, 41, 45, 47, 45, 49, 46, 44, 46, 48, 46, 45, 43, 40, 43, 39, 38, 36, 35, 34, 31, 29, 27, 24, 23, 26, 25, 22, 20, 18, 20, 19, 17, 16, 15, 12, 10, 8, 5, 6, 5, 8, 4, 2, 0];1408
2358;50;2;8;[0, 1, 3, 7, 9, 11, 12, 16, 20, 23, 24, 27, 31, 33, 36, 39, 43, 45, 46, 49];452;[0, 1, 2, 5, 4, 7, 9, 10, 9, 11, 13, 15, 18, 14, 18, 17, 20, 21, 24, 27, 31, 33, 36, 38, 41, 43, 45, 48, 49, 46, 47, 44, 42, 44, 43, 39, 40, 37, 36, 34, 35, 32, 33, 31, 30, 28, 26, 29, 25, 27, 24, 22, 19, 22, 23, 20, 16, 12, 11, 9, 8, 6, 7, 3, 1, 0];1669
2359;50;2;8;[0, 1, 3, 5, 10, 16, 18, 21, 24, 26, 28, 32, 36, 37, 39, 41, 40, 43, 45, 47, 49];372;[0, 1, 3, 5, 6, 4, 8, 11, 9, 11, 12, 16, 10, 16, 18, 21, 14, 21, 20, 21, 14, 15, 17, 15, 14, 13, 14, 21, 19, 22, 24, 26, 28, 32, 36, 37, 39, 41, 40, 42, 40, 43, 45, 47, 44, 47, 49, 48, 46, 43, 40, 41, 39, 38, 35, 34, 31, 29, 33, 29, 27, 28, 30, 26, 23, 25, 23, 19, 16, 10, 7, 2, 1, 0];1313
2360;50;2;13;[0, 1, 5, 12, 15, 19, 17, 20, 23, 22, 25, 28, 31, 36, 34, 37, 41, 45, 48, 49];270;[0, 1, 6, 7, 10, 14, 13, 14, 10, 7, 12, 15, 19, 17, 20, 23, 27, 30, 32, 33, 31, 36, 35, 36, 34, 37, 40, 38, 40, 37, 41, 39, 41, 45, 47, 48, 49, 48, 45, 43, 46, 44, 42, 40, 37, 34, 36, 31, 29, 31, 28, 25, 22, 24, 26, 24, 22, 23, 20, 17, 21, 16, 18, 16, 12, 11, 8, 5, 4, 9, 4, 3, 2, 1, 0];1062
2361;50;2;13;[0, 2, 5, 7, 10, 13, 17, 19, 22, 27, 30, 32, 35, 37, 41, 46, 47, 49];396;[0, 2, 5, 7, 9, 12, 16, 17, 18, 20, 23, 20, 23, 21, 22, 27, 30, 26, 30, 32, 34, 32, 33, 31, 36, 39, 41, 38, 41, 37, 41, 42, 43, 46, 47, 49, 47, 48, 45, 44, 40, 35, 32, 28, 24, 28, 25, 29, 25, 27, 22, 19, 17, 15, 17, 14, 17, 13, 10, 11, 8, 4, 2, 5, 6, 3, 1, 0];1487
2362;50;2;13;[0, 1, 5, 7, 10, 14, 17, 20, 23, 25, 30, 35, 37, 40, 42, 46, 49];321;[0, 1, 5, 3, 5, 7, 8, 12, 13, 15, 17, 19, 17, 16, 17, 20, 23, 24, 28, 24, 26, 24, 23, 25, 27, 29, 32, 34, 31, 30, 33, 38, 39, 36, 39, 43, 40, 42, 41, 42, 45, 46, 48, 46, 49, 47, 44, 42, 40, 37, 35, 30, 25, 22, 23, 21, 18, 15, 14, 11, 14, 10, 9, 7, 4, 6, 2, 5, 1, 0];1267
2363;50;2;13;[0, 2, 4, 6, 9, 13, 16, 19, 22, 28, 30, 33, 37, 36, 39, 43, 46, 49];279;[0, 2, 4, 6, 9, 13, 16, 15, 18, 19, 22, 28, 30, 31, 30, 33, 37, 36, 39, 43, 45, 42, 45, 47, 48, 47, 49, 44, 43, 46, 40, 41, 38, 34, 32, 35, 32, 29, 27, 24, 26, 25, 23, 20, 17, 21, 17, 14, 11, 10, 7, 9, 12, 8, 5, 6, 4, 1, 3, 1, 4, 2, 0];1110
2364;50;2;13;[0, 1, 3, 9, 10, 14, 16, 17, 18, 21, 23, 24, 26, 29, 28, 35, 39, 40, 43, 45, 49];294;[0, 1, 3, 9, 13, 15, 12, 15, 16, 19, 20, 19, 22, 24, 26, 29, 28, 31, 34, 36, 40, 43, 45, 43, 47, 44, 46, 49, 46, 48, 42, 44, 41, 38, 37, 38, 39, 35, 33, 32, 33, 30, 27, 25, 23, 21, 18, 17, 16, 14, 10, 11, 8, 11, 6, 11, 8, 9, 3, 7, 4, 5, 2, 5, 3, 1, 0];1055
2365;50;2;13;[0, 2, 6, 9, 13, 17, 21, 23, 26, 29, 32, 37, 40, 41, 44, 47, 49];409;[0, 1, 4, 8, 12, 10, 14, 15, 16, 19, 22, 25, 27, 28, 29, 32, 30, 31, 33, 34, 36, 37, 40, 41, 43, 41, 44, 45, 48, 46, 49, 47, 44, 42, 39, 38, 35, 37, 32, 29, 26, 23, 20, 19, 22, 24, 21, 17, 21, 17, 13, 17, 21, 18, 14, 10, 11, 9, 6, 7, 3, 2, 3, 5, 4, 1, 0];1322
2366;50;2;13;[0, 1, 3, 6, 7, 9, 10, 15, 13, 18, 21, 24, 26, 28, 31, 34, 37, 39, 40, 43, 47, 49];292;[0, 1, 3, 5, 2, 4, 6, 7, 9, 10, 15, 13, 16, 13, 18, 20, 18, 21, 24, 26, 27, 29, 32, 29, 30, 31, 28, 31, 34, 35, 33, 36, 38, 39, 40, 41, 43, 47, 49, 46, 48, 45, 42, 44, 43, 40, 39, 37, 34, 31, 28, 26, 24, 23, 22, 25, 22, 19, 15, 11, 15, 17, 14, 12, 9, 8, 7, 6, 3, 1, 3, 1, 0];1224
2367;50;2;13;[0, 1, 5, 8, 12, 15, 16, 19, 21, 23, 20, 24, 22, 26, 28, 30, 33, 37, 39, 40, 41, 46, 49];394;[0, 1, 5, 8, 12, 8, 5, 4, 5, 7, 11, 14, 13, 16, 18, 21, 23, 20, 24, 27, 29, 32, 34, 31, 32, 35, 33, 37, 39, 43, 39, 44, 48, 44, 39, 36, 39, 40, 41, 46, 49, 46, 45, 46, 47, 42, 38, 37, 33, 30, 28, 25, 28, 26, 22, 24, 20, 23, 21, 19, 16, 15, 17, 15, 16, 13, 14, 10, 9, 6, 3, 2, 0];1389
2368;50;2;13;[0, 4, 8, 11, 15, 18, 22, 26, 28, 32, 33, 37, 38, 43, 46, 49];353;[0, 4, 8, 12, 10, 8, 11, 15, 18, 17, 18, 20, 21, 25, 23, 25, 23, 19, 22, 26, 28, 32, 36, 39, 44, 48, 47, 49, 46, 42, 45, 48, 44, 40, 41, 40, 38, 43, 38, 37, 36, 35, 33, 31, 34, 31, 27, 30, 27, 32, 28, 32, 29, 32, 28, 24, 26, 22, 19, 16, 13, 14, 11, 7, 6, 9, 8, 5, 3, 1, 2, 0];1350
2369;50;2;13;[0, 1, 5, 7, 12, 14, 17, 18, 21, 23, 24, 26, 30, 31, 34, 37, 39, 42, 43, 49];312;[0, 4, 5, 7, 9, 7, 12, 13, 16, 19, 21, 23, 21, 23, 24, 25, 24, 26, 20, 26, 30, 28, 30, 31, 34, 31, 29, 31, 32, 33, 35, 37, 39, 42, 43, 49, 48, 47, 48, 46, 43, 45, 44, 40, 38, 41, 38, 36, 33, 32, 27, 22, 23, 21, 18, 15, 18, 17, 14, 17, 14, 12, 11, 10, 8, 10, 7, 6, 3, 2, 5, 1, 0];1483
2370;50;2;21;[0, 2, 3, 7, 10, 13, 14, 18, 22, 26, 28, 31, 34, 38, 40, 43, 47, 49];302;[0, 2, 1, 6, 4, 5, 4, 6, 9, 12, 16, 18, 22, 20, 22, 26, 27, 29, 33, 30, 32, 35, 36, 37, 36, 35, 32, 29, 27, 26, 28, 31, 34, 38, 39, 41, 40, 42, 44, 46, 45, 49, 47, 48, 47, 43, 40, 38, 34, 31, 28, 24, 25, 24, 21, 23, 21, 17, 19, 18, 14, 15, 13, 11, 13, 10, 7, 8, 7, 3, 2, 0];1244
2371;50;2;21;[0, 5, 9, 8, 11, 14, 18, 21, 26, 27, 30, 33, 39, 43, 45, 49];289;[0, 4, 0, 5, 7, 3, 1, 5, 9, 8, 11, 15, 16, 17, 20, 19, 20, 24, 23, 22, 26, 29, 26, 28, 34, 38, 39, 43, 45, 44, 46, 49, 48, 47, 42, 41, 40, 41, 38, 34, 36, 35, 32, 30, 33, 37, 33, 30, 31, 30, 27, 26, 22, 23, 24, 25, 21, 18, 14, 13, 10, 13, 10, 12, 11, 8, 6, 2, 0];1117
2372;50;2;21;[0, 3, 7, 10, 13, 17, 20, 24, 28, 30, 33, 36, 34, 38, 41, 45, 49];214;[0, 3, 4, 2, 5, 8, 9, 8, 7, 10, 14, 10, 13, 17, 15, 18, 15, 17, 20, 24, 26, 25, 27, 30, 31, 34, 35, 38, 41, 39, 41, 45, 49, 45, 44, 48, 44, 46, 43, 47, 42, 41, 38, 40, 38, 37, 38, 34, 36, 33, 32, 29, 30, 28, 24, 20, 22, 20, 23, 21, 19, 16, 12, 16, 11, 6, 4, 3, 0, 1, 0];1313
2373;50;2;21;[0, 4, 6, 11, 15, 18, 20, 23, 25, 28, 30, 33, 38, 42, 47, 49];196;[0, 2, 3, 7, 5, 8, 5, 7, 5, 1, 5, 7, 11, 15, 18, 20, 23, 21, 23, 25, 27, 31, 34, 33, 38, 42, 47, 49, 48, 45, 44, 46, 43, 39, 37, 40, 43, 47, 42, 41, 42, 38, 35, 36, 35, 38, 33, 30, 32, 29, 28, 26, 28, 25, 22, 25, 24, 25, 23, 20, 18, 17, 19, 17, 14, 16, 14, 10, 13, 15, 11, 6, 4, 9, 12, 9, 4, 0];971
2374;50;2;21;[0, 2, 6, 8, 10, 12, 17, 16, 20, 23, 25, 29, 30, 31, 34, 38, 41, 42, 48, 47, 49];282;[0, 2, 6, 9, 14, 11, 12, 7, 13, 17, 16, 20, 23, 25, 29, 30, 32, 33, 36, 35, 40, 42, 41, 42, 44, 42, 41, 45, 41, 43, 46, 49, 47, 48, 42, 41, 38, 40, 39, 40, 37, 34, 31, 36, 33, 32, 30, 29, 28, 27, 28, 26, 28, 27, 24, 21, 22, 19, 22, 21, 18, 15, 12, 10, 8, 5, 1, 3, 4, 3, 2, 0];996
2375;50;2;21;[0, 3, 7, 10, 8, 9, 11, 12, 16, 21, 23, 25, 30, 34, 38, 42, 49];270;[0, 3, 7, 10, 8, 10, 8, 9, 13, 14, 12, 16, 18, 20, 17, 21, 22, 19, 23, 25, 27, 25, 30, 29, 30, 34, 36, 32, 36, 33, 37, 40, 35, 40, 39, 43, 48, 44, 41, 45, 49, 45, 47, 45, 41, 46, 43, 42, 38, 33, 31, 28, 24, 26, 21, 16, 12, 11, 15, 11, 9, 5, 6, 5, 4, 1, 2, 1, 3, 0];1163
2376;50;2;21;[0, 2, 4, 5, 7, 10, 11, 15, 18, 19, 22, 24, 29, 33, 37, 39, 41, 45, 49];186;[0, 2, 6, 9, 12, 14, 12, 9, 11, 15, 18, 19, 21, 19, 22, 24, 29, 25, 29, 24, 23, 26, 29, 33, 37, 38, 37, 36, 35, 39, 41, 43, 40, 44, 45, 49, 47, 46, 42, 39, 41, 45, 48, 45, 41, 39, 34, 31, 34, 30, 32, 30, 27, 28, 27, 30, 33, 29, 24, 20, 16, 17, 13, 17, 19, 18, 15, 11, 10, 8, 10, 7, 3, 5, 4, 1, 4, 2, 0];1078
2377;50;2;21;[0, 2, 1, 3, 7, 11, 15, 14, 17, 21, 22, 25, 29, 31, 32, 36, 38, 41, 44, 49];255;[0, 2, 1, 3, 7, 11, 8, 5, 9, 5, 8, 11, 15, 13, 15, 14, 17, 21, 22, 25, 26, 27, 30, 34, 35, 37, 35, 32, 36, 38, 42, 39, 40, 43, 47, 46, 47, 46, 45, 48, 49, 44, 41, 38, 36, 32, 31, 28, 31, 32, 33, 29, 25, 24, 20, 21, 23, 18, 19, 18, 16, 14, 12, 10, 6, 4, 6, 2, 0];991
2378;50;2;21;[0, 2, 4, 5, 8, 12, 14, 19, 23, 28, 31, 35, 39, 44, 45, 47, 49];263;[0, 2, 3, 1, 3, 6, 10, 11, 12, 8, 12, 9, 12, 14, 17, 20, 24, 27, 25, 29, 30, 32, 33, 37, 41, 37, 33, 37, 35, 36, 35, 39, 44, 45, 48, 45, 47, 49, 47, 46, 43, 42, 38, 40, 38, 34, 36, 35, 31, 28, 31, 28, 23, 25, 26, 21, 24, 20, 22, 20, 19, 14, 15, 18, 16, 13, 9, 12, 8, 7, 5, 4, 2, 0];1144
2379;50;2;21;[0, 1, 4, 5, 9, 13, 16, 20, 24, 27, 30, 32, 37, 42, 45, 49];202;[0, 1, 4, 6, 4, 5, 9, 14, 11, 9, 13, 15, 13, 16, 20, 25, 22, 21, 24, 27, 26, 29, 33, 31, 28, 31, 33, 35, 39, 36, 40, 36, 34, 35, 37, 42, 46, 48, 47, 44, 43, 41, 38, 37, 42, 45, 49, 45, 42, 37, 32, 30, 27, 30, 27, 24, 20, 23, 20, 19, 20, 18, 17, 12, 8, 12, 10, 7, 3, 2, 4, 1, 0];1225
2380;50;3;1;-;-;-;-
2381;50;3;1;-;-;-;-
2382;50;3;1;-;-;-;-
2383;50;3;1;-;-;-;-
2384;50;3;1;-;-;-;-
2385;50;3;1;-;-;-;-
2386;50;3;1;-;-;-;-
2387;50;3;1;-;-;-;-
2388;50;3;1;-;-;-;-
2389;50;3;1;-;-;-;-
2390;50;3;2;-;-;-;-
2391;50;3;2;-;-;-;-
2392;50;3;2;-;-;-;-
2393;50;3;2;-;-;-;-
2394;50;3;2;-;-;-;-
2395;50;3;2;-;-;-;-
2396;50;3;2;-;-;-;-
2397;50;3;2;-;-;-;-
2398;50;3;2;-;-;-;-
2399;50;3;2;-;-;-;-
2400;50;3;3;[0, 2, 1, 6, 9, 12, 15, 14, 20, 25, 28, 29, 32, 33, 37, 39, 42, 49];562;[0, 2, 3, 2, 1, 6, 5, 4, 5, 9, 10, 9, 12, 15, 11, 15, 16, 17, 24, 26, 23, 30, 31, 34, 35, 34, 36, 43, 41, 43, 47, 46, 45, 48, 45, 49, 42, 40, 42, 39, 38, 44, 38, 39, 37, 33, 32, 27, 32, 29, 28, 25, 20, 14, 20, 22, 19, 20, 14, 18, 21, 18, 14, 20, 14, 15, 13, 15, 12, 9, 8, 9, 7, 6, 1, 2, 0];2689
2401;50;3;3;[0, 2, 8, 13, 14, 22, 26, 31, 36, 39, 42, 49];435;-;-
2402;50;3;3;[0, 3, 5, 6, 7, 9, 10, 14, 16, 19, 22, 27, 28, 30, 34, 38, 42, 43, 49];542;-;-
2403;50;3;3;-;-;-;-
2404;50;3;3;[0, 2, 5, 12, 14, 17, 21, 26, 29, 32, 36, 43, 47, 49];469;[0, 2, 5, 12, 14, 12, 10, 13, 16, 13, 10, 9, 10, 11, 19, 24, 19, 20, 23, 17, 21, 26, 29, 30, 29, 32, 36, 43, 40, 43, 48, 45, 44, 49, 47, 49, 46, 49, 44, 42, 41, 40, 37, 39, 36, 38, 35, 33, 34, 36, 32, 31, 32, 28, 27, 22, 25, 26, 21, 17, 18, 19, 15, 19, 11, 8, 6, 7, 1, 2, 4, 3, 0];2249
2405;50;3;3;[0, 3, 10, 13, 20, 22, 26, 31, 34, 35, 36, 39, 41, 42, 43, 49];510;-;-
2406;50;3;3;[0, 6, 5, 4, 8, 10, 13, 17, 20, 21, 25, 27, 29, 34, 35, 39, 41, 47, 48, 49];765;-;-
2407;50;3;3;[0, 4, 11, 15, 17, 14, 19, 21, 25, 28, 33, 37, 40, 44, 46, 49];415;-;-
2408;50;3;3;-;-;-;-
2409;50;3;3;[0, 1, 6, 13, 20, 24, 28, 29, 30, 32, 34, 37, 41, 44, 46, 48, 49];551;[0, 1, 6, 13, 9, 12, 9, 13, 20, 24, 28, 31, 28, 29, 30, 32, 34, 36, 34, 37, 41, 44, 46, 48, 49, 47, 45, 43, 39, 42, 40, 38, 35, 33, 34, 32, 30, 29, 28, 27, 25, 26, 23, 19, 23, 20, 18, 20, 23, 22, 21, 17, 14, 16, 14, 15, 14, 11, 10, 11, 6, 1, 3, 7, 8, 7, 4, 5, 2, 0];2706
2410;50;3;5;[0, 1, 2, 6, 9, 12, 13, 15, 14, 22, 25, 28, 31, 38, 39, 40, 42, 46, 49];341;[0, 1, 4, 3, 5, 6, 9, 10, 13, 18, 17, 19, 22, 25, 27, 32, 26, 32, 36, 38, 39, 40, 33, 40, 42, 46, 49, 46, 42, 40, 41, 45, 43, 45, 48, 47, 46, 44, 37, 29, 30, 34, 35, 34, 30, 28, 31, 38, 31, 28, 25, 23, 24, 21, 20, 16, 14, 15, 13, 12, 9, 11, 9, 8, 9, 6, 7, 6, 2, 1, 0];1290
2411;50;3;5;[0, 2, 7, 10, 9, 11, 15, 22, 24, 27, 33, 39, 43, 46, 49];342;[0, 2, 7, 10, 13, 16, 17, 19, 17, 18, 20, 18, 22, 25, 26, 25, 28, 30, 28, 35, 32, 35, 36, 37, 36, 38, 36, 39, 41, 42, 40, 43, 44, 45, 48, 49, 46, 47, 46, 43, 39, 34, 39, 33, 31, 33, 27, 29, 27, 24, 22, 23, 17, 21, 17, 16, 11, 15, 11, 9, 12, 14, 12, 8, 10, 4, 6, 1, 3, 1, 5, 1, 2, 0];1670
2412;50;3;5;[0, 1, 4, 10, 15, 13, 14, 16, 23, 28, 30, 35, 40, 41, 43, 46, 49];320;[0, 1, 3, 5, 6, 2, 6, 7, 11, 13, 14, 16, 23, 22, 23, 28, 27, 25, 24, 25, 26, 29, 30, 35, 31, 35, 36, 39, 38, 40, 41, 43, 42, 43, 46, 49, 45, 48, 47, 48, 45, 44, 41, 40, 37, 35, 32, 33, 34, 33, 32, 33, 32, 35, 30, 28, 23, 21, 20, 19, 20, 18, 17, 12, 13, 15, 10, 8, 10, 4, 9, 4, 1, 0];1340
2413;50;3;5;[0, 4, 8, 13, 12, 17, 19, 24, 29, 33, 38, 35, 41, 44, 49];207;[0, 1, 7, 14, 13, 12, 15, 19, 18, 19, 24, 29, 33, 34, 36, 37, 36, 40, 43, 48, 47, 48, 43, 39, 44, 49, 44, 41, 42, 41, 45, 46, 41, 35, 38, 33, 31, 32, 27, 25, 27, 30, 28, 26, 29, 24, 21, 20, 23, 20, 22, 16, 12, 17, 12, 13, 11, 13, 8, 4, 8, 5, 6, 9, 10, 7, 3, 2, 0];1308
2414;50;3;5;[0, 2, 9, 11, 16, 22, 26, 30, 35, 29, 33, 37, 43, 46, 49];353;[0, 1, 2, 3, 10, 12, 17, 18, 15, 16, 19, 20, 19, 23, 26, 27, 25, 27, 26, 30, 31, 30, 28, 30, 35, 29, 33, 37, 42, 47, 48, 46, 49, 46, 45, 46, 43, 44, 43, 40, 37, 42, 39, 41, 39, 38, 34, 36, 34, 32, 24, 23, 21, 22, 16, 11, 8, 7, 8, 6, 5, 6, 4, 10, 14, 13, 9, 2, 0];1525
2415;50;3;5;[0, 3, 11, 13, 17, 19, 22, 27, 28, 29, 34, 36, 40, 42, 44, 49];369;[0, 3, 11, 13, 8, 9, 8, 13, 17, 21, 23, 20, 23, 25, 26, 28, 29, 32, 33, 32, 31, 32, 33, 35, 38, 41, 45, 43, 45, 41, 46, 48, 46, 49, 47, 49, 44, 42, 45, 43, 37, 36, 40, 39, 38, 36, 34, 29, 28, 27, 30, 27, 22, 24, 22, 19, 18, 15, 14, 15, 16, 15, 12, 10, 8, 7, 6, 4, 2, 1, 5, 1, 3, 0];1565
2416;50;3;5;[0, 4, 6, 8, 14, 20, 23, 29, 30, 33, 35, 41, 46, 49];409;[0, 5, 4, 3, 4, 6, 8, 14, 17, 19, 17, 15, 16, 22, 23, 24, 26, 28, 30, 33, 34, 40, 45, 47, 45, 49, 46, 44, 48, 44, 42, 43, 42, 44, 46, 41, 39, 35, 37, 40, 38, 40, 34, 36, 32, 29, 31, 30, 27, 26, 25, 24, 20, 21, 20, 18, 20, 15, 13, 10, 9, 7, 12, 7, 8, 11, 8, 6, 4, 1, 2, 1, 4, 0];1623
2417;50;3;5;[0, 3, 8, 10, 13, 14, 17, 18, 21, 20, 25, 32, 31, 29, 35, 38, 40, 42, 43, 49];220;[0, 2, 7, 6, 5, 4, 1, 4, 7, 3, 8, 10, 16, 13, 11, 13, 14, 17, 18, 21, 20, 25, 27, 24, 26, 28, 26, 30, 34, 41, 45, 42, 43, 44, 43, 46, 47, 46, 43, 49, 48, 49, 43, 42, 39, 42, 40, 38, 37, 38, 35, 29, 31, 33, 31, 32, 36, 32, 25, 23, 22, 23, 25, 20, 21, 18, 19, 18, 17, 14, 15, 14, 12, 9, 13, 10, 8, 3, 0];1213
2418;50;3;5;[0, 6, 10, 12, 14, 16, 18, 21, 28, 29, 32, 36, 44, 47, 49];313;[0, 6, 2, 6, 10, 12, 14, 16, 18, 23, 24, 25, 29, 28, 29, 32, 36, 44, 47, 49, 48, 49, 48, 45, 46, 45, 43, 42, 37, 40, 38, 41, 38, 39, 38, 36, 35, 36, 34, 32, 33, 32, 30, 31, 27, 25, 26, 22, 19, 20, 18, 21, 19, 17, 15, 13, 14, 9, 7, 11, 7, 1, 7, 3, 8, 5, 4, 6, 0];1899
2419;50;3;5;[0, 4, 11, 14, 13, 15, 16, 17, 20, 28, 30, 35, 39, 43, 45, 49];361;[0, 4, 2, 4, 5, 7, 1, 7, 9, 10, 12, 11, 14, 13, 14, 19, 20, 28, 30, 32, 30, 35, 39, 43, 47, 45, 43, 39, 41, 42, 44, 46, 49, 48, 49, 46, 44, 40, 38, 33, 35, 37, 36, 34, 31, 28, 30, 29, 26, 24, 22, 23, 27, 25, 21, 18, 20, 17, 16, 15, 13, 8, 10, 6, 3, 0];1828
2420;50;3;8;[0, 1, 5, 6, 11, 14, 18, 22, 29, 26, 31, 33, 35, 44, 49];236;[0, 1, 2, 3, 7, 5, 6, 8, 11, 12, 16, 13, 14, 18, 22, 23, 22, 29, 30, 28, 21, 28, 34, 33, 35, 44, 42, 44, 49, 47, 48, 46, 40, 37, 36, 37, 38, 37, 40, 43, 45, 43, 39, 41, 44, 35, 33, 31, 32, 31, 26, 27, 26, 25, 26, 24, 19, 20, 17, 15, 13, 10, 9, 11, 8, 4, 5, 1, 0];1016
2421;50;3;8;[0, 3, 1, 7, 14, 19, 20, 28, 31, 35, 38, 36, 39, 44, 49];141;[0, 3, 4, 2, 4, 3, 5, 10, 11, 12, 16, 12, 13, 12, 9, 8, 9, 6, 1, 7, 14, 15, 17, 21, 17, 19, 20, 24, 22, 27, 26, 23, 25, 31, 35, 38, 36, 39, 44, 49, 45, 48, 46, 47, 41, 40, 43, 42, 43, 40, 41, 44, 39, 36, 38, 32, 37, 32, 34, 33, 29, 28, 30, 28, 20, 19, 18, 19, 14, 7, 1, 3, 0];892
2422;50;3;8;[0, 3, 9, 13, 15, 20, 24, 23, 26, 28, 32, 30, 34, 38, 36, 42, 49];244;[0, 3, 7, 4, 2, 5, 10, 13, 14, 13, 15, 17, 21, 19, 18, 22, 16, 22, 20, 24, 25, 24, 23, 26, 28, 33, 28, 29, 31, 28, 32, 30, 34, 35, 34, 38, 40, 38, 36, 37, 43, 42, 46, 49, 48, 45, 48, 42, 44, 41, 47, 41, 39, 38, 34, 30, 27, 24, 20, 22, 16, 11, 12, 10, 8, 10, 9, 3, 1, 6, 1, 3, 0];1020
2423;50;3;8;[0, 1, 3, 5, 7, 11, 14, 15, 20, 21, 24, 27, 29, 32, 37, 38, 42, 43, 45, 47, 49];243;[0, 1, 3, 5, 6, 7, 10, 11, 14, 15, 13, 15, 20, 19, 22, 23, 25, 26, 30, 26, 28, 26, 27, 34, 36, 33, 36, 35, 37, 41, 40, 41, 46, 48, 45, 47, 49, 47, 45, 44, 45, 43, 42, 38, 39, 37, 32, 29, 31, 27, 24, 21, 17, 21, 20, 19, 18, 16, 11, 12, 11, 14, 11, 9, 7, 8, 2, 4, 2, 0];1011
2424;50;3;8;[0, 3, 7, 11, 13, 15, 19, 16, 22, 26, 32, 35, 40, 44, 47, 49];248;[0, 2, 5, 10, 15, 13, 15, 19, 16, 22, 25, 27, 21, 30, 31, 32, 26, 32, 35, 40, 43, 40, 44, 45, 48, 46, 49, 47, 42, 41, 42, 38, 39, 36, 37, 34, 35, 32, 33, 29, 28, 24, 23, 24, 20, 18, 17, 14, 13, 9, 12, 11, 6, 8, 6, 11, 7, 3, 7, 4, 7, 3, 1, 0];1169
2425;50;3;8;[0, 5, 9, 7, 11, 13, 17, 20, 23, 27, 26, 30, 33, 38, 43, 49];213;[0, 5, 2, 8, 3, 6, 10, 6, 12, 14, 16, 14, 15, 19, 18, 19, 17, 20, 23, 27, 32, 29, 32, 29, 37, 29, 28, 31, 30, 34, 30, 33, 38, 35, 38, 39, 40, 41, 40, 48, 46, 45, 47, 43, 49, 43, 48, 46, 42, 44, 42, 36, 33, 30, 26, 21, 26, 27, 25, 22, 24, 23, 20, 17, 13, 11, 7, 9, 6, 4, 1, 5, 0];1065
2426;50;3;8;[0, 5, 4, 9, 12, 17, 20, 22, 28, 34, 32, 38, 39, 43, 41, 49];149;[0, 3, 0, 5, 4, 9, 8, 9, 12, 17, 20, 22, 28, 25, 31, 29, 30, 36, 33, 36, 42, 40, 41, 43, 39, 43, 45, 43, 41, 49, 41, 46, 44, 48, 47, 37, 35, 36, 41, 43, 39, 38, 32, 34, 28, 27, 24, 26, 23, 21, 22, 18, 19, 14, 16, 15, 13, 11, 10, 7, 2, 6, 1, 4, 5, 0];967
2427;50;3;8;[0, 2, 4, 8, 14, 16, 19, 18, 22, 21, 24, 30, 33, 35, 43, 49];186;[0, 2, 4, 7, 4, 3, 4, 8, 5, 8, 14, 16, 19, 18, 22, 25, 27, 29, 28, 33, 30, 32, 34, 36, 39, 36, 31, 36, 42, 44, 42, 38, 42, 44, 47, 49, 47, 44, 42, 37, 42, 40, 45, 40, 41, 40, 46, 48, 46, 43, 35, 33, 30, 24, 26, 24, 21, 22, 18, 19, 23, 20, 15, 13, 12, 13, 11, 13, 10, 14, 17, 14, 10, 6, 9, 6, 1, 0];731
2428;50;3;8;[0, 6, 9, 11, 14, 23, 25, 30, 34, 39, 40, 42, 43, 49];197;[0, 1, 3, 9, 11, 10, 12, 17, 15, 17, 21, 20, 19, 18, 22, 23, 29, 32, 29, 27, 34, 39, 40, 41, 40, 42, 46, 44, 46, 45, 48, 47, 49, 43, 42, 37, 38, 36, 33, 31, 33, 34, 30, 35, 28, 26, 28, 25, 24, 25, 23, 22, 18, 16, 14, 13, 9, 11, 12, 8, 5, 7, 5, 6, 4, 6, 2, 6, 0];973
2429;50;3;8;[0, 2, 4, 3, 5, 10, 11, 13, 17, 20, 23, 28, 29, 32, 33, 35, 38, 42, 44, 49];236;[0, 2, 4, 3, 9, 8, 9, 12, 11, 13, 17, 20, 23, 28, 31, 30, 31, 25, 24, 25, 27, 34, 37, 36, 38, 42, 45, 46, 44, 48, 44, 47, 49, 44, 43, 40, 43, 41, 39, 41, 43, 42, 38, 35, 33, 32, 29, 26, 28, 23, 22, 16, 22, 21, 18, 19, 18, 15, 14, 11, 10, 5, 7, 5, 3, 6, 3, 4, 1, 0];1122
2430;50;3;13;[0, 8, 10, 14, 17, 16, 23, 32, 35, 36, 41, 46, 45, 49];89;[0, 8, 12, 6, 3, 7, 13, 18, 16, 23, 27, 23, 32, 33, 37, 40, 42, 41, 44, 41, 36, 41, 46, 45, 49, 48, 47, 43, 39, 38, 39, 35, 34, 35, 32, 30, 32, 29, 31, 28, 24, 22, 26, 22, 20, 22, 19, 22, 24, 28, 21, 25, 23, 16, 17, 14, 15, 14, 10, 11, 5, 7, 1, 4, 9, 4, 2, 4, 0];874
2431;50;3;13;[0, 7, 10, 4, 9, 14, 21, 24, 27, 31, 32, 36, 44, 46, 42, 47, 49];194;[0, 5, 3, 6, 2, 4, 11, 8, 11, 13, 15, 18, 21, 18, 19, 17, 19, 22, 20, 25, 28, 33, 29, 35, 29, 35, 34, 37, 38, 40, 41, 39, 38, 37, 36, 44, 46, 42, 47, 49, 48, 45, 43, 45, 44, 36, 32, 31, 27, 24, 27, 30, 26, 30, 33, 28, 25, 23, 16, 12, 13, 9, 14, 9, 4, 1, 4, 10, 7, 10, 7, 0];902
2432;50;3;13;[0, 7, 10, 11, 18, 17, 21, 25, 29, 31, 32, 37, 41, 43, 47, 46, 49];176;[0, 1, 3, 5, 7, 10, 12, 13, 12, 10, 11, 16, 20, 21, 17, 18, 23, 24, 27, 30, 36, 34, 42, 34, 39, 34, 38, 35, 38, 40, 44, 48, 45, 48, 47, 46, 49, 46, 47, 43, 41, 37, 32, 31, 26, 31, 32, 37, 39, 33, 28, 29, 25, 21, 22, 21, 19, 15, 14, 15, 8, 4, 2, 6, 9, 6, 10, 7, 0];839
2433;50;3;13;[0, 6, 10, 12, 14, 19, 25, 30, 34, 41, 44, 49];171;[0, 2, 1, 3, 4, 7, 4, 5, 8, 12, 14, 16, 20, 22, 26, 22, 20, 25, 28, 24, 28, 25, 30, 34, 41, 43, 48, 43, 44, 49, 46, 49, 44, 41, 40, 39, 36, 38, 42, 47, 45, 47, 42, 37, 42, 38, 41, 33, 32, 35, 32, 31, 32, 29, 32, 27, 23, 25, 19, 21, 17, 21, 18, 13, 15, 13, 12, 10, 11, 9, 6, 0];803
2434;50;3;13;[0, 6, 10, 13, 17, 21, 22, 23, 27, 33, 39, 43, 49];186;[0, 2, 1, 2, 8, 11, 6, 10, 14, 10, 13, 10, 9, 7, 9, 10, 13, 17, 21, 25, 28, 25, 22, 24, 22, 19, 22, 23, 27, 33, 39, 42, 44, 45, 49, 46, 44, 47, 48, 43, 38, 40, 38, 35, 38, 37, 34, 30, 26, 30, 34, 41, 34, 31, 36, 34, 30, 32, 29, 32, 30, 34, 30, 26, 20, 18, 22, 15, 16, 12, 8, 5, 4, 5, 3, 5, 0];981
2435;50;3;13;[0, 4, 6, 14, 21, 23, 26, 33, 38, 42, 46, 48, 49];113;[0, 4, 6, 1, 6, 14, 21, 23, 26, 29, 31, 35, 38, 42, 40, 42, 46, 47, 44, 47, 43, 39, 46, 48, 49, 45, 41, 38, 33, 36, 32, 34, 37, 34, 33, 30, 25, 27, 25, 28, 24, 28, 20, 22, 18, 19, 15, 11, 13, 14, 17, 14, 10, 14, 16, 12, 9, 11, 8, 5, 8, 3, 7, 3, 2, 4, 0];957
2436;50;3;13;[0, 5, 2, 1, 3, 6, 11, 18, 20, 25, 31, 34, 40, 44, 46, 49];171;[0, 5, 2, 1, 4, 12, 17, 10, 9, 14, 16, 15, 19, 21, 24, 21, 20, 25, 20, 18, 23, 28, 29, 31, 34, 40, 41, 39, 36, 32, 36, 40, 44, 43, 45, 48, 49, 46, 47, 46, 42, 37, 34, 40, 35, 38, 33, 29, 30, 29, 26, 27, 22, 19, 15, 11, 13, 8, 13, 11, 6, 7, 6, 3, 1, 2, 5, 0];897
2437;50;3;13;[0, 3, 2, 5, 10, 15, 17, 22, 23, 27, 33, 36, 40, 43, 44, 48, 49];144;[0, 1, 4, 2, 6, 11, 10, 9, 10, 15, 17, 20, 25, 18, 19, 20, 22, 23, 31, 28, 31, 33, 36, 40, 43, 47, 43, 44, 41, 44, 48, 49, 46, 45, 46, 42, 39, 40, 36, 35, 38, 35, 30, 35, 38, 34, 37, 34, 29, 32, 33, 27, 23, 13, 16, 20, 24, 20, 26, 21, 15, 8, 10, 14, 10, 5, 10, 7, 12, 7, 2, 3, 0];1093
2438;50;3;13;[0, 2, 7, 6, 9, 14, 20, 23, 30, 33, 37, 34, 40, 46, 48, 49];123;[0, 1, 3, 8, 10, 13, 10, 8, 6, 9, 5, 9, 14, 20, 23, 24, 22, 26, 32, 37, 42, 37, 34, 40, 46, 40, 46, 45, 49, 48, 46, 47, 44, 39, 41, 39, 36, 34, 40, 43, 38, 35, 31, 27, 32, 29, 28, 25, 19, 21, 26, 32, 33, 30, 23, 20, 17, 15, 12, 15, 18, 16, 11, 6, 7, 4, 7, 2, 0];994
2439;50;3;13;[0, 5, 11, 13, 18, 19, 21, 23, 26, 29, 30, 34, 36, 44, 49];132;[0, 5, 11, 13, 14, 13, 17, 13, 18, 19, 21, 25, 32, 25, 21, 23, 26, 24, 26, 20, 26, 28, 30, 34, 36, 44, 49, 48, 49, 44, 47, 44, 45, 46, 41, 39, 40, 39, 37, 39, 43, 39, 37, 35, 37, 39, 41, 42, 38, 42, 38, 36, 33, 30, 31, 30, 29, 27, 22, 21, 23, 21, 19, 18, 16, 10, 7, 8, 6, 12, 15, 12, 9, 12, 6, 3, 4, 1, 4, 2, 5, 0];1007
2440;50;3;21;[0, 3, 5, 13, 16, 21, 19, 24, 30, 36, 44, 43, 49];169;[0, 3, 4, 8, 12, 17, 13, 16, 21, 19, 14, 19, 21, 28, 33, 31, 26, 31, 27, 32, 38, 39, 40, 39, 41, 45, 49, 46, 48, 42, 43, 44, 36, 41, 47, 41, 36, 44, 37, 35, 30, 34, 30, 25, 29, 25, 24, 19, 21, 19, 23, 20, 15, 10, 11, 10, 19, 21, 16, 22, 16, 18, 16, 13, 5, 9, 7, 2, 1, 6, 1, 5, 3, 0];1004
2441;50;3;21;[0, 4, 7, 9, 15, 21, 25, 28, 32, 38, 40, 49];109;[0, 4, 2, 7, 8, 7, 9, 5, 6, 5, 1, 5, 9, 15, 16, 15, 20, 17, 18, 17, 25, 33, 39, 48, 39, 38, 40, 49, 47, 46, 44, 35, 36, 41, 45, 43, 42, 37, 34, 38, 32, 28, 29, 31, 25, 22, 27, 22, 24, 22, 23, 26, 30, 23, 22, 25, 21, 19, 21, 15, 12, 13, 11, 13, 12, 14, 12, 13, 12, 14, 10, 7, 3, 7, 4, 0];756
2442;50;3;21;[0, 3, 9, 16, 22, 27, 30, 35, 39, 45, 49];114;[0, 3, 9, 13, 15, 17, 15, 19, 21, 24, 25, 26, 22, 28, 22, 20, 21, 19, 23, 19, 14, 18, 27, 30, 32, 30, 33, 37, 41, 43, 48, 47, 45, 49, 45, 46, 44, 42, 44, 42, 38, 42, 44, 40, 36, 31, 29, 31, 35, 39, 34, 39, 35, 30, 27, 22, 16, 11, 16, 10, 15, 12, 4, 5, 4, 2, 8, 2, 7, 1, 4, 0, 3, 6, 3, 0];843
2443;50;3;21;[0, 6, 9, 12, 17, 24, 27, 32, 36, 40, 44, 48, 49];90;[0, 2, 1, 5, 10, 18, 10, 9, 12, 7, 12, 9, 12, 8, 3, 7, 13, 19, 20, 21, 23, 25, 23, 22, 26, 35, 36, 37, 39, 42, 45, 42, 38, 43, 46, 49, 48, 44, 47, 41, 47, 44, 40, 36, 32, 27, 32, 33, 29, 30, 28, 30, 29, 31, 34, 31, 26, 22, 27, 24, 17, 24, 17, 19, 13, 16, 14, 15, 14, 16, 11, 4, 11, 5, 6, 0];737
2444;50;3;21;[0, 5, 12, 14, 18, 23, 27, 28, 24, 29, 33, 36, 41, 46, 49];168;[0, 4, 0, 5, 12, 17, 12, 8, 6, 8, 11, 10, 11, 8, 12, 14, 18, 23, 26, 23, 27, 28, 24, 29, 32, 36, 31, 36, 41, 46, 49, 48, 46, 45, 42, 44, 47, 40, 35, 38, 43, 39, 37, 41, 36, 34, 36, 33, 30, 25, 27, 23, 18, 13, 16, 13, 19, 22, 20, 22, 21, 15, 14, 9, 7, 3, 2, 1, 0];971
2445;50;3;21;[0, 3, 5, 10, 17, 23, 28, 26, 29, 34, 39, 46, 49];144;[0, 2, 0, 1, 5, 10, 13, 12, 13, 17, 19, 18, 19, 15, 21, 25, 29, 34, 39, 42, 47, 42, 40, 42, 40, 45, 44, 45, 49, 46, 43, 48, 43, 41, 43, 46, 39, 42, 36, 30, 31, 35, 31, 26, 28, 26, 29, 34, 33, 38, 37, 32, 27, 24, 27, 20, 16, 22, 16, 23, 16, 14, 11, 7, 11, 4, 6, 5, 3, 8, 9, 8, 3, 0];891
2446;50;3;21;[0, 5, 12, 15, 21, 27, 29, 30, 35, 36, 42, 45, 49];114;[0, 2, 3, 5, 7, 4, 7, 9, 8, 9, 10, 14, 16, 14, 12, 15, 21, 27, 29, 30, 26, 30, 37, 39, 47, 45, 49, 45, 46, 45, 40, 44, 40, 45, 42, 36, 31, 38, 43, 48, 43, 41, 43, 38, 34, 33, 30, 35, 30, 29, 32, 29, 30, 29, 30, 26, 28, 26, 30, 22, 30, 29, 25, 24, 23, 18, 21, 17, 19, 17, 21, 20, 15, 12, 14, 11, 13, 11, 6, 1, 2, 0];692
2447;50;3;21;[0, 4, 7, 9, 10, 15, 21, 19, 25, 24, 23, 28, 34, 32, 35, 37, 44, 48, 47, 49];99;[0, 4, 6, 4, 2, 4, 7, 9, 10, 15, 21, 18, 23, 24, 25, 19, 25, 22, 26, 31, 30, 29, 32, 35, 37, 44, 39, 44, 48, 47, 49, 47, 48, 44, 40, 41, 36, 41, 46, 41, 42, 45, 42, 43, 42, 38, 35, 32, 27, 32, 34, 28, 33, 28, 23, 24, 25, 24, 23, 24, 25, 19, 16, 20, 14, 12, 13, 17, 13, 8, 11, 9, 7, 1, 5, 3, 5, 7, 4, 0];622
2448;50;3;21;[0, 2, 9, 14, 16, 22, 26, 31, 38, 44, 46, 49];94;[0, 2, 4, 2, 9, 12, 15, 13, 11, 13, 10, 18, 21, 18, 20, 24, 20, 19, 20, 17, 20, 24, 29, 33, 32, 37, 39, 37, 41, 43, 48, 44, 46, 49, 46, 44, 47, 44, 46, 44, 38, 41, 45, 40, 42, 40, 35, 40, 36, 38, 31, 26, 25, 27, 23, 27, 25, 22, 28, 30, 28, 34, 28, 22, 16, 14, 9, 2, 7, 6, 7, 6, 3, 6, 8, 5, 1, 2, 0];879
2449;50;3;21;[0, 5, 12, 15, 19, 18, 23, 28, 32, 38, 41, 44, 49];169;[0, 5, 1, 5, 12, 5, 4, 7, 4, 6, 13, 9, 3, 8, 11, 21, 26, 21, 20, 22, 27, 25, 29, 25, 31, 36, 31, 30, 33, 37, 32, 38, 46, 49, 44, 47, 44, 41, 44, 43, 42, 48, 45, 40, 39, 34, 39, 41, 38, 32, 30, 35, 30, 32, 28, 23, 18, 19, 15, 19, 18, 16, 18, 14, 10, 17, 24, 15, 11, 8, 2, 5, 0];1032
2450;50;5;1;-;-;-;-
2451;50;5;1;-;-;-;-
2452;50;5;1;-;-;-;-
2453;50;5;1;-;-;-;-
2454;50;5;1;-;-;-;-
2455;50;5;1;-;-;-;-
2456;50;5;1;-;-;-;-
2457;50;5;1;-;-;-;-
2458;50;5;1;-;-;-;-
2459;50;5;1;[0, 4, 12, 20, 27, 36, 33, 40, 49];267;-;-
2460;50;5;2;[0, 3, 12, 15, 23, 27, 32, 36, 39, 30, 40, 46, 41, 43, 49];630;-;-
2461;50;5;2;-;-;-;-
2462;50;5;2;-;-;-;-
2463;50;5;2;[0, 3, 1, 4, 7, 11, 6, 18, 17, 27, 32, 37, 39, 40, 49];457;-;-
2464;50;5;2;-;-;-;-
2465;50;5;2;[0, 6, 11, 15, 22, 24, 27, 38, 43, 49];461;-;-
2466;50;5;2;-;-;-;-
2467;50;5;2;-;-;-;-
2468;50;5;2;[0, 4, 10, 12, 21, 27, 32, 44, 49];426;-;-
2469;50;5;2;-;-;-;-
2470;50;5;3;[0, 4, 7, 9, 17, 21, 24, 20, 29, 30, 33, 38, 43, 49];405;-;-
2471;50;5;3;-;-;-;-
2472;50;5;3;-;-;-;-
2473;50;5;3;-;-;-;-
2474;50;5;3;-;-;-;-
2475;50;5;3;[0, 2, 9, 13, 12, 23, 34, 37, 44, 49];224;-;-
2476;50;5;3;-;-;-;-
2477;50;5;3;[0, 3, 4, 12, 14, 24, 28, 33, 38, 45, 49];427;-;-
2478;50;5;3;[0, 5, 14, 17, 26, 30, 31, 38, 47, 45, 43, 46, 49];259;-;-
2479;50;5;3;[0, 1, 10, 9, 12, 15, 14, 18, 23, 31, 40, 44, 49];428;-;-
2480;50;5;5;[0, 6, 11, 23, 22, 33, 35, 45, 49];205;[0, 6, 11, 15, 18, 25, 32, 42, 32, 27, 32, 31, 36, 31, 35, 45, 49, 47, 41, 40, 45, 48, 45, 46, 43, 44, 39, 37, 34, 37, 28, 29, 28, 37, 38, 33, 35, 30, 26, 30, 24, 21, 17, 3, 4, 3, 17, 21, 23, 22, 33, 20, 19, 10, 14, 13, 23, 22, 16, 12, 2, 5, 1, 2, 3, 8, 7, 8, 9, 8, 7, 6, 0];1825
2481;50;5;5;[0, 14, 18, 28, 30, 35, 43, 49];134;[0, 14, 18, 15, 13, 20, 13, 11, 21, 11, 12, 17, 19, 23, 22, 25, 30, 28, 27, 28, 30, 26, 24, 31, 34, 29, 34, 40, 43, 49, 46, 42, 38, 42, 48, 45, 41, 44, 41, 35, 39, 35, 37, 47, 37, 35, 36, 33, 32, 24, 17, 15, 10, 9, 8, 6, 7, 6, 10, 5, 3, 1, 4, 2, 4, 13, 15, 18, 14, 16, 14, 0];1558
2482;50;5;5;[0, 5, 8, 9, 24, 31, 33, 36, 40, 49];237;[0, 2, 10, 2, 0, 5, 8, 16, 8, 9, 3, 5, 6, 1, 6, 11, 14, 12, 17, 12, 14, 23, 27, 25, 27, 23, 22, 21, 24, 31, 29, 31, 33, 41, 38, 39, 38, 41, 33, 36, 48, 43, 34, 35, 30, 35, 34, 43, 47, 45, 44, 46, 40, 49, 42, 37, 32, 24, 31, 28, 26, 20, 24, 18, 19, 15, 13, 11, 14, 7, 4, 0];1593
2483;50;5;5;[0, 3, 8, 6, 12, 24, 28, 37, 42, 44, 49];261;[0, 3, 5, 2, 13, 16, 19, 16, 23, 16, 18, 17, 18, 15, 18, 21, 20, 25, 22, 33, 26, 33, 27, 34, 27, 29, 27, 31, 30, 31, 32, 36, 37, 38, 35, 39, 35, 38, 40, 48, 49, 44, 47, 43, 47, 44, 42, 41, 42, 45, 46, 36, 37, 28, 24, 12, 14, 12, 6, 13, 11, 13, 6, 8, 9, 8, 10, 7, 4, 1, 6, 8, 3, 0];1621
2484;50;5;5;[0, 1, 6, 13, 24, 33, 34, 30, 39, 41, 46, 49];230;[0, 1, 2, 8, 5, 9, 5, 7, 5, 8, 2, 3, 6, 13, 18, 17, 15, 17, 20, 21, 22, 21, 23, 21, 16, 29, 26, 24, 33, 24, 26, 28, 34, 44, 34, 30, 38, 37, 41, 47, 40, 36, 40, 32, 30, 39, 41, 46, 49, 42, 45, 48, 45, 43, 35, 31, 28, 34, 27, 25, 14, 19, 14, 11, 10, 12, 10, 2, 4, 2, 1, 0];1402
2485;50;5;5;[0, 7, 9, 13, 19, 30, 33, 37, 39, 38, 48, 49];262;[0, 2, 0, 7, 1, 4, 1, 7, 8, 11, 14, 11, 21, 26, 21, 16, 18, 17, 25, 23, 25, 31, 34, 30, 36, 30, 33, 37, 46, 47, 49, 48, 38, 41, 42, 47, 44, 45, 43, 40, 48, 38, 39, 37, 33, 29, 33, 32, 31, 35, 31, 28, 20, 17, 18, 27, 24, 22, 15, 19, 13, 9, 13, 12, 6, 10, 6, 3, 5, 7, 0];2123
2486;50;5;5;[0, 3, 7, 16, 19, 22, 28, 31, 38, 47, 48, 49];200;[0, 3, 7, 16, 19, 23, 19, 22, 17, 15, 13, 15, 17, 22, 19, 10, 4, 10, 11, 18, 8, 18, 22, 17, 20, 24, 26, 27, 28, 31, 36, 34, 35, 37, 36, 39, 42, 48, 49, 43, 49, 48, 46, 41, 43, 45, 44, 45, 40, 30, 32, 33, 29, 30, 38, 47, 38, 31, 28, 25, 21, 25, 21, 14, 12, 16, 7, 5, 6, 9, 6, 5, 2, 1, 0];1386
2487;50;5;5;[0, 5, 6, 15, 26, 27, 29, 35, 36, 44, 42, 47, 49];152;[0, 1, 0, 5, 4, 3, 7, 17, 15, 25, 28, 25, 39, 42, 44, 48, 46, 48, 44, 36, 44, 40, 43, 47, 49, 45, 41, 40, 31, 37, 30, 34, 36, 35, 38, 35, 29, 27, 23, 27, 26, 15, 12, 18, 12, 9, 10, 21, 24, 33, 32, 33, 24, 33, 24, 21, 10, 13, 20, 22, 20, 13, 19, 13, 8, 2, 11, 14, 16, 14, 17, 7, 3, 6, 5, 0];1179
2488;50;5;5;[0, 2, 3, 12, 16, 17, 19, 24, 23, 26, 30, 33, 36, 40, 39, 41, 49];219;[0, 2, 7, 8, 20, 22, 21, 23, 26, 30, 28, 30, 33, 35, 34, 38, 34, 35, 33, 36, 37, 36, 40, 39, 42, 43, 47, 43, 44, 41, 49, 46, 45, 48, 41, 39, 31, 25, 27, 25, 29, 25, 23, 32, 23, 26, 23, 24, 19, 17, 16, 17, 11, 17, 16, 12, 6, 12, 14, 18, 14, 15, 9, 5, 4, 10, 3, 12, 16, 13, 1, 2, 0];1460
2489;50;5;5;[0, 2, 5, 11, 16, 22, 21, 27, 26, 30, 41, 33, 43, 49];170;[0, 2, 6, 8, 3, 1, 6, 19, 17, 14, 17, 18, 21, 27, 29, 33, 43, 49, 47, 42, 47, 44, 48, 46, 37, 36, 40, 45, 40, 36, 39, 36, 37, 38, 37, 36, 40, 36, 37, 36, 40, 43, 33, 41, 30, 32, 35, 34, 31, 34, 28, 32, 30, 26, 27, 21, 22, 16, 22, 23, 24, 25, 24, 23, 22, 16, 20, 12, 9, 15, 11, 10, 14, 13, 7, 4, 5, 2, 0];1416
2490;50;5;8;[0, 6, 10, 14, 27, 29, 34, 37, 40, 43, 49];128;[0, 6, 8, 12, 17, 16, 11, 5, 9, 15, 9, 10, 14, 27, 22, 23, 28, 30, 32, 30, 28, 35, 36, 37, 39, 37, 40, 43, 49, 47, 49, 46, 42, 44, 48, 44, 42, 41, 45, 41, 38, 40, 37, 34, 29, 31, 21, 31, 29, 34, 33, 28, 23, 22, 27, 19, 25, 26, 24, 26, 20, 18, 13, 8, 4, 1, 3, 1, 2, 7, 10, 6, 0];1121
2491;50;5;8;[0, 3, 8, 15, 25, 28, 31, 41, 45, 46, 42, 49];130;[0, 3, 8, 15, 16, 15, 13, 18, 23, 20, 23, 22, 23, 26, 27, 26, 29, 35, 48, 35, 41, 45, 46, 42, 49, 42, 38, 42, 46, 45, 47, 45, 41, 36, 41, 31, 33, 44, 43, 37, 34, 39, 32, 21, 32, 29, 24, 30, 40, 30, 33, 31, 28, 25, 28, 31, 17, 19, 17, 11, 17, 14, 12, 10, 9, 10, 9, 6, 2, 7, 5, 1, 4, 6, 2, 3, 0];1046
2492;50;5;8;[0, 2, 7, 13, 21, 29, 38, 42, 44, 49];97;[0, 11, 19, 22, 16, 10, 19, 11, 12, 6, 5, 6, 12, 15, 14, 17, 20, 25, 27, 25, 30, 31, 29, 32, 29, 38, 42, 44, 49, 44, 43, 36, 43, 48, 46, 48, 43, 40, 39, 40, 43, 36, 41, 45, 41, 47, 41, 36, 43, 48, 43, 37, 34, 37, 34, 33, 35, 30, 31, 29, 21, 23, 18, 23, 26, 28, 26, 23, 24, 23, 21, 13, 7, 2, 4, 3, 4, 9, 8, 1, 8, 1, 4, 2, 0];822
2493;50;5;8;[0, 3, 11, 16, 21, 26, 32, 45, 49];125;[0, 2, 3, 7, 3, 7, 10, 8, 10, 9, 15, 12, 15, 20, 23, 27, 30, 35, 30, 31, 30, 25, 34, 33, 29, 32, 39, 41, 39, 40, 39, 37, 46, 48, 44, 47, 45, 47, 45, 49, 43, 42, 36, 42, 38, 27, 28, 22, 26, 21, 18, 24, 18, 21, 13, 17, 14, 15, 9, 5, 4, 1, 6, 13, 21, 16, 11, 19, 11, 3, 0];910
2494;50;5;8;[0, 4, 13, 20, 18, 25, 28, 36, 40, 49];88;[0, 6, 7, 8, 2, 3, 2, 8, 15, 22, 27, 30, 21, 22, 18, 25, 29, 25, 24, 25, 28, 26, 28, 36, 34, 36, 38, 43, 41, 43, 45, 44, 46, 42, 33, 42, 35, 42, 45, 47, 49, 48, 49, 40, 37, 40, 49, 47, 39, 31, 39, 32, 23, 19, 18, 25, 18, 14, 18, 20, 13, 17, 16, 13, 4, 9, 4, 13, 11, 5, 6, 7, 10, 7, 8, 12, 8, 2, 1, 0];872
2495;50;5;8;[0, 10, 18, 29, 37, 39, 41, 43, 49];131;[0, 10, 1, 5, 6, 13, 15, 13, 7, 14, 12, 14, 17, 3, 17, 14, 11, 4, 9, 8, 2, 5, 1, 10, 18, 29, 37, 40, 42, 44, 48, 44, 35, 42, 46, 45, 47, 45, 34, 27, 26, 24, 28, 30, 33, 39, 41, 43, 49, 43, 46, 36, 32, 36, 38, 33, 25, 23, 25, 33, 31, 21, 20, 22, 19, 24, 16, 10, 0];988
2496;50;5;8;[0, 6, 9, 21, 23, 26, 32, 42, 40, 49];83;[0, 6, 9, 12, 9, 21, 13, 14, 11, 21, 28, 29, 27, 22, 17, 22, 27, 24, 16, 18, 10, 16, 20, 31, 32, 35, 36, 30, 36, 39, 33, 34, 37, 40, 42, 46, 44, 40, 41, 38, 41, 40, 49, 45, 49, 48, 47, 43, 37, 40, 42, 40, 42, 32, 26, 23, 25, 23, 26, 19, 15, 8, 5, 8, 4, 11, 7, 1, 2, 1, 3, 5, 6, 0];1135
2497;50;5;8;[0, 8, 14, 19, 22, 27, 28, 31, 43, 46, 49];125;[0, 4, 3, 4, 6, 7, 6, 4, 9, 11, 9, 5, 10, 1, 2, 1, 10, 14, 16, 12, 15, 12, 16, 20, 21, 24, 22, 23, 25, 36, 32, 37, 41, 39, 38, 39, 34, 30, 34, 37, 35, 28, 31, 43, 45, 43, 46, 49, 48, 47, 44, 47, 48, 42, 40, 42, 33, 29, 26, 29, 28, 27, 22, 13, 22, 19, 14, 8, 17, 18, 17, 8, 0];950
2498;50;5;8;[0, 1, 6, 19, 24, 26, 29, 37, 40, 45, 49];140;[0, 3, 6, 11, 10, 8, 10, 9, 12, 9, 14, 16, 19, 24, 19, 22, 17, 20, 34, 33, 47, 49, 48, 49, 45, 40, 37, 38, 42, 43, 46, 44, 46, 43, 41, 35, 36, 37, 46, 39, 33, 30, 31, 27, 32, 28, 32, 28, 37, 29, 26, 21, 15, 23, 25, 23, 15, 5, 15, 4, 7, 10, 18, 13, 18, 22, 19, 6, 1, 2, 0];1035
2499;50;5;8;[0, 1, 10, 13, 15, 19, 25, 33, 30, 38, 42, 49];80;[0, 1, 4, 1, 4, 9, 7, 3, 7, 3, 8, 5, 8, 2, 6, 16, 18, 16, 12, 22, 20, 22, 21, 22, 20, 28, 41, 28, 20, 22, 12, 11, 12, 17, 19, 15, 19, 23, 26, 29, 37, 36, 44, 39, 44, 45, 46, 45, 43, 34, 43, 49, 47, 49, 42, 48, 42, 38, 30, 33, 35, 32, 35, 40, 35, 31, 24, 27, 30, 33, 25, 19, 15, 14, 13, 10, 1, 0];866
2500;50;5;13;[0, 5, 9, 15, 14, 13, 20, 30, 35, 43, 49];94;[0, 5, 9, 15, 12, 17, 22, 24, 28, 34, 32, 36, 32, 35, 42, 35, 43, 35, 30, 20, 13, 20, 11, 14, 10, 16, 27, 23, 26, 25, 26, 21, 29, 31, 32, 36, 44, 49, 44, 48, 47, 46, 39, 45, 41, 45, 39, 40, 38, 40, 44, 37, 44, 40, 33, 25, 18, 25, 19, 12, 14, 4, 14, 15, 8, 6, 2, 5, 1, 7, 1, 5, 0, 3, 0];830
2501;50;5;13;[0, 2, 1, 9, 12, 22, 29, 42, 41, 38, 47, 49];53;[0, 2, 1, 4, 3, 4, 1, 5, 8, 5, 1, 7, 10, 12, 20, 13, 14, 24, 14, 21, 23, 29, 42, 39, 48, 44, 48, 39, 42, 41, 38, 41, 38, 47, 49, 45, 49, 47, 40, 46, 43, 36, 35, 33, 31, 33, 35, 37, 32, 35, 30, 27, 34, 26, 28, 16, 19, 16, 28, 25, 21, 17, 6, 17, 29, 22, 12, 15, 18, 15, 11, 15, 12, 9, 1, 2, 0];620
2502;50;5;13;[0, 6, 12, 18, 25, 30, 32, 42, 46, 49];97;[0, 6, 7, 4, 1, 4, 5, 14, 20, 16, 23, 22, 21, 22, 23, 16, 23, 29, 23, 24, 26, 27, 35, 27, 31, 34, 33, 40, 39, 38, 41, 45, 41, 44, 41, 45, 37, 45, 47, 43, 36, 37, 46, 49, 46, 48, 46, 42, 32, 30, 28, 30, 25, 18, 25, 19, 25, 18, 17, 18, 12, 18, 17, 23, 16, 13, 11, 13, 15, 10, 15, 9, 3, 2, 3, 8, 6, 0];658
2503;50;5;13;[0, 4, 5, 16, 29, 33, 32, 39, 44, 49];107;[0, 4, 3, 4, 15, 21, 24, 23, 19, 23, 19, 18, 12, 7, 12, 6, 10, 14, 17, 14, 13, 19, 23, 25, 27, 28, 38, 43, 38, 35, 40, 46, 34, 28, 32, 39, 41, 44, 49, 47, 45, 42, 48, 44, 41, 37, 31, 36, 30, 33, 29, 33, 32, 26, 22, 20, 16, 11, 16, 5, 8, 5, 4, 5, 7, 9, 1, 2, 1, 4, 0];728
2504;50;5;13;[0, 5, 1, 3, 10, 15, 18, 21, 30, 34, 49];44;[0, 5, 9, 12, 9, 5, 13, 10, 15, 18, 21, 30, 34, 28, 35, 28, 26, 22, 26, 28, 34, 30, 34, 37, 34, 30, 32, 30, 34, 49, 46, 41, 43, 48, 43, 41, 46, 40, 44, 45, 42, 39, 42, 49, 47, 36, 47, 38, 33, 31, 29, 34, 30, 21, 20, 16, 17, 24, 25, 27, 19, 14, 6, 14, 23, 14, 11, 8, 4, 8, 7, 8, 2, 8, 15, 10, 3, 1, 5, 0];495
2505;50;5;13;[0, 6, 15, 26, 34, 44, 37, 41, 49];76;[0, 6, 11, 19, 14, 19, 20, 15, 7, 3, 2, 3, 5, 4, 9, 10, 9, 13, 18, 13, 9, 12, 16, 19, 22, 29, 22, 21, 27, 30, 28, 34, 32, 35, 32, 34, 44, 37, 41, 47, 49, 46, 45, 42, 48, 40, 48, 42, 38, 36, 39, 43, 39, 41, 37, 44, 34, 32, 33, 31, 33, 32, 34, 26, 34, 24, 23, 25, 22, 21, 17, 8, 11, 1, 6, 0];545
2506;50;5;13;[0, 17, 21, 31, 40, 39, 49];43;[0, 5, 7, 13, 20, 18, 14, 8, 3, 10, 15, 11, 4, 11, 12, 6, 2, 1, 2, 6, 12, 9, 17, 21, 31, 21, 31, 40, 39, 49, 39, 36, 35, 37, 42, 41, 46, 48, 39, 40, 37, 34, 29, 32, 33, 32, 29, 28, 38, 45, 47, 45, 38, 44, 43, 44, 30, 25, 24, 25, 19, 16, 19, 22, 23, 26, 27, 31, 21, 17, 0];613
2507;50;5;13;[0, 6, 12, 19, 20, 24, 28, 23, 31, 35, 39, 42, 49];73;[0, 1, 6, 12, 17, 13, 18, 21, 25, 19, 20, 24, 28, 29, 28, 23, 31, 35, 39, 41, 47, 46, 37, 36, 37, 39, 34, 39, 42, 49, 43, 44, 40, 44, 48, 44, 40, 45, 40, 44, 40, 42, 38, 33, 28, 23, 31, 32, 30, 32, 27, 26, 22, 20, 16, 11, 16, 14, 8, 5, 8, 14, 16, 13, 15, 10, 9, 7, 9, 12, 6, 2, 3, 4, 3, 0];623
2508;50;5;13;[0, 4, 1, 12, 17, 25, 36, 49];80;[0, 4, 2, 4, 6, 8, 3, 8, 14, 24, 27, 24, 32, 29, 30, 29, 35, 34, 39, 38, 39, 43, 47, 46, 37, 40, 42, 45, 48, 44, 48, 49, 36, 43, 41, 33, 28, 23, 28, 26, 22, 18, 22, 32, 29, 31, 25, 17, 16, 17, 25, 21, 19, 21, 20, 9, 7, 6, 8, 10, 13, 15, 17, 12, 11, 5, 11, 1, 4, 0];613
2509;50;5;13;[0, 3, 6, 11, 8, 14, 21, 26, 35, 38, 41, 39, 47, 49];64;[0, 2, 5, 4, 6, 3, 6, 1, 6, 11, 8, 13, 9, 13, 10, 12, 16, 12, 7, 12, 17, 20, 17, 18, 23, 21, 14, 21, 34, 21, 24, 28, 25, 36, 39, 43, 39, 47, 49, 48, 40, 29, 26, 35, 38, 45, 47, 39, 41, 44, 41, 46, 41, 38, 31, 38, 33, 38, 31, 37, 31, 27, 31, 38, 42, 38, 33, 22, 30, 22, 33, 32, 35, 26, 21, 14, 15, 14, 21, 14, 8, 11, 19, 11, 6, 3, 0];679
2510;50;5;21;[0, 10, 19, 24, 28, 21, 25, 26, 32, 42, 46, 49];50;[0, 7, 5, 13, 5, 9, 5, 2, 4, 2, 6, 11, 3, 1, 7, 0, 8, 12, 16, 17, 14, 15, 21, 28, 38, 29, 34, 36, 23, 22, 23, 14, 21, 28, 27, 28, 30, 31, 33, 31, 30, 28, 38, 47, 48, 49, 45, 41, 47, 38, 37, 35, 39, 44, 40, 46, 43, 46, 42, 32, 26, 25, 26, 20, 26, 25, 21, 28, 24, 19, 10, 18, 10, 0];528
2511;50;5;21;[0, 8, 14, 10, 16, 28, 29, 37, 49];65;[0, 1, 5, 9, 2, 6, 12, 6, 2, 10, 14, 21, 14, 10, 4, 10, 14, 18, 16, 28, 34, 38, 47, 46, 44, 36, 44, 39, 30, 39, 30, 42, 35, 40, 41, 48, 41, 45, 35, 33, 37, 49, 37, 43, 37, 29, 32, 25, 31, 27, 15, 20, 22, 23, 26, 20, 11, 19, 11, 17, 24, 13, 24, 19, 11, 7, 3, 10, 14, 8, 0];547
2512;50;5;21;[0, 5, 8, 22, 21, 30, 39, 49];57;[0, 5, 16, 15, 12, 15, 13, 4, 6, 4, 10, 17, 24, 27, 32, 25, 28, 30, 39, 49, 39, 41, 40, 46, 41, 44, 37, 44, 37, 31, 34, 38, 43, 45, 48, 47, 48, 45, 36, 26, 23, 26, 23, 18, 20, 14, 20, 33, 32, 27, 21, 22, 8, 22, 19, 29, 35, 42, 35, 29, 19, 22, 8, 5, 3, 9, 7, 15, 1, 15, 16, 11, 2, 5, 0];576
2513;50;5;21;[0, 3, 13, 27, 34, 42, 47, 49];36;[0, 3, 5, 10, 5, 3, 4, 7, 4, 11, 16, 19, 25, 31, 25, 19, 18, 20, 23, 20, 29, 30, 41, 43, 37, 36, 48, 44, 45, 49, 47, 49, 45, 39, 30, 32, 40, 39, 30, 35, 38, 34, 42, 34, 27, 26, 27, 33, 27, 13, 6, 15, 8, 16, 11, 9, 14, 21, 12, 24, 28, 24, 37, 46, 37, 24, 22, 26, 27, 13, 6, 17, 6, 13, 6, 1, 2, 0];506
2514;50;5;21;[0, 2, 1, 14, 16, 22, 29, 35, 34, 41, 49];70;[0, 2, 8, 10, 5, 6, 12, 11, 12, 20, 15, 12, 7, 4, 7, 12, 13, 6, 5, 3, 5, 9, 18, 23, 25, 30, 31, 26, 31, 30, 36, 43, 47, 43, 36, 35, 34, 40, 34, 41, 39, 41, 49, 48, 42, 44, 46, 38, 46, 45, 35, 34, 33, 37, 33, 28, 27, 21, 27, 28, 32, 28, 24, 28, 22, 16, 22, 29, 22, 16, 14, 17, 19, 17, 14, 1, 2, 0];511
2515;50;5;21;[0, 3, 12, 11, 21, 28, 31, 39, 47, 49];74;[0, 1, 4, 5, 2, 5, 7, 12, 11, 18, 13, 19, 16, 12, 14, 12, 11, 21, 28, 31, 28, 29, 36, 23, 36, 34, 38, 34, 41, 44, 46, 44, 41, 34, 27, 34, 40, 45, 42, 48, 42, 35, 26, 35, 41, 43, 47, 49, 47, 39, 31, 37, 33, 32, 24, 25, 24, 31, 28, 29, 30, 20, 22, 20, 17, 15, 10, 8, 12, 3, 6, 3, 9, 3, 0];642
2516;50;5;21;[0, 3, 9, 14, 8, 15, 27, 23, 35, 36, 47, 49];58;[0, 3, 4, 12, 16, 20, 29, 32, 36, 47, 49, 47, 36, 40, 45, 43, 44, 43, 41, 48, 41, 48, 46, 42, 46, 42, 36, 35, 40, 39, 33, 38, 34, 35, 23, 27, 37, 27, 31, 28, 26, 24, 30, 24, 21, 18, 21, 22, 19, 25, 17, 25, 20, 10, 11, 13, 11, 10, 15, 8, 14, 9, 3, 7, 2, 7, 5, 0, 3, 6, 3, 1, 3, 9, 3, 0];642
2517;50;5;21;[0, 7, 18, 25, 36, 34, 40, 48, 49];90;[0, 11, 6, 16, 19, 29, 20, 25, 28, 27, 35, 41, 35, 32, 45, 32, 37, 47, 46, 42, 44, 43, 48, 38, 48, 49, 48, 38, 42, 34, 40, 34, 36, 25, 23, 18, 13, 18, 26, 30, 26, 28, 33, 39, 31, 32, 24, 17, 22, 17, 15, 10, 2, 5, 1, 5, 2, 7, 18, 19, 16, 21, 14, 12, 14, 3, 8, 3, 9, 4, 6, 11, 0];696
2518;50;5;21;[0, 4, 10, 16, 24, 32, 40, 39, 49];65;[0, 4, 10, 16, 13, 16, 24, 23, 19, 23, 30, 21, 26, 34, 35, 34, 31, 30, 21, 25, 27, 29, 32, 40, 39, 49, 48, 44, 47, 41, 45, 41, 43, 37, 42, 47, 41, 36, 41, 38, 46, 38, 32, 40, 33, 22, 28, 22, 19, 23, 20, 14, 18, 14, 5, 3, 5, 11, 15, 8, 2, 9, 14, 7, 12, 6, 17, 24, 16, 10, 1, 10, 4, 0];533
2519;50;5;21;[0, 1, 12, 7, 15, 20, 28, 40, 38, 43, 49];96;[0, 1, 6, 3, 9, 12, 7, 15, 17, 19, 26, 32, 44, 39, 42, 35, 42, 39, 33, 37, 28, 35, 42, 39, 47, 46, 49, 43, 41, 43, 38, 34, 40, 28, 22, 27, 22, 28, 40, 38, 45, 48, 45, 36, 31, 36, 29, 30, 29, 25, 29, 23, 13, 23, 17, 21, 18, 21, 24, 15, 16, 15, 20, 14, 20, 11, 10, 8, 5, 12, 7, 4, 2, 4, 7, 12, 1, 0];738
2520;50;8;1;-;-;-;-
2521;50;8;1;-;-;-;-
2522;50;8;1;-;-;-;-
2523;50;8;1;-;-;-;-
2524;50;8;1;-;-;-;-
2525;50;8;1;-;-;-;-
2526;50;8;1;-;-;-;-
2527;50;8;1;-;-;-;-
2528;50;8;1;-;-;-;-
2529;50;8;1;-;-;-;-
2530;50;8;2;[0, 7, 22, 33, 37, 36, 49];318;-;-
2531;50;8;2;-;-;-;-
2532;50;8;2;-;-;-;-
2533;50;8;2;-;-;-;-
2534;50;8;2;-;-;-;-
2535;50;8;2;[0, 11, 31, 32, 49];68;-;-
2536;50;8;2;[0, 6, 10, 20, 19, 27, 26, 30, 49];440;-;-
2537;50;8;2;[0, 1, 11, 25, 22, 29, 28, 31, 43, 47, 49];410;-;-
2538;50;8;2;-;-;-;-
2539;50;8;2;-;-;-;-
2540;50;8;3;-;-;-;-
2541;50;8;3;[0, 8, 22, 34, 28, 33, 27, 42, 49];216;-;-
2542;50;8;3;-;-;-;-
2543;50;8;3;[0, 6, 18, 33, 24, 34, 37, 43, 44, 49];206;[0, 6, 2, 6, 9, 6, 8, 7, 10, 7, 8, 6, 4, 6, 18, 20, 23, 13, 23, 22, 17, 22, 19, 11, 19, 46, 41, 27, 41, 32, 31, 39, 31, 32, 33, 35, 33, 40, 45, 30, 36, 38, 48, 47, 43, 44, 49, 44, 42, 44, 43, 37, 34, 24, 26, 29, 26, 12, 15, 16, 21, 16, 14, 16, 21, 25, 28, 16, 15, 1, 15, 12, 15, 16, 5, 3, 6, 0];2593
2544;50;8;3;[0, 2, 15, 21, 30, 24, 33, 44, 42, 47, 49];296;-;-
2545;50;8;3;[0, 11, 27, 29, 33, 38, 39, 43, 47, 49];287;-;-
2546;50;8;3;[0, 9, 27, 39, 44, 43, 41, 49];314;-;-
2547;50;8;3;[0, 7, 26, 23, 31, 38, 49];164;-;-
2548;50;8;3;[0, 5, 13, 24, 38, 30, 33, 43, 49];273;[0, 5, 3, 4, 6, 4, 9, 12, 10, 18, 20, 9, 8, 21, 42, 32, 42, 21, 26, 21, 8, 27, 8, 13, 14, 17, 23, 17, 15, 16, 25, 16, 15, 7, 15, 22, 29, 37, 44, 37, 31, 35, 31, 30, 48, 45, 48, 40, 46, 34, 39, 36, 39, 33, 43, 49, 47, 41, 28, 33, 30, 38, 19, 38, 24, 13, 5, 3, 11, 2, 1, 0];2362
2549;50;8;3;[0, 6, 13, 26, 34, 46, 49];305;-;-
2550;50;8;5;[0, 7, 20, 39, 37, 36, 38, 47, 49];197;[0, 7, 8, 13, 18, 26, 32, 42, 48, 47, 49, 40, 49, 47, 44, 35, 42, 45, 46, 43, 41, 43, 46, 45, 38, 36, 37, 34, 29, 37, 39, 33, 39, 20, 27, 30, 24, 21, 15, 25, 27, 20, 14, 17, 10, 19, 31, 19, 12, 11, 20, 22, 28, 16, 6, 5, 9, 7, 20, 23, 10, 3, 10, 1, 4, 2, 4, 7, 0];2092
2551;50;8;5;[0, 3, 16, 28, 29, 38, 42, 49];193;[0, 9, 5, 15, 26, 32, 38, 29, 21, 29, 38, 42, 48, 49, 31, 30, 33, 30, 41, 43, 41, 46, 47, 40, 34, 40, 46, 44, 37, 25, 37, 25, 28, 29, 19, 20, 25, 28, 16, 24, 23, 24, 35, 36, 27, 36, 45, 36, 39, 36, 27, 22, 18, 22, 17, 12, 16, 3, 8, 1, 6, 7, 13, 7, 11, 14, 11, 10, 11, 4, 2, 4, 3, 0];1640
2552;50;8;5;[0, 5, 21, 22, 34, 42, 49];167;-;-
2553;50;8;5;[0, 3, 17, 22, 31, 43, 44, 49];166;[0, 9, 19, 11, 19, 30, 19, 15, 5, 15, 19, 20, 12, 20, 28, 25, 18, 29, 20, 29, 27, 26, 33, 26, 23, 24, 23, 16, 23, 31, 40, 31, 22, 34, 38, 42, 38, 44, 49, 44, 48, 46, 45, 35, 39, 35, 41, 35, 36, 32, 37, 38, 47, 43, 31, 22, 17, 22, 17, 14, 17, 3, 7, 3, 21, 3, 2, 8, 17, 13, 10, 13, 4, 6, 4, 1, 9, 0];1565
2554;50;8;5;[0, 5, 11, 9, 15, 21, 32, 39, 44, 49];164;[0, 5, 13, 24, 20, 17, 12, 17, 25, 36, 34, 40, 37, 30, 38, 30, 34, 46, 45, 42, 41, 42, 48, 47, 48, 39, 44, 49, 44, 39, 35, 33, 28, 26, 27, 29, 31, 18, 6, 18, 19, 22, 19, 18, 6, 17, 23, 27, 39, 32, 43, 32, 21, 15, 16, 15, 9, 11, 9, 10, 7, 10, 7, 3, 8, 4, 6, 2, 6, 18, 14, 1, 5, 0];1516
2555;50;8;5;[0, 1, 20, 17, 23, 33, 44, 45, 49];125;[0, 3, 4, 3, 8, 9, 6, 9, 17, 23, 32, 26, 34, 36, 42, 37, 43, 48, 40, 38, 46, 37, 45, 49, 45, 44, 47, 44, 33, 23, 32, 31, 30, 24, 28, 39, 35, 41, 35, 24, 30, 24, 21, 22, 25, 27, 25, 22, 15, 16, 18, 13, 29, 13, 7, 13, 10, 5, 10, 13, 19, 17, 20, 14, 11, 2, 11, 14, 12, 14, 20, 1, 0];1600
2556;50;8;5;[0, 3, 4, 10, 11, 18, 26, 44, 49];123;-;-
2557;50;8;5;[0, 5, 12, 33, 40, 49];108;[0, 6, 7, 23, 21, 19, 21, 13, 8, 2, 4, 2, 9, 1, 9, 18, 16, 26, 25, 26, 16, 14, 3, 14, 16, 17, 22, 17, 20, 11, 10, 24, 27, 24, 10, 11, 20, 15, 20, 17, 23, 35, 33, 40, 45, 41, 47, 48, 43, 37, 34, 40, 46, 40, 49, 42, 39, 28, 32, 36, 38, 30, 38, 36, 44, 36, 33, 35, 29, 31, 29, 12, 5, 12, 5, 0];1407
2558;50;8;5;[0, 14, 30, 36, 33, 34, 49];174;[0, 13, 2, 11, 17, 12, 17, 19, 22, 19, 24, 21, 29, 43, 46, 43, 40, 31, 40, 43, 29, 42, 45, 47, 45, 48, 45, 34, 49, 34, 33, 23, 33, 36, 33, 34, 37, 38, 41, 35, 44, 35, 32, 26, 21, 29, 25, 15, 25, 28, 16, 9, 7, 9, 3, 6, 5, 4, 1, 4, 10, 11, 20, 27, 39, 27, 20, 11, 8, 11, 14, 30, 18, 30, 14, 0, 13, 0];1597
2559;50;8;5;[0, 8, 23, 26, 31, 41, 49];160;[0, 8, 14, 25, 47, 44, 47, 45, 41, 49, 42, 49, 41, 40, 48, 40, 46, 38, 46, 43, 46, 40, 34, 39, 37, 25, 26, 31, 36, 35, 36, 32, 16, 32, 27, 24, 21, 24, 21, 23, 28, 23, 26, 30, 18, 19, 18, 30, 26, 25, 20, 25, 37, 33, 29, 22, 13, 15, 10, 7, 17, 7, 3, 5, 12, 6, 11, 4, 6, 2, 6, 12, 9, 1, 8, 0];1611
2560;50;8;8;[0, 14, 11, 16, 21, 26, 30, 37, 34, 43, 49];95;[0, 6, 0, 1, 3, 4, 7, 9, 12, 13, 2, 13, 12, 11, 16, 24, 16, 19, 23, 30, 18, 30, 37, 34, 43, 49, 40, 42, 35, 48, 47, 46, 37, 41, 37, 34, 43, 34, 37, 34, 43, 39, 36, 29, 32, 45, 44, 45, 38, 25, 22, 21, 27, 15, 27, 21, 16, 11, 14, 17, 8, 21, 26, 31, 26, 28, 33, 28, 20, 10, 5, 0];765
2561;50;8;8;[0, 5, 9, 7, 18, 28, 29, 49];67;[0, 5, 11, 5, 9, 7, 18, 28, 29, 49, 44, 35, 44, 42, 47, 46, 47, 36, 41, 36, 40, 45, 48, 45, 40, 33, 40, 38, 37, 32, 39, 32, 26, 32, 24, 20, 30, 20, 27, 35, 43, 34, 31, 25, 14, 25, 27, 29, 19, 16, 28, 23, 22, 12, 17, 21, 15, 10, 6, 10, 13, 1, 8, 4, 2, 4, 3, 0];866
2562;50;8;8;[0, 12, 25, 30, 24, 26, 36, 49];58;[0, 12, 25, 30, 33, 30, 28, 30, 24, 32, 35, 36, 49, 40, 41, 46, 47, 38, 45, 38, 44, 39, 36, 26, 34, 26, 31, 26, 24, 29, 27, 37, 43, 42, 48, 42, 23, 13, 17, 20, 16, 20, 19, 20, 17, 26, 21, 22, 14, 6, 18, 10, 13, 2, 3, 9, 6, 4, 15, 11, 7, 8, 1, 5, 1, 8, 7, 12, 0];1021
2563;50;8;8;[0, 2, 14, 11, 15, 31, 49];123;[0, 2, 14, 17, 21, 9, 21, 24, 27, 24, 22, 19, 23, 37, 38, 45, 35, 36, 41, 43, 42, 28, 40, 26, 40, 49, 44, 47, 44, 33, 44, 49, 31, 30, 32, 25, 48, 25, 32, 38, 34, 29, 39, 29, 34, 46, 34, 29, 20, 18, 15, 11, 13, 12, 3, 1, 3, 6, 8, 7, 5, 7, 14, 17, 16, 10, 4, 0];1086
2564;50;8;8;[0, 9, 1, 14, 25, 30, 36, 49];71;[0, 4, 12, 5, 12, 6, 23, 21, 33, 35, 28, 30, 20, 30, 37, 45, 37, 43, 37, 39, 38, 48, 38, 24, 38, 36, 49, 36, 30, 40, 41, 44, 47, 44, 31, 34, 27, 29, 27, 19, 26, 35, 42, 35, 28, 30, 32, 46, 32, 25, 14, 1, 9, 18, 9, 17, 22, 17, 13, 15, 13, 17, 3, 10, 11, 7, 16, 7, 2, 8, 4, 0];696
2565;50;8;8;[0, 9, 25, 33, 36, 35, 49];61;[0, 6, 8, 24, 21, 30, 32, 30, 21, 24, 21, 38, 34, 39, 46, 44, 48, 45, 49, 43, 41, 43, 42, 43, 41, 40, 41, 43, 47, 43, 49, 37, 49, 35, 29, 35, 36, 33, 25, 26, 28, 26, 28, 27, 28, 26, 25, 9, 25, 22, 31, 20, 23, 10, 23, 19, 22, 25, 9, 15, 16, 18, 12, 14, 12, 18, 16, 15, 13, 11, 7, 25, 9, 17, 5, 2, 4, 1, 3, 0];910
2566;50;8;8;[0, 5, 9, 16, 23, 37, 49];80;[0, 5, 2, 11, 13, 14, 27, 24, 21, 8, 10, 4, 7, 4, 1, 3, 8, 15, 20, 22, 31, 18, 26, 38, 47, 38, 32, 38, 40, 39, 46, 48, 44, 43, 44, 40, 45, 40, 44, 43, 29, 19, 29, 43, 30, 34, 33, 36, 35, 36, 25, 11, 12, 11, 25, 36, 33, 41, 42, 49, 37, 23, 17, 23, 16, 23, 28, 23, 37, 23, 16, 9, 6, 9, 5, 0];1088
2567;50;8;8;[0, 5, 8, 9, 15, 14, 19, 24, 32, 42, 49];42;[0, 1, 11, 17, 18, 24, 19, 14, 19, 21, 19, 13, 6, 13, 12, 13, 19, 14, 15, 9, 10, 3, 4, 7, 4, 5, 8, 9, 20, 26, 20, 28, 36, 41, 47, 41, 39, 41, 36, 28, 27, 29, 31, 35, 40, 46, 40, 48, 45, 38, 34, 49, 42, 32, 30, 32, 30, 37, 44, 37, 30, 32, 22, 32, 33, 25, 43, 25, 23, 27, 16, 8, 5, 2, 5, 0];694
2568;50;8;8;[0, 13, 27, 30, 44, 48, 49];49;[0, 13, 27, 33, 27, 41, 45, 49, 48, 44, 48, 40, 39, 36, 39, 47, 45, 46, 42, 38, 31, 38, 31, 10, 11, 19, 14, 4, 14, 19, 11, 10, 7, 23, 29, 20, 17, 20, 24, 21, 24, 34, 28, 31, 27, 37, 35, 37, 27, 30, 43, 30, 18, 16, 8, 6, 8, 1, 8, 25, 32, 25, 26, 15, 26, 17, 7, 2, 7, 3, 9, 18, 5, 12, 22, 27, 13, 0];985
2569;50;8;8;[0, 6, 17, 28, 42, 49];100;[0, 3, 8, 11, 22, 15, 17, 39, 43, 45, 47, 44, 46, 44, 49, 42, 28, 36, 28, 35, 38, 35, 28, 17, 39, 17, 6, 7, 18, 26, 32, 34, 37, 34, 33, 41, 33, 30, 19, 24, 31, 48, 40, 48, 31, 29, 23, 29, 20, 29, 27, 21, 13, 5, 13, 19, 2, 19, 24, 14, 25, 14, 1, 4, 9, 16, 9, 4, 12, 10, 12, 6, 0];943
2570;50;8;13;[0, 10, 21, 40, 42, 49];70;[0, 10, 21, 16, 21, 10, 0, 8, 7, 4, 7, 12, 7, 11, 9, 11, 15, 22, 15, 11, 2, 11, 13, 24, 43, 39, 42, 48, 49, 46, 47, 46, 44, 39, 42, 39, 38, 39, 35, 40, 37, 40, 35, 36, 45, 33, 45, 27, 23, 30, 23, 18, 26, 30, 34, 42, 39, 31, 32, 28, 20, 25, 29, 41, 29, 19, 20, 13, 14, 17, 6, 1, 3, 4, 5, 0];582
2571;50;8;13;[0, 6, 16, 22, 26, 38, 43, 49];70;[0, 6, 3, 6, 8, 6, 11, 6, 16, 27, 13, 27, 16, 10, 15, 21, 33, 36, 33, 43, 32, 25, 32, 43, 49, 47, 34, 17, 19, 20, 24, 20, 5, 20, 23, 30, 12, 30, 23, 10, 15, 18, 15, 10, 7, 4, 1, 4, 7, 26, 38, 48, 42, 41, 35, 41, 35, 38, 40, 39, 37, 31, 37, 44, 29, 44, 45, 44, 46, 44, 38, 26, 22, 26, 14, 26, 32, 28, 9, 2, 0];620
2572;50;8;13;[0, 5, 12, 16, 26, 30, 23, 32, 27, 39, 49];81;[0, 5, 4, 6, 7, 15, 20, 26, 16, 21, 16, 26, 16, 12, 1, 12, 16, 26, 30, 36, 30, 23, 32, 35, 45, 37, 45, 35, 32, 25, 32, 27, 44, 31, 33, 29, 47, 49, 39, 38, 39, 27, 44, 34, 43, 48, 43, 42, 43, 24, 29, 46, 40, 41, 18, 28, 19, 25, 18, 14, 18, 17, 13, 8, 13, 17, 10, 11, 10, 9, 22, 9, 3, 9, 2, 0, 5, 0];738
2573;50;8;13;[0, 18, 24, 30, 40, 46, 42, 49];52;[0, 18, 24, 18, 26, 25, 8, 5, 8, 9, 13, 15, 19, 15, 13, 11, 14, 7, 3, 7, 11, 13, 2, 10, 17, 22, 29, 41, 45, 41, 34, 41, 43, 35, 30, 28, 34, 41, 34, 36, 39, 44, 39, 49, 47, 49, 42, 46, 40, 37, 29, 41, 48, 32, 27, 38, 27, 33, 27, 16, 17, 22, 17, 1, 6, 4, 6, 20, 21, 30, 31, 23, 12, 17, 22, 18, 0];549
2574;50;8;13;[0, 11, 27, 23, 33, 34, 42, 49];48;[0, 5, 0, 1, 0, 9, 7, 11, 14, 13, 12, 28, 34, 42, 49, 42, 34, 25, 34, 35, 33, 34, 32, 21, 20, 23, 27, 23, 15, 23, 18, 2, 18, 23, 33, 26, 29, 24, 31, 39, 37, 45, 44, 38, 30, 38, 44, 38, 36, 39, 37, 48, 41, 48, 40, 46, 43, 47, 19, 8, 19, 28, 22, 17, 16, 3, 16, 3, 4, 10, 6, 11, 0];540
2575;50;8;13;[0, 20, 39, 40, 37, 49];35;[0, 5, 3, 5, 0, 20, 23, 32, 18, 15, 16, 15, 10, 2, 10, 19, 22, 24, 22, 14, 21, 14, 4, 11, 7, 12, 8, 12, 6, 1, 6, 12, 9, 4, 14, 23, 33, 30, 33, 31, 34, 38, 42, 44, 42, 35, 46, 35, 28, 26, 40, 37, 40, 37, 49, 47, 48, 45, 41, 43, 41, 39, 17, 13, 28, 26, 29, 36, 25, 20, 27, 20, 0];649
2576;50;8;13;[0, 18, 17, 28, 23, 20, 42, 46, 49];63;[0, 6, 17, 28, 27, 19, 22, 33, 40, 37, 43, 37, 32, 24, 20, 42, 35, 31, 36, 34, 39, 45, 41, 44, 41, 38, 30, 38, 36, 47, 48, 47, 49, 46, 42, 35, 33, 22, 26, 23, 25, 23, 29, 21, 13, 16, 14, 9, 12, 5, 12, 9, 10, 4, 10, 15, 2, 15, 23, 28, 17, 18, 7, 11, 8, 3, 1, 3, 7, 18, 0];622
2577;50;8;13;[0, 4, 2, 19, 24, 48, 49];67;[0, 3, 8, 15, 18, 17, 23, 12, 13, 12, 15, 27, 31, 32, 36, 41, 37, 40, 45, 48, 49, 47, 42, 47, 35, 20, 24, 29, 41, 24, 34, 46, 34, 24, 20, 22, 20, 24, 34, 24, 48, 44, 43, 38, 43, 30, 28, 39, 33, 26, 33, 25, 32, 19, 16, 14, 10, 5, 7, 5, 10, 5, 11, 21, 11, 2, 19, 15, 9, 6, 1, 2, 4, 0];660
2578;50;8;13;[0, 5, 11, 19, 24, 29, 35, 40, 49];63;[0, 5, 8, 5, 1, 2, 1, 3, 11, 19, 17, 19, 11, 14, 23, 28, 23, 14, 20, 16, 20, 24, 29, 37, 43, 37, 48, 37, 29, 31, 34, 47, 45, 41, 40, 35, 46, 39, 42, 25, 30, 31, 36, 33, 44, 33, 36, 31, 29, 37, 29, 31, 30, 31, 29, 31, 29, 27, 29, 31, 26, 13, 22, 20, 24, 29, 35, 40, 49, 40, 41, 38, 32, 21, 15, 21, 15, 12, 6, 4, 10, 21, 15, 9, 14, 18, 7, 0];499
2579;50;8;13;[0, 13, 20, 32, 36, 45, 44, 42, 49];39;[0, 13, 11, 2, 5, 10, 21, 15, 18, 14, 18, 15, 18, 14, 12, 19, 12, 16, 26, 27, 29, 32, 29, 31, 29, 32, 20, 7, 20, 24, 28, 25, 35, 46, 38, 30, 39, 30, 41, 33, 41, 30, 23, 28, 24, 28, 34, 28, 23, 37, 23, 28, 17, 28, 24, 20, 32, 36, 45, 44, 42, 49, 47, 43, 47, 48, 40, 42, 44, 45, 36, 22, 8, 13, 0, 9, 6, 4, 8, 1, 3, 9, 0];547
2580;50;8;21;[0, 2, 3, 14, 24, 21, 38, 32, 29, 40, 39, 46, 49];46;[0, 4, 16, 9, 16, 17, 19, 17, 31, 17, 27, 32, 29, 48, 45, 39, 40, 29, 32, 38, 33, 30, 42, 37, 47, 34, 47, 44, 39, 22, 39, 46, 49, 43, 49, 46, 36, 46, 41, 28, 26, 28, 35, 23, 25, 23, 21, 24, 18, 24, 14, 11, 7, 11, 14, 13, 20, 15, 10, 12, 1, 12, 10, 15, 5, 6, 8, 9, 3, 2, 0];395
2581;50;8;21;[0, 1, 9, 2, 11, 24, 33, 40, 44, 49];49;[0, 1, 9, 14, 29, 14, 18, 14, 9, 2, 19, 2, 11, 12, 11, 24, 31, 37, 47, 37, 31, 37, 46, 45, 38, 37, 48, 36, 34, 36, 48, 37, 31, 24, 33, 40, 39, 40, 44, 49, 44, 40, 39, 41, 39, 40, 39, 28, 32, 43, 32, 30, 32, 26, 27, 20, 27, 20, 23, 35, 42, 35, 23, 21, 15, 7, 3, 13, 4, 13, 3, 10, 3, 13, 2, 11, 17, 16, 25, 16, 22, 8, 6, 2, 11, 5, 0];457
2582;50;8;21;[0, 18, 19, 22, 33, 41, 49];26;[0, 18, 4, 18, 19, 26, 37, 26, 40, 34, 31, 34, 35, 32, 35, 41, 49, 43, 49, 39, 48, 45, 46, 44, 42, 47, 36, 30, 36, 35, 41, 33, 22, 19, 24, 21, 24, 38, 24, 19, 6, 3, 2, 10, 16, 10, 4, 18, 19, 20, 19, 18, 15, 9, 13, 9, 5, 9, 27, 7, 8, 7, 11, 7, 27, 29, 12, 23, 25, 14, 28, 17, 1, 15, 18, 0];336
2583;50;8;21;[0, 13, 9, 17, 25, 37, 42, 49];52;[0, 13, 10, 20, 18, 27, 29, 27, 29, 38, 48, 41, 35, 49, 42, 40, 42, 37, 46, 43, 46, 37, 25, 45, 47, 44, 47, 34, 23, 26, 30, 26, 31, 36, 21, 20, 24, 22, 16, 11, 16, 33, 32, 33, 28, 39, 28, 33, 25, 17, 9, 8, 9, 14, 6, 15, 6, 3, 12, 19, 7, 4, 2, 1, 5, 8, 9, 13, 0];448
2584;50;8;21;[0, 6, 19, 31, 47, 49];50;[0, 6, 14, 12, 14, 12, 13, 12, 14, 21, 23, 22, 23, 18, 8, 36, 46, 36, 34, 43, 34, 24, 34, 28, 47, 49, 47, 28, 33, 32, 30, 32, 33, 32, 29, 38, 29, 32, 33, 25, 33, 32, 30, 42, 30, 15, 30, 32, 33, 35, 37, 39, 41, 45, 41, 40, 26, 40, 35, 31, 19, 31, 35, 40, 44, 48, 44, 40, 26, 7, 20, 7, 11, 7, 5, 7, 20, 27, 17, 9, 16, 4, 7, 20, 14, 12, 13, 3, 13, 12, 2, 12, 14, 1, 10, 6, 0];414
2585;50;8;21;[0, 11, 22, 35, 38, 49];25;[0, 6, 10, 20, 34, 39, 36, 39, 36, 29, 41, 44, 41, 33, 25, 27, 25, 42, 37, 42, 47, 49, 38, 35, 38, 49, 38, 45, 40, 43, 28, 46, 48, 46, 42, 37, 34, 23, 34, 32, 30, 18, 7, 18, 22, 18, 19, 15, 19, 31, 19, 24, 19, 21, 26, 21, 12, 14, 12, 21, 16, 21, 19, 15, 2, 0, 11, 9, 17, 9, 13, 4, 5, 1, 8, 1, 3, 1, 5, 4, 11, 0];424
2586;50;8;21;[0, 3, 23, 37, 42, 49];25;[0, 8, 13, 7, 21, 28, 37, 42, 49, 42, 37, 23, 3, 2, 9, 1, 5, 15, 5, 11, 17, 11, 20, 14, 20, 12, 20, 32, 45, 40, 39, 30, 31, 41, 38, 41, 35, 41, 31, 36, 44, 43, 46, 47, 46, 43, 44, 48, 34, 29, 26, 34, 24, 22, 33, 22, 19, 31, 36, 25, 27, 25, 18, 12, 10, 6, 16, 19, 22, 13, 4, 13, 8, 0];360
2587;50;8;21;[0, 6, 18, 26, 36, 42, 49];41;[0, 4, 11, 14, 33, 22, 33, 34, 41, 37, 41, 38, 48, 38, 41, 34, 30, 39, 31, 39, 45, 49, 42, 36, 26, 18, 12, 17, 12, 25, 14, 10, 14, 6, 13, 20, 27, 20, 13, 23, 13, 20, 7, 20, 13, 21, 30, 40, 30, 24, 29, 44, 47, 44, 29, 35, 46, 43, 31, 28, 32, 28, 19, 16, 24, 8, 9, 2, 1, 15, 5, 3, 5, 15, 11, 4, 0];411
2588;50;8;21;[0, 1, 6, 22, 41, 33, 45, 49];36;[0, 9, 14, 12, 17, 12, 7, 12, 17, 3, 17, 22, 21, 34, 21, 22, 41, 33, 45, 29, 45, 39, 45, 29, 19, 29, 45, 49, 43, 40, 32, 40, 46, 24, 46, 47, 38, 47, 36, 31, 36, 42, 44, 46, 24, 25, 30, 37, 28, 37, 28, 35, 26, 18, 22, 6, 15, 30, 25, 48, 25, 24, 46, 24, 27, 20, 23, 16, 23, 20, 23, 16, 10, 13, 11, 1, 6, 22, 18, 8, 4, 5, 4, 2, 4, 0];338
2589;50;8;21;[0, 11, 10, 20, 23, 32, 37, 49];32;[0, 11, 5, 2, 4, 2, 11, 19, 14, 17, 13, 17, 16, 24, 30, 15, 26, 18, 26, 15, 26, 27, 26, 15, 30, 24, 7, 29, 25, 29, 22, 21, 34, 44, 34, 36, 43, 37, 33, 37, 41, 37, 49, 42, 40, 46, 47, 46, 40, 31, 38, 39, 35, 28, 35, 48, 35, 45, 37, 32, 23, 20, 10, 20, 12, 8, 12, 9, 1, 6, 1, 3, 11, 0];408
2590;50;13;1;-;-;-;-
2591;50;13;1;-;-;-;-
2592;50;13;1;-;-;-;-
2593;50;13;1;-;-;-;-
2594;50;13;1;-;-;-;-
2595;50;13;1;-;-;-;-
2596;50;13;1;-;-;-;-
2597;50;13;1;-;-;-;-
2598;50;13;1;-;-;-;-
2599;50;13;1;-;-;-;-
2600;50;13;2;[0, 6, 19, 45, 34, 22, 30, 46, 37, 47, 49];336;-;-
2601;50;13;2;[0, 18, 26, 47, 49];234;-;-
2602;50;13;2;-;-;-;-
2603;50;13;2;-;-;-;-
2604;50;13;2;-;-;-;-
2605;50;13;2;[0, 5, 2, 23, 19, 39, 40, 42, 48, 49];587;-;-
2606;50;13;2;-;-;-;-
2607;50;13;2;[0, 12, 19, 6, 14, 21, 17, 26, 27, 24, 20, 39, 36, 38, 40, 49];744;-;-
2608;50;13;2;[0, 16, 6, 23, 11, 14, 24, 32, 49];367;-;-
2609;50;13;2;[0, 31, 21, 19, 36, 49];76;-;-
2610;50;13;3;[0, 3, 7, 17, 33, 36, 40, 49];320;[0, 3, 1, 9, 8, 9, 15, 20, 12, 46, 39, 48, 39, 47, 32, 47, 39, 28, 5, 28, 39, 34, 26, 22, 36, 43, 36, 35, 36, 40, 49, 40, 44, 41, 44, 40, 29, 31, 36, 33, 17, 33, 19, 21, 19, 18, 19, 11, 19, 33, 36, 38, 42, 24, 42, 38, 45, 37, 25, 23, 14, 7, 17, 10, 16, 13, 27, 13, 30, 6, 4, 6, 13, 2, 9, 1, 3, 0];2992
2611;50;13;3;[0, 12, 13, 21, 15, 38, 49];225;-;-
2612;50;13;3;[0, 18, 39, 41, 49];138;-;-
2613;50;13;3;[0, 12, 18, 10, 23, 41, 45, 49];268;-;-
2614;50;13;3;[0, 21, 38, 49];68;-;-
2615;50;13;3;[0, 13, 30, 25, 35, 49];180;-;-
2616;50;13;3;[0, 1, 19, 5, 31, 49];281;-;-
2617;50;13;3;[0, 8, 12, 20, 38, 42, 49];191;-;-
2618;50;13;3;[0, 10, 32, 29, 43, 45, 49];187;-;-
2619;50;13;3;-;-;-;-
2620;50;13;5;[0, 36, 47, 44, 45, 49];72;[0, 3, 4, 22, 8, 22, 41, 22, 4, 24, 11, 24, 10, 17, 12, 17, 2, 5, 2, 17, 14, 9, 14, 28, 47, 32, 47, 37, 47, 36, 47, 44, 45, 49, 46, 49, 39, 42, 39, 49, 20, 35, 47, 28, 31, 29, 31, 25, 43, 25, 26, 25, 48, 21, 19, 34, 38, 34, 33, 34, 40, 23, 15, 27, 30, 27, 15, 1, 15, 16, 18, 7, 0, 6, 13, 6, 0, 3, 0];1340
2621;50;13;5;[0, 30, 33, 39, 49];58;[0, 3, 0, 30, 33, 39, 49, 39, 43, 31, 43, 39, 47, 29, 46, 29, 21, 29, 41, 35, 42, 36, 42, 35, 41, 17, 18, 23, 18, 15, 18, 32, 40, 16, 13, 22, 12, 1, 10, 26, 8, 24, 21, 14, 34, 14, 4, 13, 20, 2, 9, 6, 9, 2, 8, 11, 7, 28, 7, 19, 27, 38, 45, 37, 44, 37, 48, 27, 25, 33, 30, 0, 5, 0];1698
2622;50;13;5;-;-;-;-
2623;50;13;5;[0, 1, 34, 23, 29, 42, 35, 49];139;[0, 1, 5, 11, 14, 25, 27, 48, 43, 48, 47, 46, 37, 40, 33, 38, 33, 31, 36, 18, 36, 42, 35, 49, 35, 15, 41, 39, 45, 39, 44, 39, 12, 14, 22, 28, 20, 4, 21, 4, 12, 39, 32, 29, 23, 30, 8, 30, 23, 34, 1, 13, 7, 3, 2, 3, 7, 13, 10, 26, 15, 16, 17, 19, 6, 9, 24, 9, 0];1749
2624;50;13;5;[0, 16, 8, 4, 26, 45, 49];138;[0, 16, 27, 16, 25, 36, 19, 9, 1, 9, 10, 3, 11, 22, 20, 24, 37, 29, 31, 40, 31, 35, 41, 35, 32, 46, 49, 46, 34, 38, 44, 38, 33, 48, 33, 38, 15, 26, 45, 39, 47, 39, 45, 26, 45, 26, 31, 23, 43, 18, 13, 29, 37, 24, 2, 24, 42, 30, 17, 12, 13, 14, 28, 14, 3, 7, 6, 5, 6, 4, 21, 4, 8, 16, 0];2276
2625;50;13;5;[0, 1, 13, 34, 48, 37, 49];110;[0, 4, 9, 32, 9, 3, 1, 3, 7, 5, 21, 39, 26, 39, 24, 21, 31, 38, 34, 48, 37, 49, 47, 46, 28, 46, 40, 46, 49, 37, 41, 45, 41, 35, 22, 35, 44, 36, 33, 29, 42, 15, 19, 25, 20, 18, 20, 23, 16, 23, 36, 30, 17, 2, 12, 20, 43, 27, 43, 34, 10, 34, 43, 27, 11, 6, 8, 38, 34, 13, 14, 13, 1, 0];2094
2626;50;13;5;[0, 14, 27, 35, 36, 34, 49];117;[0, 8, 3, 8, 19, 20, 19, 17, 2, 6, 11, 33, 27, 35, 42, 35, 32, 40, 43, 40, 32, 35, 36, 45, 36, 41, 44, 28, 44, 41, 46, 47, 37, 47, 23, 48, 35, 27, 14, 12, 9, 12, 7, 15, 10, 5, 7, 25, 16, 24, 36, 34, 49, 34, 29, 39, 38, 30, 38, 39, 29, 34, 21, 22, 21, 18, 31, 26, 2, 4, 2, 1, 2, 13, 0];1654
2627;50;13;5;[0, 9, 35, 43, 31, 46, 49];114;[0, 7, 12, 11, 12, 8, 3, 4, 10, 16, 10, 18, 20, 26, 24, 26, 13, 26, 42, 48, 42, 37, 42, 48, 49, 45, 49, 46, 31, 43, 35, 43, 38, 27, 34, 27, 30, 41, 44, 41, 22, 39, 40, 36, 23, 36, 40, 35, 43, 29, 43, 25, 43, 35, 9, 35, 26, 33, 6, 5, 28, 47, 28, 1, 28, 23, 21, 17, 14, 15, 14, 19, 2, 3, 32, 3, 2, 0];1598
2628;50;13;5;[0, 11, 3, 12, 13, 20, 28, 30, 37, 49];137;[0, 1, 0, 10, 16, 10, 19, 15, 34, 32, 26, 32, 34, 39, 41, 39, 27, 39, 40, 22, 7, 22, 40, 39, 41, 46, 44, 46, 38, 42, 38, 33, 21, 28, 30, 29, 43, 29, 30, 37, 49, 45, 49, 47, 36, 31, 18, 23, 48, 23, 20, 28, 24, 9, 14, 5, 25, 5, 13, 12, 13, 20, 35, 2, 6, 8, 17, 12, 4, 3, 11, 0];1622
2629;50;13;5;[0, 15, 37, 24, 38, 45, 49];80;[0, 15, 37, 30, 37, 24, 41, 35, 38, 28, 38, 44, 32, 27, 32, 20, 32, 25, 21, 17, 8, 9, 23, 12, 18, 22, 18, 48, 39, 42, 36, 42, 34, 26, 34, 10, 13, 24, 43, 40, 46, 31, 11, 14, 16, 11, 24, 38, 45, 49, 47, 49, 33, 29, 33, 7, 30, 39, 42, 6, 3, 4, 17, 1, 19, 5, 19, 15, 0, 2, 0];1728
2630;50;13;8;[0, 4, 22, 24, 47, 49];64;[0, 6, 13, 19, 21, 37, 16, 9, 34, 41, 34, 26, 34, 31, 20, 23, 32, 8, 1, 14, 20, 17, 11, 33, 11, 17, 24, 47, 24, 22, 24, 47, 49, 40, 49, 46, 42, 46, 48, 44, 38, 45, 38, 39, 27, 38, 43, 2, 7, 28, 7, 15, 7, 10, 30, 29, 30, 25, 36, 35, 25, 12, 18, 23, 3, 23, 18, 13, 19, 5, 4, 0];1361
2631;50;13;8;[0, 18, 37, 43, 45, 49];30;[0, 26, 34, 46, 48, 39, 19, 39, 44, 41, 44, 35, 44, 39, 40, 36, 33, 36, 47, 43, 45, 43, 37, 18, 5, 12, 8, 10, 24, 26, 34, 32, 29, 31, 29, 22, 29, 30, 49, 30, 17, 42, 17, 30, 29, 27, 28, 38, 28, 27, 39, 19, 16, 25, 6, 25, 21, 23, 21, 3, 9, 13, 2, 15, 4, 1, 20, 1, 11, 14, 11, 1, 4, 7, 0];829
2632;50;13;8;[0, 14, 21, 34, 45, 30, 49];97;[0, 7, 0, 14, 21, 10, 21, 34, 45, 43, 38, 43, 48, 45, 42, 27, 32, 27, 28, 26, 15, 11, 35, 39, 35, 44, 13, 17, 12, 18, 12, 8, 1, 8, 25, 40, 30, 49, 30, 40, 25, 47, 37, 33, 4, 33, 36, 22, 24, 9, 24, 19, 41, 46, 41, 19, 16, 20, 2, 5, 3, 5, 6, 4, 33, 23, 33, 4, 11, 29, 31, 14, 0];1301
2633;50;13;8;[0, 1, 15, 37, 29, 49];37;[0, 1, 15, 37, 29, 49, 41, 39, 48, 45, 47, 43, 44, 43, 47, 45, 19, 23, 46, 23, 19, 12, 10, 12, 19, 31, 37, 30, 18, 24, 29, 28, 35, 38, 35, 32, 27, 41, 25, 41, 39, 34, 26, 20, 24, 14, 11, 14, 17, 21, 17, 33, 36, 33, 40, 42, 40, 33, 17, 7, 3, 4, 13, 12, 9, 2, 14, 6, 14, 24, 16, 22, 8, 5, 15, 1, 0];1195
2634;50;13;8;[0, 19, 30, 47, 45, 39, 44, 49];56;[0, 19, 30, 23, 4, 10, 12, 10, 5, 9, 2, 9, 7, 21, 3, 8, 6, 22, 41, 40, 44, 49, 44, 39, 43, 39, 37, 39, 24, 39, 45, 47, 30, 48, 30, 35, 28, 32, 28, 35, 46, 35, 28, 36, 29, 33, 29, 36, 26, 16, 35, 22, 27, 42, 34, 31, 34, 20, 14, 25, 11, 25, 14, 38, 15, 13, 15, 18, 7, 17, 7, 1, 7, 30, 19, 0];877
2635;50;13;8;[0, 2, 6, 23, 24, 46, 42, 49];122;[0, 9, 3, 5, 10, 5, 12, 5, 25, 5, 18, 27, 18, 14, 16, 30, 46, 42, 49, 40, 36, 40, 33, 17, 7, 13, 31, 22, 31, 41, 42, 46, 30, 15, 4, 15, 1, 15, 21, 33, 32, 28, 29, 26, 39, 26, 32, 20, 19, 8, 19, 43, 37, 43, 38, 47, 38, 45, 11, 16, 35, 16, 11, 34, 48, 34, 44, 34, 11, 24, 23, 6, 2, 0];887
2636;50;13;8;[0, 3, 8, 29, 49];101;[0, 3, 5, 3, 8, 6, 8, 21, 23, 11, 23, 11, 9, 11, 15, 48, 47, 41, 47, 46, 26, 32, 37, 32, 27, 19, 39, 31, 38, 24, 13, 22, 12, 4, 31, 39, 48, 42, 44, 45, 49, 29, 30, 35, 25, 33, 42, 36, 29, 16, 20, 16, 18, 16, 17, 16, 29, 40, 43, 34, 10, 2, 10, 8, 14, 28, 14, 7, 1, 0];1287
2637;50;13;8;[0, 42, 25, 44, 41, 45, 49];129;[0, 22, 28, 5, 28, 22, 34, 25, 42, 30, 17, 30, 29, 37, 44, 41, 45, 49, 45, 46, 32, 39, 32, 12, 32, 37, 44, 25, 38, 23, 43, 26, 16, 21, 8, 21, 16, 26, 10, 26, 19, 25, 36, 27, 36, 35, 15, 13, 4, 7, 3, 6, 3, 1, 2, 14, 13, 24, 25, 34, 47, 48, 40, 33, 31, 33, 11, 9, 20, 32, 18, 0];1182
2638;50;13;8;[0, 25, 29, 43, 23, 49];69;[0, 2, 0, 25, 39, 45, 36, 34, 37, 44, 49, 23, 43, 29, 26, 29, 46, 29, 38, 6, 38, 25, 31, 8, 19, 42, 19, 27, 18, 1, 18, 27, 22, 28, 47, 30, 32, 24, 48, 33, 48, 30, 35, 40, 35, 7, 9, 41, 9, 12, 15, 10, 15, 10, 5, 17, 20, 17, 14, 13, 3, 11, 8, 21, 12, 4, 12, 16, 0];917
2639;50;13;8;[0, 17, 25, 27, 44, 49];85;[0, 17, 25, 7, 25, 17, 12, 2, 18, 2, 12, 19, 26, 43, 38, 40, 38, 47, 49, 47, 45, 47, 46, 39, 46, 42, 44, 42, 41, 31, 33, 37, 33, 42, 34, 48, 34, 36, 32, 28, 35, 29, 17, 23, 15, 6, 10, 20, 10, 8, 11, 5, 4, 9, 8, 3, 8, 24, 1, 24, 30, 25, 7, 16, 7, 21, 14, 22, 14, 21, 7, 25, 27, 25, 7, 21, 7, 25, 17, 0, 13, 0];1163
2640;50;13;13;[0, 12, 14, 44, 49];55;[0, 6, 13, 6, 15, 23, 31, 34, 49, 44, 14, 35, 14, 25, 16, 22, 24, 22, 47, 46, 47, 43, 20, 29, 17, 29, 20, 21, 48, 37, 45, 37, 48, 21, 42, 21, 48, 21, 41, 39, 40, 32, 38, 41, 19, 26, 19, 30, 36, 30, 33, 27, 33, 14, 12, 18, 9, 10, 7, 3, 1, 16, 8, 11, 8, 4, 2, 21, 28, 5, 6, 0];748
2641;50;13;13;[0, 15, 8, 20, 43, 49];21;[0, 15, 27, 28, 34, 30, 24, 21, 24, 30, 47, 46, 45, 36, 45, 46, 37, 38, 43, 49, 43, 22, 31, 26, 42, 48, 42, 23, 13, 33, 44, 33, 29, 41, 40, 18, 14, 5, 14, 1, 3, 1, 11, 25, 35, 25, 32, 12, 16, 39, 16, 19, 4, 9, 2, 9, 17, 6, 0, 15, 8, 20, 8, 20, 10, 7, 15, 0];699
2642;50;13;13;[0, 13, 26, 15, 25, 20, 30, 49];41;[0, 18, 28, 18, 12, 18, 1, 2, 11, 16, 43, 23, 31, 45, 39, 40, 27, 7, 27, 10, 17, 6, 17, 10, 5, 32, 5, 10, 22, 36, 22, 41, 44, 26, 15, 26, 46, 26, 34, 26, 22, 36, 35, 37, 38, 37, 24, 21, 24, 33, 29, 33, 24, 37, 48, 42, 47, 49, 30, 20, 25, 9, 25, 9, 3, 9, 25, 15, 26, 13, 8, 4, 19, 4, 8, 13, 0, 14, 0, 13, 8, 13, 0];731
2643;50;13;13;[0, 10, 25, 34, 45, 49];67;[0, 3, 28, 44, 37, 35, 48, 35, 37, 20, 26, 20, 37, 39, 46, 39, 19, 30, 32, 16, 29, 42, 47, 49, 47, 49, 45, 41, 43, 36, 40, 36, 31, 33, 22, 16, 17, 5, 21, 5, 17, 10, 18, 10, 6, 8, 13, 8, 7, 2, 14, 27, 14, 2, 4, 1, 4, 2, 14, 9, 12, 9, 10, 25, 24, 25, 23, 25, 34, 38, 34, 35, 11, 28, 36, 40, 15, 0];591
2644;50;13;13;[0, 15, 25, 34, 49];38;[0, 16, 33, 43, 42, 44, 45, 46, 47, 48, 35, 37, 25, 36, 31, 29, 11, 24, 32, 40, 32, 41, 32, 24, 26, 2, 12, 5, 6, 5, 13, 10, 34, 49, 34, 25, 15, 21, 15, 11, 29, 17, 30, 17, 20, 22, 20, 17, 27, 28, 18, 28, 9, 28, 14, 8, 14, 28, 27, 39, 23, 38, 19, 34, 10, 4, 3, 4, 1, 4, 7, 0];629
2645;50;13;13;[0, 11, 12, 34, 24, 33, 40, 49];42;[0, 20, 9, 5, 8, 5, 18, 43, 21, 43, 18, 37, 18, 28, 30, 39, 22, 26, 42, 26, 41, 35, 47, 45, 47, 35, 25, 1, 13, 32, 13, 1, 25, 27, 16, 29, 16, 34, 38, 34, 12, 34, 24, 33, 40, 49, 40, 33, 40, 46, 40, 44, 48, 44, 40, 33, 24, 4, 5, 7, 10, 7, 3, 7, 9, 14, 19, 36, 23, 15, 6, 2, 17, 31, 34, 12, 11, 0];592
2646;50;13;13;[0, 12, 6, 39, 45, 49];65;[0, 3, 9, 16, 19, 31, 45, 39, 45, 49, 43, 46, 43, 33, 24, 47, 24, 17, 15, 25, 34, 36, 48, 36, 35, 36, 34, 21, 42, 20, 18, 9, 16, 9, 18, 28, 44, 38, 44, 8, 7, 2, 7, 5, 10, 27, 26, 23, 26, 37, 40, 37, 26, 32, 26, 32, 30, 29, 14, 41, 14, 13, 5, 26, 32, 22, 15, 4, 15, 22, 6, 11, 1, 12, 0];704
2647;50;13;13;[0, 1, 12, 28, 27, 45, 37, 49];44;[0, 1, 12, 28, 38, 30, 34, 30, 38, 28, 27, 39, 44, 41, 33, 31, 20, 31, 20, 35, 17, 25, 22, 16, 32, 6, 32, 6, 21, 26, 21, 19, 23, 13, 28, 27, 45, 29, 45, 37, 49, 47, 49, 46, 40, 46, 42, 17, 11, 9, 10, 9, 11, 15, 11, 9, 7, 18, 4, 3, 4, 2, 4, 8, 5, 1, 6, 32, 24, 33, 43, 36, 48, 36, 14, 12, 1, 0];521
2648;50;13;13;[0, 2, 19, 23, 21, 31, 39, 49];31;[0, 5, 11, 14, 9, 16, 22, 24, 22, 20, 34, 28, 34, 29, 40, 29, 34, 46, 47, 45, 49, 39, 31, 39, 48, 42, 41, 37, 30, 37, 41, 7, 6, 21, 31, 9, 3, 10, 3, 4, 8, 29, 25, 13, 25, 38, 33, 27, 32, 44, 32, 27, 33, 38, 26, 38, 43, 35, 12, 2, 19, 23, 15, 17, 15, 1, 15, 23, 36, 19, 18, 19, 2, 0];513
2649;50;13;13;[0, 8, 18, 32, 41, 49];47;[0, 3, 0, 2, 16, 2, 15, 31, 32, 18, 8, 36, 39, 36, 24, 5, 22, 8, 19, 38, 40, 26, 25, 34, 32, 41, 28, 41, 49, 46, 47, 37, 47, 33, 14, 27, 14, 43, 30, 43, 14, 12, 36, 8, 18, 32, 42, 45, 48, 29, 44, 29, 20, 18, 32, 18, 1, 17, 1, 10, 7, 23, 21, 2, 10, 11, 6, 9, 6, 13, 35, 13, 4, 15, 2, 0];849
2650;50;13;21;[0, 3, 7, 19, 36, 42, 49];18;[0, 18, 16, 9, 10, 9, 1, 9, 19, 7, 3, 17, 25, 21, 25, 4, 20, 35, 28, 35, 46, 31, 45, 47, 34, 42, 49, 43, 30, 43, 49, 43, 44, 41, 44, 43, 49, 40, 49, 43, 38, 37, 33, 29, 33, 49, 42, 45, 32, 48, 39, 24, 11, 6, 5, 6, 11, 2, 11, 8, 7, 19, 36, 23, 36, 27, 36, 19, 15, 19, 7, 3, 35, 46, 31, 26, 22, 12, 22, 13, 14, 0];370
2651;50;13;21;[0, 8, 26, 22, 47, 49];18;[0, 11, 9, 16, 30, 44, 30, 12, 30, 34, 45, 36, 26, 20, 26, 22, 47, 49, 40, 24, 25, 46, 38, 14, 38, 39, 38, 14, 23, 14, 13, 14, 10, 17, 3, 6, 4, 6, 18, 29, 26, 36, 45, 48, 43, 41, 42, 35, 21, 32, 21, 20, 26, 36, 45, 36, 26, 36, 37, 36, 26, 22, 26, 20, 33, 20, 26, 36, 45, 15, 2, 15, 27, 15, 45, 36, 26, 8, 7, 8, 31, 28, 19, 10, 5, 0, 8, 1, 8, 0];336
2652;50;13;21;[0, 8, 11, 9, 6, 22, 21, 26, 34, 49];42;[0, 8, 2, 13, 44, 46, 41, 36, 35, 36, 44, 47, 48, 40, 42, 35, 38, 29, 6, 30, 6, 7, 27, 43, 32, 43, 17, 39, 17, 43, 27, 20, 4, 20, 19, 28, 33, 28, 23, 28, 19, 15, 24, 15, 9, 11, 18, 31, 45, 37, 3, 14, 25, 14, 10, 5, 1, 5, 16, 12, 21, 26, 34, 49, 34, 26, 34, 26, 21, 22, 6, 9, 11, 8, 0];364
2653;50;13;21;[0, 23, 49];11;[0, 10, 3, 4, 8, 19, 28, 34, 28, 19, 2, 7, 6, 5, 12, 5, 27, 5, 2, 19, 21, 39, 26, 30, 37, 30, 26, 48, 26, 13, 26, 30, 24, 14, 32, 33, 25, 18, 15, 35, 23, 49, 42, 44, 42, 46, 31, 43, 31, 46, 31, 22, 29, 11, 15, 16, 41, 47, 45, 40, 45, 36, 38, 41, 16, 20, 16, 9, 16, 17, 1, 10, 0];507
2654;50;13;21;[0, 11, 10, 22, 36, 49];13;[0, 12, 20, 19, 27, 5, 27, 5, 18, 25, 24, 25, 24, 26, 33, 26, 42, 31, 42, 26, 24, 16, 17, 21, 1, 21, 11, 10, 11, 10, 22, 38, 22, 36, 29, 36, 37, 36, 22, 9, 22, 36, 45, 48, 35, 46, 35, 34, 35, 28, 35, 30, 13, 8, 14, 8, 7, 4, 26, 29, 32, 23, 32, 39, 32, 23, 40, 23, 32, 43, 32, 15, 2, 6, 18, 5, 27, 41, 47, 41, 34, 44, 49, 36, 22, 10, 3, 10, 11, 0];364
2655;50;13;21;[0, 4, 6, 7, 24, 39, 49];13;[0, 12, 0, 4, 14, 4, 5, 2, 11, 9, 11, 18, 38, 46, 41, 48, 43, 34, 43, 34, 36, 30, 40, 9, 11, 9, 40, 39, 49, 39, 45, 39, 35, 39, 24, 7, 24, 7, 6, 13, 6, 44, 22, 44, 22, 29, 17, 7, 24, 15, 16, 31, 23, 27, 20, 21, 33, 32, 33, 21, 26, 37, 26, 21, 19, 47, 19, 34, 43, 42, 28, 25, 8, 10, 3, 1, 4, 0];352
2656;50;13;21;[0, 5, 17, 42, 49];36;[0, 1, 0, 9, 25, 22, 25, 16, 8, 40, 47, 29, 27, 46, 33, 45, 36, 44, 41, 44, 36, 23, 12, 19, 12, 7, 12, 19, 30, 31, 26, 42, 34, 38, 34, 42, 17, 39, 17, 42, 46, 48, 49, 43, 32, 21, 14, 35, 10, 35, 14, 17, 24, 16, 20, 6, 24, 37, 24, 19, 12, 2, 12, 19, 24, 3, 18, 28, 18, 13, 11, 13, 5, 4, 15, 4, 5, 0];401
2657;50;13;21;[0, 15, 6, 10, 29, 40, 49];55;[0, 2, 13, 9, 27, 33, 39, 42, 39, 33, 22, 33, 47, 33, 27, 9, 17, 23, 17, 18, 31, 38, 35, 38, 48, 30, 21, 30, 32, 26, 34, 37, 43, 45, 26, 34, 26, 45, 25, 16, 25, 14, 1, 12, 11, 12, 33, 27, 26, 19, 7, 21, 30, 21, 5, 8, 24, 41, 20, 40, 49, 40, 46, 44, 36, 28, 36, 40, 29, 10, 4, 10, 3, 10, 6, 15, 0];627
2658;50;13;21;[0, 14, 9, 25, 37, 49];22;[0, 14, 9, 10, 9, 13, 1, 17, 27, 22, 27, 42, 45, 34, 32, 47, 44, 47, 44, 43, 39, 29, 20, 30, 20, 2, 3, 12, 33, 38, 33, 39, 23, 8, 27, 32, 34, 40, 41, 40, 35, 31, 35, 40, 21, 18, 21, 16, 21, 46, 49, 48, 49, 37, 36, 37, 26, 19, 26, 37, 25, 28, 24, 28, 25, 9, 4, 15, 4, 9, 14, 5, 11, 6, 7, 0];422
2659;50;13;21;[0, 28, 34, 29, 35, 49];32;[0, 3, 24, 11, 16, 25, 16, 11, 26, 14, 26, 45, 38, 19, 6, 19, 39, 31, 39, 44, 39, 31, 33, 40, 27, 40, 33, 9, 11, 16, 13, 23, 30, 21, 32, 8, 2, 8, 32, 39, 31, 17, 22, 35, 49, 46, 49, 35, 29, 36, 29, 20, 37, 20, 12, 20, 37, 48, 42, 47, 34, 28, 43, 41, 43, 37, 20, 18, 1, 15, 1, 7, 1, 18, 4, 5, 10, 43, 28, 0];482
2660;50;21;1;-;-;-;-
2661;50;21;1;-;-;-;-
2662;50;21;1;-;-;-;-
2663;50;21;1;-;-;-;-
2664;50;21;1;-;-;-;-
2665;50;21;1;-;-;-;-
2666;50;21;1;-;-;-;-
2667;50;21;1;-;-;-;-
2668;50;21;1;-;-;-;-
2669;50;21;1;-;-;-;-
2670;50;21;2;-;-;-;-
2671;50;21;2;-;-;-;-
2672;50;21;2;[0, 34, 39, 49];106;-;-
2673;50;21;2;-;-;-;-
2674;50;21;2;-;-;-;-
2675;50;21;2;[0, 23, 9, 13, 26, 41, 43, 42, 49];245;-;-
2676;50;21;2;-;-;-;-
2677;50;21;2;-;-;-;-
2678;50;21;2;[0, 32, 41, 49];189;-;-
2679;50;21;2;[0, 10, 32, 37, 49];156;-;-
2680;50;21;3;[0, 20, 16, 29, 49];225;-;-
2681;50;21;3;-;-;-;-
2682;50;21;3;-;-;-;-
2683;50;21;3;[0, 36, 43, 49];200;-;-
2684;50;21;3;[0, 4, 19, 36, 49];78;-;-
2685;50;21;3;-;-;-;-
2686;50;21;3;[0, 17, 24, 12, 23, 7, 3, 45, 49];210;-;-
2687;50;21;3;[0, 20, 34, 36, 38, 43, 49];264;-;-
2688;50;21;3;[0, 24, 26, 37, 49];174;-;-
2689;50;21;3;-;-;-;-
2690;50;21;5;[0, 29, 28, 49];83;[0, 2, 23, 41, 38, 18, 25, 28, 49, 28, 37, 42, 31, 0, 9, 33, 43, 47, 44, 47, 27, 21, 27, 47, 20, 34, 20, 6, 20, 1, 36, 40, 30, 40, 36, 46, 36, 12, 4, 19, 5, 19, 4, 23, 26, 23, 4, 7, 29, 24, 29, 0, 20, 8, 13, 17, 13, 11, 3, 15, 3, 10, 3, 5, 39, 16, 35, 48, 35, 14, 22, 45, 22, 32, 31, 0];1674
2691;50;21;5;[0, 35, 49];96;-;-
2692;50;21;5;[0, 21, 32, 9, 37, 49];70;[0, 21, 32, 12, 32, 21, 25, 28, 17, 3, 14, 38, 7, 27, 36, 27, 10, 33, 10, 6, 9, 37, 45, 48, 45, 44, 41, 44, 40, 34, 40, 35, 37, 49, 37, 39, 5, 26, 15, 26, 11, 30, 42, 22, 31, 22, 13, 9, 32, 26, 20, 23, 24, 23, 4, 29, 14, 38, 47, 38, 14, 29, 1, 29, 34, 18, 46, 43, 16, 2, 8, 19, 32, 21, 0];2142
2693;50;21;5;[0, 7, 22, 26, 42, 49];158;[0, 18, 21, 44, 30, 5, 7, 27, 7, 22, 6, 12, 9, 12, 6, 22, 26, 42, 20, 42, 26, 16, 13, 16, 41, 24, 33, 43, 33, 24, 28, 38, 45, 35, 37, 28, 24, 17, 2, 17, 14, 11, 31, 3, 31, 23, 36, 23, 10, 23, 5, 46, 48, 47, 48, 15, 19, 8, 34, 42, 49, 40, 25, 29, 25, 32, 25, 1, 47, 39, 18, 4, 18, 0];2587
2694;50;21;5;-;-;-;-
2695;50;21;5;[0, 3, 8, 37, 33, 34, 49];121;[0, 3, 7, 3, 28, 14, 5, 14, 13, 15, 48, 39, 48, 12, 25, 41, 35, 43, 49, 44, 47, 40, 19, 30, 22, 1, 6, 41, 42, 2, 42, 41, 25, 23, 21, 45, 32, 33, 34, 33, 37, 26, 37, 46, 37, 31, 27, 31, 17, 20, 24, 36, 24, 29, 4, 29, 38, 10, 11, 10, 9, 16, 9, 18, 9, 10, 26, 37, 8, 3, 0];1666
2696;50;21;5;[0, 17, 27, 12, 49];59;-;-
2697;50;21;5;[0, 7, 14, 21, 17, 49];73;[0, 1, 0, 7, 14, 8, 14, 7, 26, 27, 38, 36, 2, 36, 41, 37, 41, 16, 34, 31, 34, 18, 22, 6, 22, 11, 25, 23, 32, 42, 40, 5, 40, 48, 40, 32, 27, 3, 13, 10, 43, 10, 4, 24, 4, 10, 23, 29, 45, 28, 33, 28, 45, 28, 21, 30, 20, 15, 20, 39, 9, 39, 17, 49, 17, 21, 46, 35, 47, 44, 12, 7, 19, 7, 14, 7, 0];1970
2698;50;21;5;[0, 39, 46, 26, 31, 47, 49];127;-;-
2699;50;21;5;[0, 30, 33, 41, 19, 29, 49];202;[0, 17, 34, 13, 4, 3, 6, 3, 4, 39, 5, 23, 36, 18, 25, 26, 25, 43, 25, 30, 45, 32, 45, 30, 33, 37, 33, 41, 42, 46, 40, 24, 31, 35, 31, 22, 9, 16, 9, 22, 31, 41, 19, 29, 49, 29, 44, 29, 47, 20, 37, 21, 8, 2, 1, 11, 27, 11, 10, 11, 28, 42, 41, 14, 41, 48, 36, 48, 7, 38, 7, 15, 12, 30, 0];2251
2700;50;21;8;[0, 9, 39, 45, 49];65;[0, 4, 15, 4, 15, 20, 10, 49, 30, 24, 28, 24, 30, 49, 45, 48, 46, 42, 43, 42, 31, 29, 40, 38, 32, 35, 32, 5, 32, 16, 39, 17, 8, 23, 8, 17, 41, 33, 6, 2, 27, 2, 9, 39, 7, 22, 19, 13, 1, 11, 9, 39, 45, 48, 26, 21, 26, 36, 25, 44, 34, 18, 47, 44, 37, 44, 25, 36, 14, 36, 12, 3, 15, 4, 0];1268
2701;50;21;8;[0, 10, 12, 49];52;[0, 13, 9, 7, 27, 16, 4, 19, 25, 36, 35, 14, 12, 49, 38, 44, 15, 47, 15, 42, 37, 1, 17, 21, 22, 30, 41, 30, 32, 11, 19, 25, 28, 46, 48, 26, 48, 28, 25, 19, 5, 40, 24, 6, 24, 2, 23, 29, 23, 33, 23, 31, 23, 26, 34, 45, 3, 45, 20, 8, 14, 39, 18, 39, 43, 15, 4, 19, 7, 9, 13, 0, 10, 0];1182
2702;50;21;8;[0, 34, 39, 30, 32, 49];72;[0, 46, 0, 2, 9, 29, 9, 23, 47, 24, 40, 24, 7, 31, 24, 34, 39, 30, 26, 30, 39, 30, 32, 49, 38, 25, 38, 43, 27, 33, 42, 28, 45, 21, 35, 19, 16, 10, 16, 3, 18, 1, 8, 1, 36, 11, 15, 11, 36, 29, 37, 48, 37, 13, 41, 17, 14, 20, 12, 44, 22, 44, 22, 19, 35, 19, 4, 6, 12, 5, 9, 2, 0];1253
2703;50;21;8;[0, 29, 40, 49];67;[0, 7, 16, 7, 11, 21, 31, 48, 36, 46, 37, 46, 25, 46, 14, 46, 36, 12, 28, 19, 29, 30, 42, 17, 42, 30, 29, 26, 22, 12, 15, 24, 8, 47, 8, 24, 40, 27, 43, 32, 49, 20, 49, 32, 33, 18, 45, 34, 45, 18, 1, 13, 38, 13, 23, 39, 23, 41, 35, 41, 44, 3, 5, 6, 1, 10, 4, 10, 1, 9, 2, 29, 0];1831
2704;50;21;8;[0, 13, 49];93;[0, 13, 49, 39, 34, 39, 38, 35, 36, 15, 36, 46, 23, 44, 24, 44, 23, 43, 19, 1, 19, 2, 10, 28, 21, 25, 33, 10, 46, 16, 20, 16, 42, 38, 31, 37, 45, 37, 11, 18, 27, 18, 3, 8, 3, 23, 22, 5, 4, 7, 4, 5, 14, 41, 48, 41, 14, 32, 12, 17, 12, 26, 47, 30, 9, 30, 47, 29, 40, 29, 47, 6, 0];1114
2705;50;21;8;[0, 5, 40, 4, 16, 21, 33, 17, 42, 49];94;[0, 1, 14, 34, 22, 27, 22, 34, 10, 9, 10, 41, 18, 20, 47, 20, 2, 8, 15, 18, 41, 32, 48, 44, 48, 32, 4, 38, 4, 40, 30, 40, 37, 35, 19, 43, 19, 11, 3, 13, 3, 11, 45, 7, 6, 7, 23, 26, 23, 31, 12, 25, 12, 31, 29, 46, 29, 28, 23, 33, 39, 36, 39, 33, 17, 42, 49, 42, 17, 33, 21, 16, 4, 40, 5, 24, 5, 0];1202
2706;50;21;8;[0, 10, 18, 27, 49];72;[0, 8, 32, 33, 32, 15, 35, 28, 35, 45, 39, 7, 31, 30, 20, 36, 27, 47, 42, 34, 42, 23, 42, 13, 16, 17, 14, 24, 40, 37, 29, 22, 29, 44, 29, 1, 29, 30, 43, 48, 41, 25, 41, 46, 38, 49, 38, 46, 39, 7, 19, 11, 3, 0, 10, 2, 10, 18, 27, 47, 12, 6, 26, 21, 26, 4, 28, 5, 32, 8, 9, 8, 0];1377
2707;50;21;8;[0, 35, 31, 49];71;[0, 35, 48, 35, 37, 35, 27, 5, 27, 4, 18, 1, 24, 34, 33, 31, 36, 43, 36, 42, 6, 38, 33, 31, 49, 31, 22, 45, 22, 46, 44, 46, 47, 10, 16, 11, 13, 21, 40, 21, 25, 12, 25, 39, 32, 7, 32, 39, 28, 6, 17, 26, 17, 9, 17, 26, 15, 41, 15, 14, 20, 2, 20, 30, 8, 23, 8, 3, 29, 3, 4, 27, 17, 26, 19, 0];1329
2708;50;21;8;[0, 8, 37, 48, 49];51;[0, 8, 37, 48, 49, 30, 4, 9, 2, 9, 38, 44, 38, 35, 38, 47, 40, 41, 42, 41, 45, 19, 20, 18, 21, 43, 21, 29, 13, 33, 27, 33, 11, 10, 14, 41, 26, 17, 26, 23, 39, 23, 34, 36, 34, 23, 26, 23, 28, 23, 26, 17, 24, 13, 15, 13, 16, 46, 16, 22, 12, 22, 20, 25, 20, 6, 3, 26, 17, 24, 31, 24, 13, 5, 32, 1, 7, 33, 37, 8, 0];1021
2709;50;21;8;[0, 27, 49];44;[0, 27, 47, 41, 47, 27, 17, 36, 15, 36, 46, 35, 14, 6, 24, 40, 24, 10, 7, 29, 7, 10, 3, 10, 30, 5, 20, 28, 20, 5, 22, 43, 21, 16, 36, 15, 38, 49, 38, 15, 36, 15, 9, 11, 2, 13, 2, 11, 1, 11, 9, 10, 31, 44, 31, 33, 39, 34, 25, 8, 19, 26, 0, 12, 48, 45, 42, 37, 23, 37, 12, 32, 12, 4, 18, 4, 12, 0];1078
2710;50;21;13;[0, 19, 49];27;[0, 19, 33, 21, 6, 13, 6, 45, 23, 43, 23, 34, 31, 39, 31, 35, 22, 37, 38, 41, 27, 41, 40, 49, 40, 14, 15, 14, 26, 42, 26, 23, 17, 48, 25, 5, 33, 37, 30, 16, 44, 28, 2, 12, 2, 30, 7, 1, 11, 9, 10, 29, 47, 36, 47, 29, 8, 32, 18, 22, 24, 3, 4, 2, 30, 37, 46, 19, 20, 19, 0];722
2711;50;21;13;[0, 6, 49];44;[0, 19, 44, 34, 44, 19, 4, 29, 43, 11, 48, 20, 22, 39, 22, 20, 26, 20, 35, 3, 35, 24, 35, 3, 5, 32, 36, 25, 28, 31, 18, 31, 28, 40, 38, 45, 7, 37, 13, 4, 30, 12, 21, 12, 30, 33, 42, 33, 6, 49, 41, 9, 17, 10, 15, 2, 15, 10, 16, 23, 46, 27, 8, 27, 9, 1, 9, 30, 4, 14, 4, 29, 36, 47, 0];677
2712;50;21;13;[0, 19, 49];25;[0, 4, 32, 10, 6, 7, 6, 21, 45, 41, 44, 24, 33, 25, 34, 27, 34, 27, 29, 26, 29, 20, 48, 20, 30, 23, 1, 23, 30, 36, 47, 38, 28, 13, 46, 31, 35, 31, 46, 40, 46, 13, 42, 43, 2, 15, 8, 12, 11, 41, 2, 14, 18, 22, 16, 9, 28, 3, 5, 17, 12, 27, 34, 39, 19, 49, 19, 37, 19, 0];945
2713;50;21;13;[0, 6, 32, 26, 49];32;[0, 6, 4, 24, 31, 44, 49, 26, 32, 30, 15, 30, 32, 33, 18, 9, 18, 9, 39, 36, 38, 48, 38, 29, 47, 29, 40, 42, 40, 11, 14, 11, 25, 24, 12, 44, 23, 10, 13, 10, 16, 22, 27, 36, 34, 36, 37, 35, 46, 19, 37, 36, 45, 41, 21, 5, 2, 7, 3, 7, 2, 19, 28, 19, 17, 43, 8, 20, 8, 1, 6, 0];995
2714;50;21;13;[0, 8, 43, 49];39;[0, 27, 39, 30, 20, 30, 7, 43, 49, 38, 45, 38, 11, 25, 11, 24, 16, 14, 16, 3, 17, 26, 17, 6, 17, 47, 40, 28, 48, 31, 48, 28, 40, 28, 41, 42, 44, 33, 44, 33, 2, 46, 39, 36, 37, 47, 40, 23, 19, 10, 19, 32, 19, 23, 40, 18, 40, 28, 13, 5, 13, 28, 40, 15, 1, 15, 9, 4, 21, 4, 9, 29, 22, 34, 12, 35, 12, 34, 22, 27, 0, 8, 0];683
2715;50;21;13;[0, 20, 38, 30, 49];72;[0, 9, 6, 9, 0, 20, 38, 30, 49, 44, 46, 42, 45, 42, 33, 42, 35, 34, 35, 27, 46, 41, 39, 43, 32, 19, 24, 21, 26, 25, 18, 31, 11, 31, 40, 31, 18, 8, 18, 31, 40, 48, 29, 28, 22, 47, 22, 23, 3, 5, 4, 2, 4, 17, 7, 17, 7, 13, 10, 1, 10, 13, 7, 36, 31, 14, 24, 16, 24, 12, 37, 12, 15, 22, 0];900
2716;50;21;13;[0, 26, 21, 49];86;[0, 13, 20, 41, 42, 48, 5, 48, 47, 23, 42, 26, 21, 49, 21, 44, 43, 44, 7, 38, 30, 37, 30, 29, 31, 29, 34, 33, 15, 28, 16, 17, 11, 22, 35, 8, 9, 8, 46, 39, 14, 24, 23, 12, 23, 4, 6, 16, 18, 10, 2, 10, 27, 40, 27, 25, 36, 28, 19, 3, 19, 28, 36, 1, 32, 45, 32, 1, 36, 0];1070
2717;50;21;13;[0, 5, 10, 8, 19, 41, 36, 16, 49];42;[0, 5, 10, 8, 19, 43, 46, 43, 19, 43, 44, 43, 19, 28, 12, 18, 44, 48, 17, 13, 17, 48, 22, 40, 47, 29, 15, 37, 31, 7, 31, 32, 38, 32, 39, 33, 24, 33, 39, 32, 31, 37, 15, 37, 30, 11, 20, 11, 1, 6, 14, 6, 10, 8, 19, 41, 36, 45, 36, 16, 35, 27, 36, 16, 49, 25, 26, 25, 34, 3, 8, 37, 31, 23, 42, 2, 18, 21, 9, 21, 4, 0];980
2718;50;21;13;[0, 1, 31, 24, 23, 49];35;[0, 14, 0, 12, 41, 21, 45, 49, 23, 49, 45, 47, 48, 25, 48, 26, 48, 43, 36, 16, 32, 16, 20, 33, 20, 16, 36, 37, 44, 30, 46, 30, 27, 40, 31, 24, 38, 28, 15, 4, 6, 4, 12, 7, 19, 13, 29, 13, 17, 13, 34, 13, 21, 11, 18, 11, 21, 26, 35, 39, 35, 42, 35, 10, 5, 22, 5, 9, 8, 3, 2, 3, 1, 0];793
2719;50;21;13;[0, 19, 5, 2, 44, 49];45;[0, 19, 31, 16, 30, 25, 30, 16, 21, 28, 27, 28, 21, 22, 29, 22, 7, 8, 7, 20, 13, 14, 21, 15, 5, 15, 5, 2, 11, 2, 5, 26, 12, 26, 48, 41, 35, 47, 49, 45, 23, 18, 29, 3, 4, 38, 9, 37, 39, 42, 39, 46, 32, 46, 36, 33, 37, 2, 44, 40, 44, 2, 10, 17, 10, 6, 10, 34, 1, 34, 33, 24, 43, 19, 0];622
2720;50;21;21;[0, 17, 31, 49];38;[0, 10, 46, 43, 37, 30, 22, 47, 25, 45, 25, 28, 35, 12, 35, 41, 35, 39, 35, 40, 35, 12, 16, 18, 34, 18, 20, 42, 20, 26, 49, 31, 17, 3, 13, 3, 5, 3, 30, 21, 24, 14, 36, 14, 27, 48, 27, 29, 33, 29, 11, 35, 39, 44, 4, 15, 23, 6, 23, 9, 23, 32, 23, 6, 19, 6, 2, 6, 19, 1, 19, 6, 12, 8, 7, 0, 38, 0];462
2721;50;21;21;[0, 4, 8, 13, 21, 49];55;[0, 4, 26, 36, 26, 45, 26, 4, 8, 29, 47, 46, 21, 49, 43, 44, 39, 18, 31, 18, 39, 41, 35, 41, 42, 38, 42, 15, 8, 13, 21, 30, 12, 40, 12, 37, 28, 11, 2, 27, 2, 14, 3, 32, 33, 32, 25, 19, 24, 19, 23, 19, 48, 16, 48, 6, 34, 17, 7, 22, 9, 16, 5, 10, 1, 10, 2, 14, 20, 14, 3, 4, 0];521
2722;50;21;21;[0, 17, 2, 49];36;[0, 1, 10, 12, 11, 21, 42, 29, 30, 38, 46, 38, 23, 18, 33, 19, 33, 35, 31, 35, 43, 49, 45, 41, 45, 32, 24, 44, 24, 32, 40, 32, 24, 39, 16, 20, 8, 48, 28, 26, 7, 26, 28, 15, 38, 25, 36, 21, 9, 14, 5, 13, 47, 13, 5, 22, 5, 13, 5, 20, 4, 38, 46, 37, 34, 37, 27, 37, 46, 38, 25, 6, 12, 3, 2, 17, 0];337
2723;50;21;21;[0, 26, 49];13;[0, 9, 10, 21, 49, 26, 35, 47, 35, 12, 41, 48, 27, 24, 28, 39, 28, 43, 28, 44, 42, 16, 37, 9, 6, 9, 37, 32, 29, 13, 16, 7, 40, 45, 38, 22, 38, 45, 40, 19, 5, 34, 36, 14, 33, 31, 33, 14, 24, 28, 17, 28, 24, 1, 18, 20, 23, 20, 46, 15, 11, 8, 25, 15, 30, 2, 30, 15, 26, 3, 4, 3, 26, 0];476
2724;50;21;21;[0, 21, 26, 49];36;[0, 21, 4, 12, 48, 46, 48, 34, 48, 34, 30, 47, 30, 38, 36, 38, 39, 43, 41, 43, 41, 14, 31, 14, 41, 11, 41, 43, 33, 9, 23, 9, 5, 9, 23, 2, 8, 37, 27, 37, 16, 37, 8, 2, 8, 24, 19, 24, 25, 22, 25, 40, 10, 17, 10, 3, 10, 2, 8, 26, 44, 28, 6, 1, 21, 4, 7, 45, 32, 45, 35, 42, 45, 32, 20, 13, 18, 49, 18, 45, 29, 15, 0];476
2725;50;21;21;[0, 7, 38, 49];29;[0, 7, 8, 7, 5, 45, 30, 42, 29, 19, 17, 6, 24, 32, 24, 25, 31, 25, 24, 40, 43, 33, 43, 22, 44, 22, 16, 5, 18, 14, 12, 14, 2, 14, 18, 21, 39, 48, 27, 48, 28, 46, 28, 37, 11, 21, 26, 35, 26, 13, 20, 15, 20, 10, 26, 3, 4, 9, 19, 38, 49, 34, 49, 41, 36, 47, 23, 1, 23, 37, 0];518
2726;50;21;21;[0, 13, 15, 44, 49];36;[0, 1, 17, 19, 17, 15, 44, 49, 44, 15, 31, 12, 31, 18, 40, 45, 47, 45, 40, 18, 10, 29, 10, 5, 22, 25, 9, 25, 22, 33, 11, 23, 16, 23, 11, 33, 46, 27, 30, 38, 36, 11, 33, 11, 23, 7, 4, 3, 22, 5, 2, 24, 2, 14, 2, 24, 21, 26, 42, 13, 20, 13, 39, 43, 48, 32, 35, 6, 8, 34, 8, 13, 28, 37, 41, 28, 13, 0];504
2727;50;21;21;[0, 34, 28, 49];21;[0, 9, 26, 9, 3, 9, 35, 39, 46, 44, 45, 44, 46, 44, 37, 48, 7, 5, 12, 5, 15, 42, 25, 8, 10, 16, 10, 38, 10, 32, 10, 8, 13, 22, 19, 22, 18, 47, 14, 4, 33, 21, 27, 43, 27, 2, 27, 17, 29, 23, 28, 49, 41, 40, 41, 49, 28, 34, 28, 49, 41, 49, 28, 24, 36, 39, 46, 1, 46, 44, 40, 31, 20, 11, 6, 13, 30, 0];480
2728;50;21;21;[0, 32, 34, 49];37;[0, 5, 28, 5, 9, 37, 42, 46, 42, 45, 39, 45, 19, 6, 36, 6, 19, 23, 41, 23, 12, 7, 14, 33, 32, 20, 32, 34, 49, 34, 11, 22, 11, 24, 11, 34, 32, 44, 47, 44, 46, 31, 29, 31, 21, 40, 26, 43, 48, 43, 17, 15, 40, 25, 30, 25, 38, 13, 16, 10, 4, 10, 35, 10, 27, 10, 8, 1, 3, 18, 25, 30, 2, 0];496
2729;50;21;21;[0, 12, 34, 49];32;[0, 3, 31, 40, 31, 12, 34, 49, 34, 38, 34, 12, 21, 28, 16, 25, 46, 23, 46, 43, 46, 23, 32, 35, 24, 37, 24, 12, 47, 26, 13, 5, 18, 44, 45, 44, 18, 30, 18, 48, 36, 41, 36, 1, 19, 1, 19, 39, 19, 1, 8, 1, 19, 11, 27, 11, 17, 11, 20, 22, 20, 10, 14, 6, 2, 15, 7, 15, 11, 33, 29, 33, 42, 4, 9, 4, 12, 0];488
2730;50;34;1;-;-;-;-
2731;50;34;1;-;-;-;-
2732;50;34;1;-;-;-;-
2733;50;34;1;-;-;-;-
2734;50;34;1;-;-;-;-
2735;50;34;1;-;-;-;-
2736;50;34;1;-;-;-;-
2737;50;34;1;-;-;-;-
2738;50;34;1;-;-;-;-
2739;50;34;1;-;-;-;-
2740;50;34;2;-;-;-;-
2741;50;34;2;[0, 48, 40, 47, 22, 41, 27, 38, 49];208;-;-
2742;50;34;2;[0, 14, 7, 9, 32, 40, 30, 5, 49];358;-;-
2743;50;34;2;-;-;-;-
2744;50;34;2;-;-;-;-
2745;50;34;2;[0, 5, 46, 34, 40, 49];259;-;-
2746;50;34;2;-;-;-;-
2747;50;34;2;-;-;-;-
2748;50;34;2;-;-;-;-
2749;50;34;2;-;-;-;-
2750;50;34;3;[0, 15, 49];72;-;-
2751;50;34;3;[0, 20, 37, 44, 49];264;-;-
2752;50;34;3;-;-;-;-
2753;50;34;3;[0, 7, 6, 12, 28, 2, 4, 49];357;-;-
2754;50;34;3;[0, 35, 30, 49];151;-;-
2755;50;34;3;[0, 48, 49];64;-;-
2756;50;34;3;[0, 22, 24, 10, 26, 25, 31, 49];200;-;-
2757;50;34;3;[0, 6, 27, 13, 44, 49];195;-;-
2758;50;34;3;-;-;-;-
2759;50;34;3;-;-;-;-
2760;50;34;5;[0, 47, 49];164;-;-
2761;50;34;5;[0, 19, 7, 9, 37, 40, 49];248;-;-
2762;50;34;5;[0, 21, 4, 41, 49];98;-;-
2763;50;34;5;[0, 15, 31, 49];134;-;-
2764;50;34;5;[0, 5, 29, 45, 34, 25, 49];189;-;-
2765;50;34;5;[0, 27, 23, 49];98;[0, 27, 23, 49, 23, 30, 28, 26, 42, 11, 42, 8, 3, 8, 42, 43, 35, 15, 14, 34, 18, 10, 41, 10, 48, 5, 46, 25, 37, 16, 31, 12, 31, 29, 39, 22, 39, 29, 45, 47, 32, 33, 32, 1, 9, 42, 26, 28, 17, 28, 13, 6, 13, 4, 44, 36, 16, 7, 38, 7, 2, 7, 16, 20, 24, 14, 15, 21, 19, 40, 19, 27, 0];2067
2766;50;34;5;[0, 6, 34, 15, 36, 19, 40, 24, 49];262;[0, 6, 34, 15, 36, 15, 34, 5, 7, 47, 8, 14, 8, 13, 29, 30, 29, 45, 16, 45, 42, 39, 22, 39, 22, 18, 11, 18, 22, 2, 37, 28, 37, 24, 49, 24, 40, 19, 26, 12, 26, 19, 44, 19, 21, 19, 4, 19, 41, 19, 36, 43, 25, 48, 20, 27, 20, 38, 3, 41, 35, 23, 31, 32, 31, 9, 46, 1, 33, 1, 10, 17, 0];2276
2767;50;34;5;[0, 13, 37, 49];96;-;-
2768;50;34;5;[0, 29, 23, 49];114;-;-
2769;50;34;5;[0, 7, 26, 31, 27, 49];93;-;-
2770;50;34;8;[0, 49];15;[0, 49, 36, 49, 0, 3, 25, 40, 25, 32, 38, 44, 42, 44, 28, 34, 4, 42, 33, 9, 35, 20, 45, 2, 13, 2, 45, 18, 8, 26, 21, 27, 23, 27, 38, 10, 7, 46, 24, 5, 48, 43, 39, 43, 6, 43, 32, 25, 47, 26, 8, 41, 1, 31, 5, 24, 16, 29, 30, 29, 16, 19, 15, 12, 37, 22, 17, 14, 11, 14, 0];1660
2771;50;34;8;[0, 32, 26, 48, 49];126;[0, 34, 9, 43, 9, 45, 18, 45, 18, 7, 20, 7, 40, 38, 33, 10, 45, 18, 48, 35, 48, 49, 16, 15, 21, 15, 29, 12, 29, 15, 24, 23, 30, 23, 13, 23, 46, 23, 3, 23, 8, 27, 14, 6, 39, 37, 39, 25, 36, 28, 32, 26, 42, 26, 11, 26, 44, 2, 44, 26, 48, 47, 31, 4, 31, 41, 5, 19, 37, 22, 37, 1, 37, 17, 0];1515
2772;50;34;8;[0, 8, 19, 16, 43, 38, 49];101;[0, 26, 28, 49, 38, 43, 13, 25, 13, 1, 39, 17, 29, 23, 47, 2, 9, 2, 19, 42, 30, 27, 30, 32, 36, 31, 21, 22, 21, 24, 20, 40, 20, 16, 19, 42, 37, 15, 8, 19, 16, 4, 12, 44, 12, 1, 13, 5, 7, 35, 14, 35, 41, 46, 48, 46, 41, 34, 18, 34, 41, 35, 14, 33, 11, 21, 3, 45, 10, 6, 10, 26, 0];1392
2773;50;34;8;-;-;-;-
2774;50;34;8;[0, 2, 49];46;[0, 6, 40, 6, 0, 2, 49, 42, 36, 29, 20, 23, 20, 43, 28, 43, 3, 43, 1, 47, 27, 32, 27, 11, 39, 14, 39, 11, 9, 10, 15, 41, 15, 18, 5, 7, 5, 18, 4, 18, 5, 46, 12, 31, 21, 16, 35, 33, 35, 49, 2, 22, 44, 22, 30, 22, 2, 28, 37, 34, 48, 34, 38, 9, 4, 26, 8, 17, 36, 19, 13, 25, 45, 24, 0];1756
2775;50;34;8;[0, 15, 3, 49];81;[0, 46, 0, 15, 4, 15, 3, 17, 3, 5, 10, 2, 27, 42, 39, 36, 39, 26, 7, 20, 7, 9, 7, 18, 16, 40, 22, 31, 35, 25, 35, 33, 11, 19, 11, 8, 1, 44, 33, 29, 38, 34, 45, 34, 24, 23, 43, 23, 37, 12, 37, 28, 30, 48, 47, 49, 47, 21, 47, 41, 32, 22, 14, 22, 6, 13, 6, 0];1293
2776;50;34;8;[0, 2, 49];89;[0, 1, 45, 31, 45, 27, 45, 26, 39, 35, 39, 49, 6, 32, 41, 44, 38, 44, 18, 47, 18, 30, 18, 34, 43, 39, 17, 39, 18, 44, 10, 44, 37, 33, 36, 33, 24, 22, 24, 15, 28, 48, 28, 15, 17, 3, 25, 40, 25, 3, 21, 46, 20, 14, 19, 12, 8, 42, 16, 11, 8, 12, 23, 7, 23, 20, 13, 24, 2, 5, 9, 4, 9, 5, 29, 5, 2, 0];1630
2777;50;34;8;[0, 32, 7, 21, 48, 49];136;[0, 19, 27, 28, 49, 24, 48, 37, 21, 9, 40, 30, 42, 45, 42, 5, 42, 30, 46, 41, 18, 34, 35, 20, 43, 39, 43, 20, 44, 20, 35, 29, 4, 36, 47, 36, 23, 28, 10, 14, 10, 3, 10, 22, 13, 18, 38, 18, 34, 26, 17, 33, 6, 16, 12, 15, 2, 15, 12, 13, 25, 11, 31, 8, 31, 1, 38, 21, 7, 32, 0];1762
2778;50;34;8;[0, 29, 15, 28, 49];83;[0, 12, 43, 25, 35, 25, 31, 23, 21, 23, 31, 37, 31, 8, 31, 11, 17, 40, 7, 34, 36, 15, 29, 15, 28, 49, 28, 27, 28, 30, 39, 48, 39, 2, 1, 16, 38, 16, 13, 16, 33, 18, 4, 3, 45, 12, 43, 44, 41, 24, 42, 24, 26, 24, 7, 10, 14, 19, 46, 20, 5, 32, 5, 9, 6, 22, 1, 47, 1, 16, 1, 0];1347
2779;50;34;8;-;-;-;-
2780;50;34;13;[0, 3, 4, 6, 49];65;[0, 3, 9, 41, 27, 41, 27, 38, 34, 36, 17, 36, 46, 45, 46, 36, 17, 12, 32, 10, 26, 37, 26, 10, 26, 20, 2, 20, 39, 24, 25, 42, 16, 48, 28, 35, 13, 21, 29, 21, 40, 21, 19, 21, 13, 14, 33, 47, 22, 47, 33, 47, 33, 14, 31, 6, 4, 6, 49, 43, 5, 30, 1, 13, 14, 7, 44, 11, 44, 7, 8, 7, 39, 48, 23, 15, 23, 18, 3, 0];1178
2781;50;34;13;[0, 48, 24, 42, 31, 26, 10, 28, 49];69;[0, 40, 0, 48, 24, 37, 23, 25, 23, 42, 31, 26, 31, 36, 44, 47, 12, 6, 5, 13, 38, 13, 19, 13, 23, 35, 27, 28, 49, 28, 10, 43, 21, 7, 41, 7, 21, 7, 39, 18, 39, 30, 33, 30, 45, 8, 17, 2, 9, 11, 16, 20, 32, 20, 16, 15, 16, 22, 34, 3, 16, 29, 46, 29, 14, 1, 10, 4, 0, 48, 24, 48, 0];1087
2782;50;34;13;[0, 33, 49];67;[0, 2, 8, 2, 22, 2, 28, 44, 9, 3, 9, 15, 27, 15, 6, 11, 4, 48, 24, 31, 38, 16, 38, 12, 29, 37, 13, 37, 40, 37, 29, 39, 34, 46, 34, 36, 10, 36, 32, 35, 47, 33, 42, 33, 18, 43, 18, 1, 18, 33, 20, 5, 26, 5, 20, 24, 28, 45, 25, 21, 23, 14, 41, 14, 23, 19, 49, 17, 7, 39, 29, 30, 0];1011
2783;50;34;13;[0, 17, 15, 42, 49];38;[0, 17, 15, 8, 21, 40, 16, 31, 4, 19, 44, 19, 35, 5, 35, 19, 25, 3, 13, 14, 13, 8, 15, 17, 9, 26, 10, 26, 9, 43, 27, 34, 37, 34, 46, 32, 47, 32, 46, 22, 23, 36, 45, 36, 30, 33, 20, 3, 49, 38, 49, 42, 49, 3, 2, 3, 20, 36, 24, 46, 32, 6, 32, 39, 11, 18, 12, 7, 48, 7, 12, 28, 29, 1, 29, 41, 0];946
2784;50;34;13;[0, 20, 15, 35, 49];96;[0, 36, 18, 8, 16, 2, 16, 24, 4, 6, 4, 15, 35, 49, 35, 13, 35, 15, 17, 22, 15, 20, 28, 39, 42, 30, 42, 39, 33, 39, 32, 1, 23, 27, 19, 3, 29, 12, 11, 47, 48, 40, 38, 44, 38, 43, 14, 5, 40, 45, 9, 45, 41, 31, 41, 37, 25, 34, 25, 37, 41, 46, 26, 46, 21, 10, 7, 11, 32, 1, 0];985
2785;50;34;13;[0, 36, 12, 49];56;[0, 23, 45, 48, 45, 28, 45, 40, 18, 40, 45, 46, 39, 34, 39, 17, 11, 17, 39, 34, 19, 37, 19, 6, 7, 30, 21, 25, 21, 30, 7, 6, 19, 16, 27, 42, 3, 42, 14, 42, 17, 47, 31, 47, 17, 11, 9, 1, 9, 11, 17, 43, 32, 29, 36, 38, 36, 10, 36, 12, 49, 33, 5, 4, 13, 22, 13, 18, 26, 20, 15, 24, 44, 41, 8, 35, 2, 23, 0];917
2786;50;34;13;[0, 24, 38, 7, 49];25;[0, 21, 1, 23, 16, 4, 29, 32, 12, 32, 46, 48, 46, 38, 13, 41, 26, 41, 19, 3, 17, 47, 17, 28, 15, 22, 38, 24, 34, 44, 6, 37, 6, 9, 27, 9, 39, 9, 18, 9, 25, 31, 36, 31, 20, 8, 2, 45, 2, 11, 33, 43, 30, 10, 30, 7, 35, 7, 49, 7, 38, 24, 40, 14, 42, 14, 2, 1, 23, 5, 23, 1, 21, 0];963
2787;50;34;13;[0, 34, 49];69;[0, 41, 0, 39, 19, 46, 19, 44, 29, 28, 29, 11, 33, 10, 32, 10, 47, 48, 42, 4, 42, 49, 42, 10, 15, 9, 17, 31, 12, 6, 12, 25, 12, 30, 23, 30, 12, 8, 13, 16, 37, 16, 26, 18, 26, 16, 38, 36, 38, 19, 22, 3, 7, 43, 35, 45, 35, 20, 21, 5, 21, 20, 3, 8, 14, 27, 24, 1, 40, 23, 34, 2, 34, 0];1023
2788;50;34;13;[0, 21, 27, 49];66;[0, 12, 39, 2, 39, 37, 29, 37, 9, 37, 14, 32, 40, 32, 23, 32, 18, 47, 3, 6, 26, 5, 26, 13, 35, 13, 49, 27, 21, 27, 43, 34, 43, 10, 43, 19, 38, 22, 46, 22, 15, 22, 38, 19, 30, 31, 41, 31, 17, 1, 17, 37, 4, 37, 7, 24, 48, 24, 28, 24, 7, 33, 44, 36, 44, 20, 45, 20, 44, 42, 25, 16, 8, 16, 11, 0];1138
2789;50;34;13;[0, 10, 28, 49];50;[0, 2, 34, 46, 47, 46, 47, 33, 35, 31, 8, 21, 8, 31, 24, 41, 42, 25, 17, 20, 48, 39, 15, 45, 18, 23, 18, 27, 18, 20, 17, 13, 11, 14, 11, 35, 31, 4, 31, 8, 16, 26, 44, 1, 19, 36, 19, 8, 31, 38, 7, 38, 22, 43, 40, 37, 10, 28, 49, 28, 10, 5, 13, 12, 30, 29, 32, 3, 6, 28, 22, 43, 9, 2, 0];1034
2790;50;34;21;[0, 17, 32, 5, 49];48;[0, 35, 19, 21, 28, 15, 42, 34, 42, 15, 37, 39, 43, 39, 17, 39, 13, 27, 13, 26, 13, 4, 13, 11, 6, 21, 28, 36, 25, 30, 25, 49, 5, 3, 5, 49, 44, 40, 20, 47, 20, 31, 32, 31, 45, 41, 45, 22, 8, 48, 23, 1, 7, 2, 18, 31, 33, 1, 23, 29, 23, 1, 33, 10, 9, 10, 38, 12, 44, 40, 14, 16, 14, 19, 46, 24, 0];711
2791;50;34;21;[0, 34, 26, 36, 33, 49];30;[0, 22, 0, 34, 47, 14, 47, 34, 32, 37, 35, 23, 35, 23, 7, 49, 33, 45, 33, 36, 39, 36, 26, 3, 8, 48, 8, 7, 23, 4, 23, 35, 20, 43, 20, 13, 24, 19, 44, 19, 29, 27, 29, 16, 29, 30, 25, 42, 18, 41, 15, 26, 6, 29, 19, 44, 46, 9, 29, 6, 12, 2, 1, 28, 11, 17, 38, 17, 5, 17, 11, 31, 40, 31, 10, 21, 0];653
2792;50;34;21;[0, 9, 1, 45, 49];24;[0, 24, 28, 47, 48, 25, 48, 41, 27, 43, 33, 44, 31, 22, 29, 4, 23, 4, 29, 9, 5, 3, 10, 3, 38, 3, 18, 42, 39, 42, 37, 36, 17, 46, 17, 14, 13, 32, 34, 21, 34, 30, 34, 20, 11, 26, 0, 24, 28, 47, 8, 7, 8, 47, 28, 24, 0, 15, 35, 19, 40, 19, 6, 2, 31, 16, 12, 17, 49, 45, 1, 9, 0, 24, 28, 24, 0];549
2793;50;34;21;[0, 2, 49];5;[0, 2, 13, 45, 47, 45, 20, 11, 14, 11, 4, 11, 46, 34, 26, 15, 9, 23, 33, 23, 24, 23, 37, 31, 37, 43, 37, 27, 37, 16, 1, 19, 1, 32, 1, 28, 17, 44, 17, 28, 49, 2, 13, 18, 48, 18, 22, 18, 35, 12, 29, 25, 29, 39, 29, 12, 5, 41, 42, 36, 42, 41, 6, 3, 10, 3, 6, 30, 6, 8, 38, 8, 7, 24, 23, 11, 4, 40, 2, 49, 2, 13, 2, 49, 21, 0];470
2794;50;34;21;[0, 22, 15, 49];34;[0, 22, 5, 36, 24, 25, 26, 45, 26, 46, 26, 3, 12, 3, 18, 48, 34, 10, 34, 24, 43, 31, 32, 31, 43, 17, 41, 9, 11, 9, 14, 4, 14, 9, 7, 33, 23, 33, 47, 16, 1, 42, 37, 40, 27, 40, 37, 6, 43, 19, 2, 19, 28, 38, 29, 21, 22, 13, 22, 15, 49, 39, 35, 30, 44, 30, 35, 30, 8, 20, 5, 22, 0];668
2795;50;34;21;[0, 3, 49];43;[0, 6, 7, 46, 1, 26, 28, 19, 32, 19, 9, 1, 26, 28, 8, 28, 11, 44, 33, 37, 33, 14, 43, 14, 33, 47, 38, 47, 49, 15, 49, 3, 12, 27, 4, 39, 13, 26, 41, 34, 41, 18, 2, 12, 35, 30, 40, 24, 40, 20, 45, 17, 23, 17, 45, 5, 45, 10, 21, 48, 22, 44, 11, 28, 26, 1, 36, 1, 26, 28, 11, 28, 26, 21, 16, 25, 42, 25, 31, 25, 29, 6, 0];540
2796;50;34;21;[0, 18, 32, 49];16;[0, 30, 16, 35, 36, 15, 25, 26, 7, 27, 24, 27, 45, 21, 31, 21, 45, 21, 38, 19, 23, 28, 47, 33, 9, 21, 36, 41, 6, 11, 17, 10, 29, 46, 39, 20, 39, 4, 34, 22, 34, 36, 48, 8, 5, 37, 14, 37, 11, 42, 43, 13, 40, 12, 40, 44, 2, 35, 49, 32, 18, 3, 1, 3, 18, 0];694
2797;50;34;21;[0, 20, 13, 49];17;[0, 33, 48, 33, 45, 37, 45, 27, 28, 16, 3, 5, 1, 5, 1, 6, 32, 36, 46, 36, 24, 39, 47, 31, 35, 38, 19, 38, 22, 43, 22, 12, 39, 24, 7, 9, 7, 23, 4, 11, 22, 12, 40, 29, 26, 18, 25, 5, 3, 5, 25, 14, 42, 8, 30, 21, 10, 21, 30, 43, 17, 44, 34, 44, 41, 2, 15, 49, 13, 20, 0];544
2798;50;34;21;[0, 18, 13, 6, 36, 49];20;[0, 10, 35, 28, 17, 21, 22, 21, 17, 41, 17, 8, 6, 13, 29, 13, 6, 47, 24, 1, 14, 31, 14, 9, 14, 15, 5, 37, 19, 37, 48, 30, 43, 38, 7, 32, 7, 39, 25, 46, 25, 27, 42, 10, 2, 20, 2, 12, 34, 23, 16, 23, 26, 45, 33, 11, 49, 36, 4, 36, 6, 23, 30, 44, 40, 3, 10, 0, 18, 0];543
2799;50;34;21;[0, 18, 35, 7, 4, 22, 49];28;[0, 12, 0, 5, 17, 5, 0, 34, 46, 34, 41, 27, 41, 21, 23, 20, 23, 20, 47, 22, 4, 7, 4, 37, 24, 36, 44, 36, 14, 36, 33, 43, 42, 11, 16, 20, 23, 33, 10, 40, 49, 45, 49, 6, 9, 25, 28, 13, 28, 25, 1, 25, 2, 38, 29, 38, 3, 38, 2, 15, 8, 2, 23, 26, 48, 39, 19, 39, 48, 30, 31, 35, 18, 35, 32, 35, 31, 30, 31, 35, 31, 35, 18, 0];585
